,winner_name,winner_hand,winner_ht,winner_age,score,tourney_name,minutes,loser_name,loser_hand,loser_ht,loser_age,winner_rank,winner_rank_points,loser_rank,loser_rank_points
0,Grigor Dimitrov,R,191.0,32.6,7-6(5) 6-4,Brisbane,136.0,Holger Rune,R,188.0,20.6,14.0,2570.0,8.0,3660.0
1,Holger Rune,R,188.0,20.6,6-4 7-6(0),Brisbane,97.0,Roman Safiullin,R,185.0,26.4,8.0,3660.0,39.0,1122.0
2,Grigor Dimitrov,R,191.0,32.6,6-3 7-5,Brisbane,109.0,Jordan Thompson,R,183.0,29.7,14.0,2570.0,55.0,902.0
3,Holger Rune,R,188.0,20.6,6-2 7-6(6),Brisbane,105.0,James Duckworth,R,183.0,31.9,8.0,3660.0,116.0,573.0
4,Roman Safiullin,R,185.0,26.4,7-6(4) 6-2,Brisbane,120.0,Matteo Arnaldi,R,185.0,22.8,39.0,1122.0,44.0,1021.0
5,Jordan Thompson,R,183.0,29.7,5-7 7-6(6) 6-3,Brisbane,206.0,Rafael Nadal,L,185.0,37.5,55.0,902.0,672.0,45.0
6,Grigor Dimitrov,R,191.0,32.6,6-1 6-4,Brisbane,78.0,Rinky Hijikata,R,178.0,22.8,14.0,2570.0,71.0,744.0
7,Holger Rune,R,188.0,20.6,6-4 5-7 6-2,Brisbane,147.0,Alexander Shevchenko,R,185.0,23.0,8.0,3660.0,48.0,947.0
8,James Duckworth,R,183.0,31.9,4-6 6-1 7-6(2),Brisbane,145.0,Yannick Hanfmann,R,193.0,32.1,116.0,573.0,51.0,914.0
9,Roman Safiullin,R,185.0,26.4,6-7(9) 6-4 7-6(3),Brisbane,174.0,Alexei Popyrin,R,196.0,24.4,39.0,1122.0,40.0,1084.0
10,Matteo Arnaldi,R,185.0,22.8,6-4 3-6 7-5,Brisbane,124.0,Lukas Klein,R,193.0,25.7,44.0,1021.0,170.0,359.0
11,Rafael Nadal,L,185.0,37.5,6-1 6-2,Brisbane,84.0,Jason Kubler,R,178.0,30.6,672.0,45.0,102.0,631.0
13,Rinky Hijikata,R,178.0,22.8,5-7 6-2 7-6(4),Brisbane,148.0,Tomas Machac,R,183.0,23.2,71.0,744.0,78.0,722.0
14,Grigor Dimitrov,R,191.0,32.6,6-1 6-2,Brisbane,67.0,Daniel Altmaier,R,188.0,25.3,14.0,2570.0,56.0,891.0
15,Holger Rune,R,188.0,20.6,4-6 6-4 6-2,Brisbane,100.0,Max Purcell,R,185.0,25.7,8.0,3660.0,45.0,1012.0
16,Alexander Shevchenko,R,185.0,23.0,6-3 6-2,Brisbane,75.0,Luca Van Assche,R,178.0,19.6,48.0,947.0,90.0,687.0
17,James Duckworth,R,183.0,31.9,6-3 6-4,Brisbane,63.0,J J Wolf,R,183.0,25.0,116.0,573.0,53.0,910.0
18,Yannick Hanfmann,R,193.0,32.1,7-5 6-4,Brisbane,96.0,Sebastian Korda,R,196.0,23.4,51.0,914.0,24.0,1530.0
19,Roman Safiullin,R,185.0,26.4,6-3 6-7(5) 6-3,Brisbane,157.0,Ben Shelton,L,193.0,21.2,39.0,1122.0,17.0,2145.0
20,Alexei Popyrin,R,196.0,24.4,6-4 6-7(5) 7-6(4),Brisbane,185.0,Christopher Oconnell,R,183.0,29.5,40.0,1084.0,68.0,780.0
21,Matteo Arnaldi,R,185.0,22.8,6-7(5) 6-4 7-6(7),Brisbane,187.0,Marton Fucsovics,R,188.0,31.8,44.0,1021.0,59.0,882.0
22,Lukas Klein,R,193.0,25.7,4-6 6-3 6-4,Brisbane,134.0,Sebastian Baez,R,170.0,23.0,170.0,359.0,28.0,1435.0
24,Rafael Nadal,L,185.0,37.5,7-5 6-1,Brisbane,89.0,Dominic Thiem,R,185.0,30.3,672.0,45.0,98.0,652.0
25,Jordan Thompson,R,183.0,29.7,6-3 6-2,Brisbane,96.0,Aleksandar Vukic,R,188.0,27.7,55.0,902.0,62.0,835.0
26,Ugo Humbert,L,188.0,25.5,6-4 6-4,Brisbane,95.0,Alex Michelsen,R,193.0,19.3,20.0,1765.0,97.0,653.0
27,Tomas Machac,R,183.0,23.2,6-7(5) 7-5 7-6(1),Brisbane,189.0,Tomas Martin Etcheverry,R,196.0,24.4,78.0,722.0,30.0,1375.0
28,Rinky Hijikata,R,178.0,22.8,7-6(8) 6-2,Brisbane,97.0,Thanasi Kokkinakis,R,193.0,27.7,71.0,744.0,65.0,802.0
29,Daniel Altmaier,R,188.0,25.3,7-6(5) 7-6(4),Brisbane,121.0,Li Tu,R,183.0,27.5,56.0,891.0,225.0,280.0
30,Grigor Dimitrov,R,191.0,32.6,4-6 7-5 6-2,Brisbane,147.0,Andy Murray,R,191.0,36.6,14.0,2570.0,42.0,1050.0
31,Alexander Zverev,R,198.0,26.6,6-7(3) 7-6(6) 6-4,United Cup,179.0,Hubert Hurkacz,R,196.0,26.8,7.0,3985.0,9.0,3245.0
32,Hubert Hurkacz,R,196.0,26.8,6-3 7-5,United Cup,101.0,Adrian Mannarino,L,180.0,35.5,9.0,3245.0,22.0,1755.0
33,Alex De Minaur,R,183.0,24.8,5-7 6-3 6-4,United Cup,160.0,Alexander Zverev,R,198.0,26.6,12.0,2740.0,7.0,3985.0
34,Hubert Hurkacz,R,196.0,26.8,6-3 6-4,United Cup,82.0,Zhizhen Zhang,R,193.0,27.2,9.0,3245.0,58.0,885.0
35,Casper Ruud,R,183.0,25.0,6-1 6-4,United Cup,76.0,Adrian Mannarino,L,180.0,35.5,11.0,2825.0,22.0,1755.0
36,Alex De Minaur,R,183.0,24.8,6-4 6-4,United Cup,93.0,Novak Djokovic,R,188.0,36.6,12.0,2740.0,1.0,11245.0
37,Alexander Zverev,R,198.0,26.6,6-4 6-4,United Cup,96.0,Stefanos Tsitsipas,R,193.0,25.3,7.0,3985.0,6.0,4235.0
38,Alejandro Davidovich Fokina,R,183.0,24.5,3-6 6-3 6-4,United Cup,121.0,Hubert Hurkacz,R,196.0,26.8,26.0,1495.0,9.0,3245.0
39,Hubert Hurkacz,R,196.0,26.8,6-7(4) 6-2 6-3,United Cup,141.0,Thiago Seyboth Wild,R,185.0,23.8,9.0,3245.0,79.0,718.0
40,Alejandro Davidovich Fokina,R,183.0,24.5,6-4 6-0,United Cup,88.0,Thiago Seyboth Wild,R,185.0,23.8,26.0,1495.0,79.0,718.0
41,Stefanos Tsitsipas,R,193.0,25.3,6-2 6-3,United Cup,77.0,Steven Diez,R,175.0,32.7,6.0,4235.0,314.0,170.0
42,Nicolas Jarry,R,201.0,28.2,6-3 3-6 7-5,United Cup,142.0,Stefanos Sakellaridis,R,196.0,19.2,19.0,1810.0,416.0,113.0
43,Nicolas Jarry,R,201.0,28.2,7-5 6-4,United Cup,118.0,Steven Diez,R,175.0,32.7,19.0,1810.0,314.0,170.0
44,Taylor Fritz,R,196.0,26.1,7-6(5) 6-4,United Cup,105.0,Cameron Norrie,L,188.0,28.3,10.0,3100.0,18.0,1940.0
45,Alex De Minaur,R,183.0,24.8,6-4 6-2,United Cup,89.0,Taylor Fritz,R,196.0,26.1,12.0,2740.0,10.0,3100.0
46,Cameron Norrie,L,188.0,28.3,6-4 2-6 7-6(2),United Cup,140.0,Alex De Minaur,R,183.0,24.8,18.0,1940.0,12.0,2740.0
47,Adrian Mannarino,L,180.0,35.5,6-4 6-4,United Cup,109.0,Lorenzo Sonego,R,191.0,28.6,22.0,1755.0,46.0,990.0
48,Alexander Zverev,R,198.0,26.6,4-6 6-4 6-3,United Cup,145.0,Adrian Mannarino,L,180.0,35.5,7.0,3985.0,22.0,1755.0
49,Alexander Zverev,R,198.0,26.6,6-7(5) 6-3 6-4,United Cup,172.0,Lorenzo Sonego,R,191.0,28.6,7.0,3985.0,46.0,990.0
50,Zhizhen Zhang,R,193.0,27.2,5-7 6-3 6-4,United Cup,140.0,Jiri Lehecka,R,185.0,22.1,58.0,885.0,31.0,1372.0
51,Novak Djokovic,R,188.0,36.6,6-1 6-7(3) 6-1,United Cup,136.0,Jiri Lehecka,R,185.0,22.1,1.0,11245.0,31.0,1372.0
52,Novak Djokovic,R,188.0,36.6,6-3 6-2,United Cup,72.0,Zhizhen Zhang,R,193.0,27.2,1.0,11245.0,58.0,885.0
53,Borna Coric,R,188.0,27.1,7-6(4) 6-4,United Cup,120.0,Tallon Griekspoor,R,188.0,27.4,37.0,1135.0,23.0,1640.0
54,Casper Ruud,R,183.0,25.0,6-4 6-1,United Cup,89.0,Borna Coric,R,188.0,27.1,11.0,2825.0,37.0,1135.0
55,Casper Ruud,R,183.0,25.0,6-3 6-4,United Cup,71.0,Tallon Griekspoor,R,188.0,27.4,11.0,2825.0,23.0,1640.0
56,Andrey Rublev,R,188.0,26.1,6-4 6-4,Hong Kong,77.0,Emil Ruusuvuori,R,188.0,24.7,5.0,4805.0,69.0,771.0
57,Andrey Rublev,R,188.0,26.1,4-6 6-2 6-3,Hong Kong,129.0,Juncheng Shang,L,180.0,18.9,5.0,4805.0,183.0,335.0
58,Emil Ruusuvuori,R,188.0,24.7,4-6 7-5 6-3,Hong Kong,132.0,Sebastian Ofner,R,191.0,27.6,69.0,771.0,43.0,1048.0
59,Andrey Rublev,R,188.0,26.1,6-4 1-6 6-2,Hong Kong,112.0,Arthur Fils,R,185.0,19.5,5.0,4805.0,36.0,1158.0
60,Juncheng Shang,L,180.0,18.9,6-4 6-4,Hong Kong,89.0,Frances Tiafoe,R,188.0,25.9,183.0,335.0,16.0,2310.0
61,Sebastian Ofner,R,191.0,27.6,6-4 6-4,Hong Kong,84.0,Roberto Bautista Agut,R,183.0,35.7,43.0,1048.0,57.0,886.0
62,Emil Ruusuvuori,R,188.0,24.7,6-3 7-6(4),Hong Kong,108.0,Pavel Kotov,R,191.0,25.1,69.0,771.0,67.0,791.0
63,Andrey Rublev,R,188.0,26.1,6-4 7-6(8),Hong Kong,110.0,Liam Broady,L,183.0,29.9,5.0,4805.0,108.0,608.0
64,Arthur Fils,R,185.0,19.5,7-5 7-5,Hong Kong,120.0,Marc Andrea Huesler,L,196.0,27.5,36.0,1158.0,194.0,312.0
65,Frances Tiafoe,R,188.0,25.9,6-3 7-6(4),Hong Kong,92.0,Miomir Kecmanovic,R,183.0,24.3,16.0,2310.0,54.0,905.0
66,Juncheng Shang,L,180.0,18.9,6-7(5) 7-6(2) 7-6(2),Hong Kong,212.0,Botic Van De Zandschulp,R,191.0,28.2,183.0,335.0,50.0,930.0
67,Sebastian Ofner,R,191.0,27.6,6-7(4) 7-6(5) 7-6(2),Hong Kong,167.0,Jan Lennard Struff,R,193.0,33.6,43.0,1048.0,25.0,1522.0
68,Roberto Bautista Agut,R,183.0,35.7,7-5 6-3,Hong Kong,99.0,Francisco Cerundolo,R,185.0,25.3,57.0,886.0,21.0,1760.0
69,Pavel Kotov,R,191.0,25.1,6-4 6-3,Hong Kong,101.0,Lorenzo Musetti,R,185.0,21.8,67.0,791.0,27.0,1470.0
70,Emil Ruusuvuori,R,188.0,24.7,7-6(2) 2-6 6-2,Hong Kong,145.0,Karen Khachanov,R,198.0,27.6,69.0,771.0,15.0,2520.0
71,Liam Broady,L,183.0,29.9,6-4 6-0,Hong Kong,69.0,Pedro Cachin,R,185.0,28.7,108.0,608.0,70.0,763.0
72,Marc Andrea Huesler,L,196.0,27.5,6-4 6-4,Hong Kong,86.0,Vitaliy Sachko,R,188.0,26.4,194.0,312.0,169.0,360.0
73,Arthur Fils,R,185.0,19.5,6-3 4-6 6-1,Hong Kong,108.0,Borna Gojo,R,196.0,25.8,36.0,1158.0,72.0,744.0
74,Miomir Kecmanovic,R,183.0,24.3,6-3 6-2,Hong Kong,70.0,Taro Daniel,R,191.0,30.9,54.0,905.0,75.0,737.0
75,Botic Van De Zandschulp,R,191.0,28.2,7-5 6-1,Hong Kong,97.0,Shintaro Mochizuki,R,175.0,20.5,50.0,930.0,137.0,457.0
76,Juncheng Shang,L,180.0,18.9,6-7(5) 6-3 7-6(8),Hong Kong,171.0,Laslo Djere,R,188.0,28.5,183.0,335.0,33.0,1285.0
77,Jan Lennard Struff,R,193.0,33.6,3-6 7-6(4) 7-6(7),Hong Kong,186.0,Marin Cilic,R,198.0,35.2,25.0,1522.0,674.0,45.0
78,Sebastian Ofner,R,191.0,27.6,6-1 6-2,Hong Kong,61.0,Mackenzie Mcdonald,R,178.0,28.7,43.0,1048.0,41.0,1055.0
79,Roberto Bautista Agut,R,183.0,35.7,6-2 6-3,Hong Kong,68.0,Fabian Marozsan,R,193.0,24.2,57.0,886.0,64.0,805.0
81,Pavel Kotov,R,191.0,25.1,6-2 6-4,Hong Kong,88.0,Nuno Borges,R,185.0,26.8,67.0,791.0,66.0,799.0
82,Emil Ruusuvuori,R,188.0,24.7,6-7(5) 6-2 6-1,Hong Kong,157.0,Benjamin Bonzi,R,183.0,27.5,69.0,771.0,73.0,738.0
83,Jiri Lehecka,R,185.0,22.1,4-6 6-4 6-3,Adelaide,128.0,Jack Draper,L,193.0,22.0,32.0,1337.0,62.0,836.0
84,Jack Draper,L,193.0,22.0,7-6(2) 6-4,Adelaide,96.0,Alexander Bublik,R,196.0,26.5,62.0,836.0,31.0,1369.0
85,Jiri Lehecka,R,185.0,22.1,6-2 6-1,Adelaide,72.0,Sebastian Korda,R,196.0,23.5,32.0,1337.0,29.0,1380.0
86,Jack Draper,L,193.0,22.0,6-1 6-4,Adelaide,80.0,Tommy Paul,R,185.0,26.6,62.0,836.0,14.0,2665.0
87,Alexander Bublik,R,196.0,26.5,6-3 6-7(4) 7-5,Adelaide,158.0,Lorenzo Musetti,R,185.0,21.8,31.0,1369.0,25.0,1435.0
88,Sebastian Korda,R,196.0,23.5,6-4 6-4,Adelaide,89.0,Christopher Oconnell,R,183.0,29.5,29.0,1380.0,71.0,780.0
89,Jiri Lehecka,R,185.0,22.1,6-4 7-5,Adelaide,100.0,Nicolas Jarry,R,201.0,28.2,32.0,1337.0,18.0,1830.0
90,Tommy Paul,R,185.0,26.6,6-3 6-2,Adelaide,69.0,Alex Bolt,L,183.0,31.0,14.0,2665.0,325.0,159.0
91,Jack Draper,L,193.0,22.0,5-7 7-6(9) 7-6(7),Adelaide,219.0,Miomir Kecmanovic,R,183.0,24.3,62.0,836.0,55.0,910.0
92,Lorenzo Musetti,R,185.0,21.8,6-4 6-1,Adelaide,85.0,Jordan Thompson,R,183.0,29.7,25.0,1435.0,47.0,982.0
93,Alexander Bublik,R,196.0,26.5,4-6 6-2 6-1,Adelaide,122.0,Daniel Evans,R,175.0,33.6,31.0,1369.0,40.0,1096.0
94,Christopher Oconnell,R,183.0,29.5,6-3 6-1,Adelaide,60.0,Alexander Shevchenko,R,185.0,23.1,71.0,780.0,48.0,961.0
95,Sebastian Korda,R,196.0,23.5,6-4 7-6(10),Adelaide,104.0,Lorenzo Sonego,R,191.0,28.6,29.0,1380.0,46.0,990.0
96,Jiri Lehecka,R,185.0,22.1,7-5 4-6 6-3,Adelaide,139.0,Dusan Lajovic,R,183.0,33.5,32.0,1337.0,52.0,914.0
97,Nicolas Jarry,R,201.0,28.2,6-7(5) 7-6(7) 6-4,Adelaide,207.0,Matteo Arnaldi,R,185.0,22.8,18.0,1830.0,41.0,1062.0
98,Alex Bolt,L,183.0,31.0,6-3 6-2,Adelaide,72.0,Thiago Seyboth Wild,R,185.0,23.8,325.0,159.0,78.0,714.0
99,Miomir Kecmanovic,R,183.0,24.3,6-4 6-2,Adelaide,73.0,Mackenzie Mcdonald,R,178.0,28.7,55.0,910.0,42.0,1055.0
100,Jack Draper,L,193.0,22.0,6-1 6-3,Adelaide,78.0,Sebastian Baez,R,170.0,23.0,62.0,836.0,26.0,1435.0
101,Jordan Thompson,R,183.0,29.7,6-2 6-2,Adelaide,84.0,Facundo Diaz Acosta,L,183.0,23.0,47.0,982.0,93.0,655.0
102,Daniel Evans,R,175.0,33.6,6-3 6-4,Adelaide,98.0,Rinky Hijikata,R,178.0,22.8,40.0,1096.0,70.0,782.0
103,Alexander Bublik,R,196.0,26.5,6-2 6-3,Adelaide,77.0,James Mccabe,R,188.0,20.5,31.0,1369.0,278.0,207.0
104,Alexander Shevchenko,R,185.0,23.1,7-6(4) 4-6 7-5,Adelaide,176.0,Tomas Martin Etcheverry,R,196.0,24.4,48.0,961.0,30.0,1375.0
105,Christopher Oconnell,R,183.0,29.5,6-4 6-4,Adelaide,87.0,Arthur Rinderknech,R,196.0,28.4,71.0,780.0,97.0,626.0
106,Lorenzo Sonego,R,191.0,28.6,7-5 2-6 7-6(9),Adelaide,172.0,Yannick Hanfmann,R,193.0,32.1,46.0,990.0,49.0,929.0
107,Jiri Lehecka,R,185.0,22.1,6-1 6-3,Adelaide,70.0,Adam Walton,R,183.0,24.7,32.0,1337.0,176.0,348.0
108,Dusan Lajovic,R,183.0,33.5,3-6 6-1 6-4,Adelaide,131.0,Thanasi Kokkinakis,R,193.0,27.7,52.0,914.0,68.0,792.0
109,Matteo Arnaldi,R,185.0,22.8,6-4 6-3,Adelaide,101.0,Bernabe Zapata Miralles,R,183.0,26.9,41.0,1062.0,77.0,715.0
110,Alejandro Tabilo,L,188.0,26.6,6-2 7-5,Auckland,96.0,Taro Daniel,R,191.0,30.9,82.0,707.0,74.0,739.0
111,Taro Daniel,R,191.0,30.9,7-5 7-6(9),Auckland,120.0,Ben Shelton,L,193.0,21.2,74.0,739.0,16.0,2145.0
112,Alejandro Tabilo,L,188.0,26.6,6-2 7-5,Auckland,108.0,Arthur Fils,R,185.0,19.5,82.0,707.0,35.0,1208.0
113,Ben Shelton,L,193.0,21.2,6-4 6-3,Auckland,100.0,Roberto Carballes Baena,R,183.0,30.7,16.0,2145.0,67.0,796.0
114,Taro Daniel,R,191.0,30.9,6-4 6-7(3) 6-3,Auckland,159.0,Alexandre Muller,R,183.0,26.9,74.0,739.0,79.0,711.0
117,Ben Shelton,L,193.0,21.2,6-3 6-4,Auckland,71.0,Fabian Marozsan,R,193.0,24.2,16.0,2145.0,65.0,805.0
118,Roberto Carballes Baena,R,183.0,30.7,7-5 6-3,Auckland,101.0,Sebastian Ofner,R,191.0,27.6,67.0,796.0,37.0,1132.0
119,Alexandre Muller,R,183.0,26.9,6-1 6-1,Auckland,66.0,Francisco Cerundolo,R,185.0,25.4,79.0,711.0,22.0,1760.0
120,Taro Daniel,R,191.0,30.9,6-2 6-4,Auckland,75.0,Max Purcell,R,185.0,25.7,74.0,739.0,45.0,1006.0
121,Arthur Fils,R,185.0,19.5,6-2 6-0,Auckland,51.0,Nuno Borges,R,185.0,26.8,35.0,1208.0,66.0,799.0
122,Daniel Altmaier,R,188.0,25.3,7-6(9) 7-5,Auckland,154.0,Felix Auger Aliassime,R,193.0,23.4,57.0,906.0,27.0,1425.0
123,Alejandro Tabilo,L,188.0,26.6,7-5 6-3,Auckland,82.0,Botic Van De Zandschulp,R,191.0,28.2,82.0,707.0,59.0,865.0
124,Cameron Norrie,L,188.0,28.3,6-3 6-7(6) 6-1,Auckland,148.0,Luca Van Assche,R,178.0,19.6,19.0,1810.0,87.0,687.0
125,Fabian Marozsan,R,193.0,24.2,6-4 6-7(6) 7-6(4),Auckland,155.0,Gael Monfils,R,193.0,37.3,65.0,805.0,75.0,737.0
126,Roberto Carballes Baena,R,183.0,30.7,6-4 6-3,Auckland,104.0,Roberto Bautista Agut,R,183.0,35.7,67.0,796.0,51.0,916.0
127,Sebastian Ofner,R,191.0,27.6,6-4 6-2,Auckland,68.0,Denis Shapovalov,L,185.0,24.7,37.0,1132.0,116.0,560.0
128,Alexandre Muller,R,183.0,26.9,6-3 7-5,Auckland,98.0,Benjamin Bonzi,R,183.0,27.5,79.0,711.0,110.0,588.0
129,Taro Daniel,R,191.0,30.9,7-5 7-5,Auckland,99.0,Aleksandar Vukic,R,188.0,27.7,74.0,739.0,63.0,835.0
130,Max Purcell,R,185.0,25.7,6-4 6-4,Auckland,87.0,Kiranpal Pannu,R,185.0,27.0,45.0,1006.0,716.0,37.0
131,Arthur Fils,R,185.0,19.5,6-3 6-4,Auckland,69.0,Richard Gasquet,R,183.0,37.5,35.0,1208.0,76.0,735.0
132,Nuno Borges,R,185.0,26.8,0-6 7-6(6) 6-3,Auckland,118.0,Alex Michelsen,R,193.0,19.3,66.0,799.0,92.0,659.0
133,Daniel Altmaier,R,188.0,25.3,7-6(5) 6-2,Auckland,92.0,Marcos Giron,R,180.0,30.4,57.0,906.0,60.0,860.0
134,Botic Van De Zandschulp,R,191.0,28.2,7-6(5) 6-2,Auckland,96.0,Christopher Eubanks,R,201.0,27.6,59.0,865.0,34.0,1235.0
135,Alejandro Tabilo,L,188.0,26.6,1-6 6-3 6-2,Auckland,91.0,Borna Gojo,R,196.0,25.8,82.0,707.0,91.0,664.0
136,Luca Van Assche,R,178.0,19.6,6-4 6-2,Auckland,93.0,J J Wolf,R,183.0,25.0,87.0,687.0,54.0,910.0
137,Novak Djokovic,R,188.0,36.6,6-2 6-7(5) 6-3 6-4,Australian Open,241.0,Dino Prizmic,R,188.0,18.4,1.0,11055.0,187.0,321.0
138,Alexei Popyrin,R,196.0,24.4,6-3 7-6(3) 6-2,Australian Open,148.0,Marc Polmans,R,188.0,26.7,43.0,1052.0,154.0,406.0
139,Gael Monfils,R,193.0,37.3,6-4 6-3 7-5,Australian Open,139.0,Yannick Hanfmann,R,193.0,32.1,76.0,737.0,52.0,929.0
140,Tomas Martin Etcheverry,R,196.0,24.4,6-4 6-2 6-2,Australian Open,143.0,Andy Murray,R,191.0,36.6,32.0,1375.0,44.0,1050.0
141,Adrian Mannarino,L,180.0,35.5,6-4 3-6 5-7 6-3 6-0,Australian Open,216.0,Stan Wawrinka,R,183.0,38.8,19.0,1765.0,56.0,907.0
142,Jaume Munar,R,183.0,26.6,6-3 6-3 6-1,Australian Open,115.0,Alexander Shevchenko,R,185.0,23.1,82.0,706.0,48.0,975.0
143,Christopher Oconnell,R,183.0,29.6,3-6 7-5 4-6 6-1 7-5,Australian Open,261.0,Cristian Garin,R,185.0,27.6,68.0,814.0,86.0,680.0
144,Ben Shelton,L,193.0,21.2,6-2 7-6(2) 7-5,Australian Open,166.0,Roberto Bautista Agut,R,183.0,35.7,16.0,2225.0,72.0,776.0
145,Taylor Fritz,R,196.0,26.2,4-6 6-3 3-6 6-2 6-4,Australian Open,243.0,Facundo Diaz Acosta,L,183.0,23.0,12.0,2840.0,90.0,661.0
146,Hugo Gaston,L,173.0,23.3,6-3 6-2 3-6 6-4,Australian Open,174.0,Roberto Carballes Baena,R,183.0,30.8,97.0,626.0,63.0,846.0
148,Francisco Cerundolo,R,185.0,25.4,3-6 6-3 6-4 2-6 6-2,Australian Open,203.0,Dane Sweeny,R,170.0,22.9,21.0,1760.0,257.0,228.0
149,Lorenzo Musetti,R,185.0,21.8,7-6(3) 7-6(4) 4-6 6-2,Australian Open,214.0,Benjamin Bonzi,R,183.0,27.6,28.0,1440.0,106.0,588.0
150,Luca Van Assche,R,178.0,19.6,6-7(2) 6-3 3-6 6-3 6-3,Australian Open,212.0,James Duckworth,R,183.0,31.9,79.0,715.0,95.0,628.0
151,Jordan Thompson,R,183.0,29.7,3-6 7-6(3) 6-2 3-6 6-4,Australian Open,248.0,Aleksandar Vukic,R,188.0,27.7,47.0,982.0,64.0,835.0
152,Stefanos Tsitsipas,R,193.0,25.4,5-7 6-1 6-1 6-3,Australian Open,179.0,Zizou Bergs,R,185.0,24.6,7.0,4025.0,129.0,508.0
153,Jannik Sinner,R,191.0,22.4,6-4 7-5 6-3,Australian Open,154.0,Botic Van De Zandschulp,R,191.0,28.2,4.0,6490.0,59.0,890.0
154,Jesper De Jong,R,180.0,23.6,4-6 6-2 6-3 6-4,Australian Open,153.0,Pedro Cachin,R,185.0,28.7,161.0,393.0,74.0,763.0
155,Daniel Elahi Galan,R,191.0,27.5,2-6 6-3 7-6(3) 4-6 7-6(8),Australian Open,299.0,Jason Kubler,R,178.0,30.6,87.0,676.0,113.0,561.0
157,Frances Tiafoe,R,188.0,25.9,6-3 7-6(7) 2-6 6-3,Australian Open,208.0,Borna Coric,R,188.0,27.1,17.0,2100.0,40.0,1100.0
158,Tomas Machac,R,183.0,23.2,7-5 6-1 7-5,Australian Open,150.0,Shintaro Mochizuki,R,175.0,20.6,75.0,748.0,136.0,457.0
159,Aleksandar Kovacevic,R,183.0,25.3,6-7(2) 7-6(7) 1-6 6-1 6-3,Australian Open,202.0,Alejandro Tabilo,L,188.0,26.6,101.0,611.0,49.0,970.0
160,Karen Khachanov,R,198.0,27.6,5-7 6-3 7-6(5) 7-6(3),Australian Open,242.0,Daniel Altmaier,R,188.0,25.3,15.0,2430.0,50.0,946.0
162,Matteo Arnaldi,R,185.0,22.8,7-6(5) 6-2 6-4,Australian Open,156.0,Adam Walton,R,183.0,24.7,41.0,1077.0,174.0,354.0
163,Pavel Kotov,R,191.0,25.1,7-5 6-1 6-7(6) 6-7(5) 6-3,Australian Open,282.0,Arthur Rinderknech,R,196.0,28.4,65.0,835.0,94.0,629.0
164,Flavio Cobolli,R,183.0,21.6,6-4 3-6 6-3 2-6 7-5,Australian Open,241.0,Nicolas Jarry,R,201.0,28.2,100.0,617.0,18.0,1870.0
165,Sebastian Korda,R,196.0,23.5,6-1 6-4 2-6 4-6 6-2,Australian Open,185.0,Vit Kopriva,R,178.0,26.5,26.0,1480.0,132.0,498.0
166,Quentin Halys,R,191.0,27.2,4-6 7-6(5) 7-5 7-6(2),Australian Open,187.0,Lloyd Harris,R,193.0,26.8,110.0,575.0,167.0,371.0
167,Christopher Eubanks,R,201.0,27.6,6-4 6-2 6-3,Australian Open,99.0,Taro Daniel,R,191.0,30.9,35.0,1215.0,58.0,893.0
168,Andrey Rublev,R,188.0,26.2,7-5 6-4 3-6 4-6 7-6(6),Australian Open,222.0,Thiago Seyboth Wild,R,185.0,23.8,5.0,5010.0,77.0,718.0
169,Holger Rune,R,188.0,20.7,6-2 4-6 7-6(3) 6-4,Australian Open,205.0,Yoshihito Nishioka,L,170.0,28.3,8.0,3815.0,61.0,865.0
170,Arthur Cazaux,R,183.0,21.3,6-2 6-7(3) 6-2 3-6 6-2,Australian Open,206.0,Laslo Djere,R,188.0,28.6,122.0,529.0,33.0,1250.0
171,Arthur Fils,R,185.0,19.5,4-6 7-5 6-2 6-3,Australian Open,163.0,Jiri Vesely,L,198.0,30.5,34.0,1233.0,293.0,188.0
172,Tallon Griekspoor,R,188.0,27.5,2-6 3-6 7-6(3) 6-4 7-5,Australian Open,230.0,Roman Safiullin,R,185.0,26.4,31.0,1410.0,36.0,1190.0
173,Ugo Humbert,L,188.0,25.5,6-2 7-5 5-7 6-3,Australian Open,176.0,David Goffin,R,180.0,33.1,20.0,1765.0,112.0,570.0
174,Zhizhen Zhang,R,193.0,27.2,6-4 7-6(3) 7-6(5),Australian Open,153.0,Federico Coria,R,180.0,31.8,54.0,911.0,84.0,694.0
175,Jakub Mensik,R,193.0,18.3,6-3 7-5 7-5,Australian Open,139.0,Denis Shapovalov,L,185.0,24.7,142.0,433.0,114.0,560.0
176,Hubert Hurkacz,R,196.0,26.9,7-6(4) 6-4 6-2,Australian Open,131.0,Omar Jasika,L,183.0,26.6,9.0,3320.0,343.0,148.0
177,Grigor Dimitrov,R,191.0,32.6,4-6 6-3 7-6(1) 6-2,Australian Open,207.0,Marton Fucsovics,R,188.0,31.9,13.0,2775.0,70.0,782.0
178,Thanasi Kokkinakis,R,193.0,27.7,7-6(1) 2-6 6-7(4) 6-1 7-6(8),Australian Open,258.0,Sebastian Ofner,R,191.0,27.6,80.0,711.0,37.0,1141.0
179,Nuno Borges,R,185.0,26.9,7-5 7-6(3) 6-2,Australian Open,149.0,Maximilian Marterer,L,188.0,28.5,69.0,814.0,96.0,626.0
180,Alejandro Davidovich Fokina,R,183.0,24.6,6-4 6-4 7-6(5),Australian Open,166.0,Constant Lestienne,R,180.0,31.6,24.0,1530.0,99.0,619.0
181,Felix Auger Aliassime,R,193.0,23.4,6-3 7-5 6-7(5) 5-7 6-3,Australian Open,299.0,Dominic Thiem,R,185.0,30.3,30.0,1425.0,92.0,654.0
182,Hugo Grenier,R,196.0,27.8,2-6 7-6(3) 4-6 6-4 7-6(7),Australian Open,259.0,Alexandre Muller,R,183.0,26.9,178.0,340.0,73.0,774.0
183,Emil Ruusuvuori,R,188.0,24.7,4-6 6-3 6-4 7-6(4),Australian Open,181.0,Patrick Kypson,R,188.0,24.2,53.0,921.0,183.0,330.0
185,Alexander Zverev,R,198.0,26.7,4-6 6-3 7-6(3) 6-3,Australian Open,192.0,Dominik Koepfer,L,180.0,29.7,6.0,4275.0,62.0,858.0
186,Lukas Klein,R,193.0,25.8,7-6(0) 4-6 7-6(3) 6-3,Australian Open,190.0,Soon Woo Kwon,R,180.0,26.1,163.0,391.0,697.0,40.0
187,Alex Michelsen,R,193.0,19.3,7-6(5) 3-6 6-1 6-2,Australian Open,175.0,James Mccabe,R,188.0,20.5,91.0,656.0,269.0,214.0
188,Jiri Lehecka,R,185.0,22.1,6-3 6-2 6-3,Australian Open,102.0,Bernabe Zapata Miralles,R,183.0,27.0,23.0,1555.0,78.0,715.0
189,Cameron Norrie,L,188.0,28.3,6-4 6-4 6-2,Australian Open,135.0,Juan Pablo Varillas,R,185.0,28.2,22.0,1710.0,81.0,709.0
190,Giulio Zeppieri,L,183.0,22.1,6-3 3-6 6-3 7-6(3),Australian Open,146.0,Dusan Lajovic,R,183.0,33.5,133.0,487.0,51.0,939.0
191,Max Purcell,R,185.0,25.7,3-6 7-6(2) 6-4 7-5,Australian Open,172.0,Mate Valkusz,R,183.0,25.4,45.0,1021.0,214.0,291.0
192,Casper Ruud,R,183.0,25.0,6-1 6-3 6-1,Australian Open,126.0,Albert Ramos,L,188.0,35.9,11.0,2910.0,85.0,688.0
193,Tommy Paul,R,185.0,26.6,6-2 6-3 6-3,Australian Open,94.0,Gregoire Barrere,R,183.0,29.9,14.0,2670.0,83.0,696.0
194,Jack Draper,L,193.0,22.0,6-4 3-6 4-6 6-0 6-2,Australian Open,200.0,Marcos Giron,R,180.0,30.4,55.0,911.0,66.0,825.0
195,Miomir Kecmanovic,R,183.0,24.3,4-6 7-5 6-3 6-4,Australian Open,157.0,Yosuke Watanuki,R,180.0,25.7,60.0,890.0,102.0,610.0
196,Jan Lennard Struff,R,193.0,33.7,3-6 6-3 6-2 6-7(2) 7-6(8),Australian Open,230.0,Rinky Hijikata,R,178.0,22.8,25.0,1511.0,71.0,782.0
197,Sumit Nagal,R,178.0,26.4,6-4 6-2 7-6(5),Australian Open,157.0,Alexander Bublik,R,196.0,26.5,137.0,450.0,27.0,1459.0
198,Juncheng Shang,L,180.0,18.9,6-3 1-6 3-6 6-4 6-2,Australian Open,206.0,Mackenzie Mcdonald,R,178.0,28.7,140.0,435.0,42.0,1055.0
199,Lorenzo Sonego,R,191.0,28.6,4-6 7-6(8) 6-2 7-6(4),Australian Open,223.0,Daniel Evans,R,175.0,33.6,46.0,1005.0,38.0,1121.0
200,Carlos Alcaraz,R,183.0,20.6,7-6(5) 6-1 6-2,Australian Open,142.0,Richard Gasquet,R,183.0,37.5,2.0,8855.0,131.0,500.0
201,Novak Djokovic,R,188.0,36.6,6-3 4-6 7-6(4) 6-3,Australian Open,191.0,Alexei Popyrin,R,196.0,24.4,1.0,11055.0,43.0,1052.0
202,Tomas Martin Etcheverry,R,196.0,24.4,6-4 6-4 6-4,Australian Open,133.0,Gael Monfils,R,193.0,37.3,32.0,1375.0,76.0,737.0
203,Adrian Mannarino,L,180.0,35.5,6-3 6-3 1-6 2-6 6-3,Australian Open,204.0,Jaume Munar,R,183.0,26.6,19.0,1765.0,82.0,706.0
204,Ben Shelton,L,193.0,21.2,6-4 6-1 3-6 7-6(5),Australian Open,171.0,Christopher Oconnell,R,183.0,29.6,16.0,2225.0,68.0,814.0
205,Taylor Fritz,R,196.0,26.2,6-0 6-3 6-1,Australian Open,88.0,Hugo Gaston,L,173.0,23.3,12.0,2840.0,97.0,626.0
206,Fabian Marozsan,R,193.0,24.2,7-6(5) 6-4 6-2,Australian Open,121.0,Francisco Cerundolo,R,185.0,25.4,67.0,823.0,21.0,1760.0
207,Luca Van Assche,R,178.0,19.6,6-3 3-6 6-7(5) 6-3 6-0,Australian Open,225.0,Lorenzo Musetti,R,185.0,21.8,79.0,715.0,28.0,1440.0
208,Stefanos Tsitsipas,R,193.0,25.4,4-6 7-6(6) 6-2 7-6(4),Australian Open,216.0,Jordan Thompson,R,183.0,29.7,7.0,4025.0,47.0,982.0
209,Jannik Sinner,R,191.0,22.4,6-2 6-2 6-2,Australian Open,103.0,Jesper De Jong,R,180.0,23.6,4.0,6490.0,161.0,393.0
210,Sebastian Baez,R,170.0,23.0,7-5 2-6 6-2 6-4,Australian Open,194.0,Daniel Elahi Galan,R,191.0,27.5,29.0,1435.0,87.0,676.0
211,Tomas Machac,R,183.0,23.2,6-4 6-4 7-6(5),Australian Open,155.0,Frances Tiafoe,R,188.0,25.9,75.0,748.0,17.0,2100.0
212,Karen Khachanov,R,198.0,27.6,6-4 6-3 4-6 6-3,Australian Open,150.0,Aleksandar Kovacevic,R,183.0,25.3,15.0,2430.0,101.0,611.0
213,Alex De Minaur,R,183.0,24.9,6-3 6-0 6-3,Australian Open,120.0,Matteo Arnaldi,R,185.0,22.8,10.0,2950.0,41.0,1077.0
214,Flavio Cobolli,R,183.0,21.6,7-5 6-3 5-7 6-2,Australian Open,195.0,Pavel Kotov,R,191.0,25.1,100.0,617.0,65.0,835.0
215,Sebastian Korda,R,196.0,23.5,6-4 6-4 6-4,Australian Open,121.0,Quentin Halys,R,191.0,27.2,26.0,1480.0,110.0,575.0
216,Andrey Rublev,R,188.0,26.2,6-4 6-4 6-4,Australian Open,99.0,Christopher Eubanks,R,201.0,27.6,5.0,5010.0,35.0,1215.0
217,Arthur Cazaux,R,183.0,21.3,7-6(4) 6-4 4-6 6-3,Australian Open,202.0,Holger Rune,R,188.0,20.7,122.0,529.0,8.0,3815.0
218,Tallon Griekspoor,R,188.0,27.5,3-6 6-1 7-5 6-4,Australian Open,139.0,Arthur Fils,R,185.0,19.5,31.0,1410.0,34.0,1233.0
219,Ugo Humbert,L,188.0,25.5,6-2 5-7 6-1 7-6(3),Australian Open,170.0,Zhizhen Zhang,R,193.0,27.2,20.0,1765.0,54.0,911.0
220,Hubert Hurkacz,R,196.0,26.9,6-7(9) 6-1 5-7 6-1 6-3,Australian Open,205.0,Jakub Mensik,R,193.0,18.3,9.0,3320.0,142.0,433.0
221,Grigor Dimitrov,R,191.0,32.6,6-3 6-2 4-6 6-4,Australian Open,208.0,Thanasi Kokkinakis,R,193.0,27.7,13.0,2775.0,80.0,711.0
222,Nuno Borges,R,185.0,26.9,7-6(7) 6-3 6-3,Australian Open,138.0,Alejandro Davidovich Fokina,R,183.0,24.6,69.0,814.0,24.0,1530.0
223,Felix Auger Aliassime,R,193.0,23.4,6-1 3-6 6-1 6-2,Australian Open,176.0,Hugo Grenier,R,196.0,27.8,30.0,1425.0,178.0,340.0
224,Daniil Medvedev,R,198.0,27.9,3-6 6-7(1) 6-4 7-6(1) 6-0,Australian Open,263.0,Emil Ruusuvuori,R,188.0,24.7,3.0,7555.0,53.0,921.0
225,Alexander Zverev,R,198.0,26.7,7-5 3-6 4-6 7-6(5) 7-6(7),Australian Open,271.0,Lukas Klein,R,193.0,25.8,6.0,4275.0,163.0,391.0
226,Alex Michelsen,R,193.0,19.3,4-6 6-3 6-4 6-4,Australian Open,170.0,Jiri Lehecka,R,185.0,22.1,91.0,656.0,23.0,1555.0
227,Cameron Norrie,L,188.0,28.3,3-6 6-7(4) 6-2 6-4 6-4,Australian Open,215.0,Giulio Zeppieri,L,183.0,22.1,22.0,1710.0,133.0,487.0
228,Casper Ruud,R,183.0,25.0,6-3 6-7(5) 6-3 3-6 7-6(7),Australian Open,230.0,Max Purcell,R,185.0,25.7,11.0,2910.0,45.0,1021.0
229,Tommy Paul,R,185.0,26.6,6-2 3-6 6-3 7-5,Australian Open,178.0,Jack Draper,L,193.0,22.0,14.0,2670.0,55.0,911.0
230,Miomir Kecmanovic,R,183.0,24.3,6-4 1-6 7-6(5) 1-6 7-6(9),Australian Open,201.0,Jan Lennard Struff,R,193.0,33.7,60.0,890.0,25.0,1511.0
231,Juncheng Shang,L,180.0,18.9,2-6 6-3 7-5 6-4,Australian Open,170.0,Sumit Nagal,R,178.0,26.4,140.0,435.0,137.0,450.0
232,Carlos Alcaraz,R,183.0,20.6,6-4 6-7(3) 6-3 7-6(3),Australian Open,205.0,Lorenzo Sonego,R,191.0,28.6,2.0,8855.0,46.0,1005.0
233,Novak Djokovic,R,188.0,36.6,6-3 6-3 7-6(2),Australian Open,148.0,Tomas Martin Etcheverry,R,196.0,24.4,1.0,11055.0,32.0,1375.0
234,Adrian Mannarino,L,180.0,35.5,7-6(4) 1-6 6-7(2) 6-3 6-4,Australian Open,286.0,Ben Shelton,L,193.0,21.2,19.0,1765.0,16.0,2225.0
235,Taylor Fritz,R,196.0,26.2,3-6 6-4 6-2 6-2,Australian Open,143.0,Fabian Marozsan,R,193.0,24.2,12.0,2840.0,67.0,823.0
236,Stefanos Tsitsipas,R,193.0,25.4,6-3 6-0 6-4,Australian Open,122.0,Luca Van Assche,R,178.0,19.6,7.0,4025.0,79.0,715.0
237,Jannik Sinner,R,191.0,22.4,6-0 6-1 6-3,Australian Open,112.0,Sebastian Baez,R,170.0,23.0,4.0,6490.0,29.0,1435.0
238,Karen Khachanov,R,198.0,27.6,6-4 7-6(4) 4-6 7-6(5),Australian Open,204.0,Tomas Machac,R,183.0,23.2,15.0,2430.0,75.0,748.0
239,Alex De Minaur,R,183.0,24.9,6-3 6-3 6-1,Australian Open,127.0,Flavio Cobolli,R,183.0,21.6,10.0,2950.0,100.0,617.0
240,Andrey Rublev,R,188.0,26.2,6-2 7-6(6) 6-4,Australian Open,119.0,Sebastian Korda,R,196.0,23.5,5.0,5010.0,26.0,1480.0
241,Arthur Cazaux,R,183.0,21.3,6-3 6-3 6-1,Australian Open,106.0,Tallon Griekspoor,R,188.0,27.5,122.0,529.0,31.0,1410.0
242,Hubert Hurkacz,R,196.0,26.9,3-6 6-1 7-6(4) 6-3,Australian Open,167.0,Ugo Humbert,L,188.0,25.5,9.0,3320.0,20.0,1765.0
243,Nuno Borges,R,185.0,26.9,6-7(3) 6-4 6-2 7-6(6),Australian Open,185.0,Grigor Dimitrov,R,191.0,32.6,69.0,814.0,13.0,2775.0
244,Daniil Medvedev,R,198.0,27.9,6-3 6-4 6-3,Australian Open,129.0,Felix Auger Aliassime,R,193.0,23.4,3.0,7555.0,30.0,1425.0
245,Alexander Zverev,R,198.0,26.7,6-2 7-6(4) 6-2,Australian Open,119.0,Alex Michelsen,R,193.0,19.3,6.0,4275.0,91.0,656.0
246,Cameron Norrie,L,188.0,28.3,6-4 6-7(7) 6-4 6-3,Australian Open,183.0,Casper Ruud,R,183.0,25.0,22.0,1710.0,11.0,2910.0
247,Miomir Kecmanovic,R,183.0,24.3,6-4 3-6 2-6 7-6(7) 6-0,Australian Open,237.0,Tommy Paul,R,185.0,26.6,60.0,890.0,14.0,2670.0
249,Novak Djokovic,R,188.0,36.6,6-0 6-0 6-3,Australian Open,104.0,Adrian Mannarino,L,180.0,35.5,1.0,11055.0,19.0,1765.0
250,Taylor Fritz,R,196.0,26.2,7-6(3) 5-7 6-3 6-3,Australian Open,181.0,Stefanos Tsitsipas,R,193.0,25.4,12.0,2840.0,7.0,4025.0
251,Jannik Sinner,R,191.0,22.4,6-4 7-5 6-3,Australian Open,154.0,Karen Khachanov,R,198.0,27.6,4.0,6490.0,15.0,2430.0
252,Andrey Rublev,R,188.0,26.2,6-4 6-7(5) 6-7(4) 6-3 6-0,Australian Open,254.0,Alex De Minaur,R,183.0,24.9,5.0,5010.0,10.0,2950.0
253,Hubert Hurkacz,R,196.0,26.9,7-6(6) 7-6(3) 6-4,Australian Open,148.0,Arthur Cazaux,R,183.0,21.3,9.0,3320.0,122.0,529.0
254,Daniil Medvedev,R,198.0,27.9,6-3 7-6(4) 5-7 6-1,Australian Open,187.0,Nuno Borges,R,185.0,26.9,3.0,7555.0,69.0,814.0
255,Alexander Zverev,R,198.0,26.7,7-5 3-6 6-3 4-6 7-6(3),Australian Open,245.0,Cameron Norrie,L,188.0,28.3,6.0,4275.0,22.0,1710.0
256,Carlos Alcaraz,R,183.0,20.6,6-4 6-4 6-0,Australian Open,109.0,Miomir Kecmanovic,R,183.0,24.3,2.0,8855.0,60.0,890.0
257,Novak Djokovic,R,188.0,36.6,7-6(3) 4-6 6-2 6-3,Australian Open,225.0,Taylor Fritz,R,196.0,26.2,1.0,11055.0,12.0,2840.0
258,Jannik Sinner,R,191.0,22.4,6-4 7-6(5) 6-3,Australian Open,159.0,Andrey Rublev,R,188.0,26.2,4.0,6490.0,5.0,5010.0
259,Daniil Medvedev,R,198.0,27.9,7-6(4) 2-6 6-3 5-7 6-4,Australian Open,239.0,Hubert Hurkacz,R,196.0,26.9,3.0,7555.0,9.0,3320.0
260,Alexander Zverev,R,198.0,26.7,6-1 6-3 6-7(2) 6-4,Australian Open,185.0,Carlos Alcaraz,R,183.0,20.6,6.0,4275.0,2.0,8855.0
261,Jannik Sinner,R,191.0,22.4,6-1 6-2 6-7(6) 6-3,Australian Open,202.0,Novak Djokovic,R,188.0,36.6,4.0,6490.0,1.0,11055.0
262,Daniil Medvedev,R,198.0,27.9,5-7 3-6 7-6(4) 7-6(5) 6-3,Australian Open,258.0,Alexander Zverev,R,198.0,26.7,3.0,7555.0,6.0,4275.0
263,Jannik Sinner,R,191.0,22.4,3-6 3-6 6-4 6-4 6-3,Australian Open,224.0,Daniil Medvedev,R,198.0,27.9,4.0,6490.0,3.0,7555.0
264,Alexander Bublik,R,196.0,26.6,5-7 6-2 6-3,Montpellier,138.0,Borna Coric,R,188.0,27.2,27.0,1459.0,37.0,1154.0
266,Alexander Bublik,R,196.0,26.6,4-6 6-4 6-4,Montpellier,157.0,Felix Auger Aliassime,R,193.0,23.4,27.0,1459.0,30.0,1345.0
267,Holger Rune,R,188.0,20.7,7-6(6) 6-4,Montpellier,122.0,Michael Mmoh,R,188.0,26.0,7.0,3685.0,133.0,497.0
268,Borna Coric,R,188.0,27.2,6-3 6-4,Montpellier,95.0,Flavio Cobolli,R,183.0,21.7,37.0,1154.0,76.0,738.0
269,Felix Auger Aliassime,R,193.0,23.4,7-5 6-1,Montpellier,79.0,Harold Mayot,R,180.0,21.9,30.0,1345.0,144.0,449.0
270,Alexander Bublik,R,196.0,26.6,4-6 6-3 6-4,Montpellier,126.0,Alexander Shevchenko,R,185.0,23.1,27.0,1459.0,59.0,885.0
271,Holger Rune,R,188.0,20.7,7-5 6-2,Montpellier,86.0,Pablo Llamas Ruiz,R,188.0,21.2,7.0,3685.0,156.0,404.0
272,Michael Mmoh,R,188.0,26.0,6-4 6-4,Montpellier,95.0,Alexandre Muller,R,183.0,26.9,133.0,497.0,71.0,768.0
273,Borna Coric,R,188.0,27.2,6-4 6-0,Montpellier,94.0,Pedro Martinez,R,185.0,26.7,37.0,1154.0,99.0,616.0
274,Flavio Cobolli,R,183.0,21.7,6-4 6-1,Montpellier,80.0,Constant Lestienne,R,180.0,31.6,76.0,738.0,106.0,584.0
275,Harold Mayot,R,180.0,21.9,6-1 6-4,Montpellier,70.0,Benoit Paire,R,196.0,34.7,144.0,449.0,112.0,551.0
276,Felix Auger Aliassime,R,193.0,23.4,7-5 2-6 7-6(4),Montpellier,168.0,Arthur Cazaux,R,183.0,21.4,30.0,1345.0,83.0,696.0
277,Alexander Shevchenko,R,185.0,23.1,7-6(3) 2-6 6-3,Montpellier,119.0,Gregoire Barrere,R,183.0,29.9,59.0,885.0,104.0,591.0
278,Alexander Bublik,R,196.0,26.6,1-6 7-6(12) 6-3,Montpellier,145.0,Denis Shapovalov,L,185.0,24.7,27.0,1459.0,137.0,480.0
279,Pablo Llamas Ruiz,R,188.0,21.2,7-6(6) 7-5,Montpellier,114.0,Richard Gasquet,R,183.0,37.6,156.0,404.0,130.0,500.0
280,Michael Mmoh,R,188.0,26.0,6-3 7-5,Montpellier,94.0,Benjamin Bonzi,R,183.0,27.6,133.0,497.0,126.0,508.0
281,Alexandre Muller,R,183.0,26.9,7-6(4) 6-3,Montpellier,98.0,Antoine Escoffier,R,185.0,31.9,71.0,768.0,172.0,354.0
282,Pedro Martinez,R,185.0,26.7,6-4 7-6(3),Montpellier,137.0,Jaume Munar,R,183.0,26.7,99.0,616.0,75.0,746.0
283,Constant Lestienne,R,180.0,31.6,4-6 6-4 6-2,Montpellier,130.0,Bernabe Zapata Miralles,R,183.0,27.0,106.0,584.0,80.0,715.0
284,Flavio Cobolli,R,183.0,21.7,6-7(8) 6-3 6-0,Montpellier,160.0,Gael Monfils,R,193.0,37.4,76.0,738.0,70.0,787.0
285,Benoit Paire,R,196.0,34.7,2-6 7-6(5) 6-3,Montpellier,159.0,Andy Murray,R,191.0,36.7,112.0,551.0,49.0,970.0
286,Harold Mayot,R,180.0,21.9,6-4 7-5,Montpellier,118.0,Lucas Pouille,R,185.0,29.9,144.0,449.0,315.0,172.0
287,Arthur Cazaux,R,183.0,21.4,6-1 6-3,Montpellier,83.0,Maximilian Marterer,L,188.0,28.6,83.0,696.0,92.0,636.0
288,Alexander Shevchenko,R,185.0,23.1,6-4 4-6 6-4,Montpellier,170.0,Dalibor Svrcina,R,178.0,21.3,59.0,885.0,194.0,315.0
289,Gregoire Barrere,R,183.0,29.9,6-7(7) 6-4 6-2,Montpellier,123.0,Ugo Blanchet,R,175.0,25.0,104.0,591.0,214.0,287.0
290,Denis Shapovalov,L,185.0,24.7,6-1 6-3,Montpellier,66.0,Hugo Gaston,L,173.0,23.3,137.0,480.0,88.0,684.0
291,Luciano Darderi,R,183.0,21.9,6-1 6-4,Cordoba,84.0,Facundo Bagnis,L,183.0,33.9,136.0,491.0,207.0,295.0
292,Facundo Bagnis,L,183.0,33.9,6-3 7-5,Cordoba,117.0,Federico Coria,R,180.0,31.9,207.0,295.0,93.0,638.0
293,Luciano Darderi,R,183.0,21.9,6-1 3-6 6-3,Cordoba,142.0,Sebastian Baez,R,170.0,23.1,136.0,491.0,26.0,1525.0
294,Facundo Bagnis,L,183.0,33.9,7-5 6-4,Cordoba,144.0,Jaume Munar,R,183.0,26.7,207.0,295.0,74.0,746.0
295,Federico Coria,R,180.0,31.9,6-3 6-4,Cordoba,109.0,Tomas Martin Etcheverry,R,196.0,24.5,93.0,638.0,29.0,1430.0
296,Luciano Darderi,R,183.0,21.9,7-6(2) 6-1,Cordoba,98.0,Yannick Hanfmann,R,193.0,32.2,136.0,491.0,59.0,889.0
297,Sebastian Baez,R,170.0,23.1,6-3 6-1,Cordoba,65.0,Facundo Diaz Acosta,L,183.0,23.1,26.0,1525.0,95.0,634.0
298,Jaume Munar,R,183.0,26.7,7-5 6-4,Cordoba,114.0,Francisco Cerundolo,R,185.0,25.4,74.0,746.0,22.0,1720.0
299,Facundo Bagnis,L,183.0,33.9,7-6(5) 6-4,Cordoba,152.0,Roberto Carballes Baena,R,183.0,30.8,207.0,295.0,65.0,846.0
300,Tomas Martin Etcheverry,R,196.0,24.5,7-5 6-4,Cordoba,138.0,Bernabe Zapata Miralles,R,183.0,27.0,29.0,1430.0,79.0,715.0
301,Federico Coria,R,180.0,31.9,6-1 6-3,Cordoba,84.0,Albert Ramos,L,188.0,36.0,93.0,638.0,84.0,688.0
302,Yannick Hanfmann,R,193.0,32.2,3-6 6-1 6-4,Cordoba,131.0,Roman Andres Burruchaga,R,183.0,22.0,59.0,889.0,170.0,359.0
303,Luciano Darderi,R,183.0,21.9,6-0 6-3,Cordoba,64.0,Sebastian Ofner,R,191.0,27.7,136.0,491.0,38.0,1091.0
304,Facundo Diaz Acosta,L,183.0,23.1,6-2 6-7(5) 6-2,Cordoba,167.0,Thiago Agustin Tirante,R,185.0,22.8,95.0,634.0,109.0,573.0
305,Sebastian Baez,R,170.0,23.1,4-6 6-3 6-4,Cordoba,135.0,Hugo Dellien,R,180.0,30.6,26.0,1525.0,112.0,559.0
306,Jaume Munar,R,183.0,26.7,6-2 6-4,Cordoba,101.0,Daniel Elahi Galan,R,191.0,27.6,74.0,746.0,78.0,716.0
307,Facundo Bagnis,L,183.0,33.9,6-4 6-2,Cordoba,89.0,Juan Manuel Cerundolo,L,183.0,22.2,207.0,295.0,148.0,435.0
308,Roberto Carballes Baena,R,183.0,30.8,3-6 6-3 6-3,Cordoba,163.0,Mariano Navone,R,178.0,22.9,65.0,846.0,118.0,538.0
310,Albert Ramos,L,188.0,36.0,6-4 3-6 6-1,Cordoba,125.0,Pedro Cachin,R,185.0,28.8,84.0,688.0,73.0,763.0
311,Federico Coria,R,180.0,31.9,5-7 6-3 6-4,Cordoba,164.0,Daniel Altmaier,R,188.0,25.3,93.0,638.0,52.0,946.0
312,Yannick Hanfmann,R,193.0,32.2,5-7 7-6(1) 6-1,Cordoba,170.0,Juan Pablo Varillas,R,185.0,28.3,59.0,889.0,85.0,684.0
313,Roman Andres Burruchaga,R,183.0,22.0,6-1 4-6 6-4,Cordoba,138.0,Diego Schwartzman,R,170.0,31.4,170.0,359.0,117.0,538.0
314,Luciano Darderi,R,183.0,21.9,4-6 6-1 6-2,Cordoba,116.0,Tomas Barrios Vera,R,191.0,26.1,136.0,491.0,108.0,578.0
315,Thiago Agustin Tirante,R,185.0,22.8,6-1 7-6(4),Cordoba,118.0,Francisco Comesana,R,178.0,23.3,109.0,573.0,120.0,534.0
316,Facundo Diaz Acosta,L,183.0,23.1,6-1 6-4,Cordoba,91.0,Federico Agustin Gomez,R,191.0,27.1,95.0,634.0,365.0,135.0
317,Hugo Dellien,R,180.0,30.6,6-4 2-6 6-3,Cordoba,146.0,Thiago Seyboth Wild,R,185.0,23.9,112.0,559.0,81.0,708.0
318,Tommy Paul,R,185.0,26.7,7-6(3) 5-7 6-3,Dallas,152.0,Marcos Giron,R,180.0,30.5,15.0,2050.0,67.0,825.0
319,Marcos Giron,R,180.0,30.5,6-1 6-3,Dallas,74.0,Adrian Mannarino,L,180.0,35.6,67.0,825.0,17.0,1920.0
320,Tommy Paul,R,185.0,26.7,6-2 6-4,Dallas,79.0,Ben Shelton,L,193.0,21.3,15.0,2050.0,16.0,1965.0
321,Marcos Giron,R,180.0,30.5,6-1 6-4,Dallas,63.0,Frances Tiafoe,R,188.0,26.0,67.0,825.0,14.0,2060.0
323,Ben Shelton,L,193.0,21.3,6-7(2) 6-4 6-4,Dallas,150.0,Jordan Thompson,R,183.0,29.7,16.0,1965.0,44.0,1022.0
324,Tommy Paul,R,185.0,26.7,7-5 6-3,Dallas,88.0,Dominik Koepfer,L,180.0,29.7,15.0,2050.0,60.0,868.0
325,Frances Tiafoe,R,188.0,26.0,6-4 6-3,Dallas,78.0,Alex Michelsen,R,193.0,19.4,14.0,2060.0,75.0,741.0
326,Marcos Giron,R,180.0,30.5,6-4 6-3,Dallas,86.0,Max Purcell,R,185.0,25.8,67.0,825.0,43.0,1036.0
328,James Duckworth,R,183.0,32.0,7-6(3) 6-4,Dallas,77.0,Christopher Eubanks,R,201.0,27.7,106.0,591.0,33.0,1220.0
329,Jordan Thompson,R,183.0,29.7,6-1 6-1,Dallas,67.0,Denis Kudla,R,180.0,31.4,44.0,1022.0,174.0,355.0
330,Ben Shelton,L,193.0,21.3,6-3 6-3,Dallas,63.0,Michael Mmoh,R,188.0,26.0,16.0,1965.0,115.0,547.0
331,Dominik Koepfer,L,180.0,29.7,6-3 7-6(5),Dallas,95.0,Rinky Hijikata,R,178.0,22.9,60.0,868.0,88.0,680.0
332,Tommy Paul,R,185.0,26.7,6-3 6-2,Dallas,91.0,Taro Daniel,R,191.0,31.0,15.0,2050.0,62.0,858.0
333,Alex Michelsen,R,193.0,19.4,6-3 3-6 6-1,Dallas,116.0,Tennys Sandgren,R,188.0,32.5,75.0,741.0,281.0,200.0
334,Marcos Giron,R,180.0,30.5,6-1 6-4,Dallas,63.0,Nicolas Moreno De Alboran,R,185.0,26.5,67.0,825.0,154.0,412.0
335,Max Purcell,R,185.0,25.8,6-2 4-6 7-6(3),Dallas,139.0,Mitchell Krueger,R,188.0,30.0,43.0,1036.0,244.0,243.0
336,Yoshihito Nishioka,L,170.0,28.3,7-6(5) 4-6 6-3,Dallas,146.0,Terence Atmane,L,193.0,22.0,83.0,695.0,144.0,453.0
337,James Duckworth,R,183.0,32.0,7-6(3) 6-1,Dallas,75.0,Zachary Svajda,R,175.0,21.1,106.0,591.0,145.0,442.0
338,Christopher Eubanks,R,201.0,27.7,6-1 6-4,Dallas,72.0,Steve Johnson,R,188.0,34.1,33.0,1220.0,246.0,240.0
339,Jordan Thompson,R,183.0,29.7,6-3 6-1,Dallas,78.0,Adam Neff,R,183.0,22.6,44.0,1022.0,829.0,23.0
340,Denis Kudla,R,180.0,31.4,6-3 7-6(3),Dallas,104.0,Radu Albot,R,175.0,34.2,174.0,355.0,137.0,489.0
341,Michael Mmoh,R,188.0,26.0,7-5 6-2,Dallas,90.0,Emilio Nava,R,185.0,22.1,115.0,547.0,149.0,430.0
342,Dominik Koepfer,L,180.0,29.7,6-4 7-6(5),Dallas,88.0,Aleksandar Kovacevic,R,183.0,25.4,60.0,868.0,100.0,616.0
343,Rinky Hijikata,R,178.0,22.9,6-4 6-4,Dallas,98.0,Ethan Quinn,R,191.0,19.9,88.0,680.0,288.0,196.0
345,Ugo Humbert,L,188.0,25.6,6-4 6-3,Marseille,83.0,Grigor Dimitrov,R,191.0,32.7,21.0,1775.0,13.0,2785.0
346,Ugo Humbert,L,188.0,25.6,6-4 6-4,Marseille,82.0,Hubert Hurkacz,R,196.0,26.9,21.0,1775.0,8.0,3540.0
347,Grigor Dimitrov,R,191.0,32.7,6-7(3) 6-4 7-6(5),Marseille,177.0,Karen Khachanov,R,198.0,27.7,13.0,2785.0,18.0,1910.0
348,Hubert Hurkacz,R,196.0,26.9,6-3 6-4,Marseille,62.0,Tomas Machac,R,183.0,23.3,8.0,3540.0,66.0,838.0
349,Ugo Humbert,L,188.0,25.6,6-1 6-4,Marseille,69.0,Alejandro Davidovich Fokina,R,183.0,24.6,21.0,1775.0,24.0,1535.0
350,Karen Khachanov,R,198.0,27.7,6-4 6-1,Marseille,61.0,Zhizhen Zhang,R,193.0,27.3,18.0,1910.0,50.0,951.0
351,Grigor Dimitrov,R,191.0,32.7,6-3 7-6(3),Marseille,86.0,Arthur Rinderknech,R,196.0,28.5,13.0,2785.0,94.0,635.0
352,Hubert Hurkacz,R,196.0,26.9,6-1 6-4,Marseille,65.0,Alexander Shevchenko,R,185.0,23.1,8.0,3540.0,56.0,915.0
353,Tomas Machac,R,183.0,23.3,6-3 6-2,Marseille,83.0,Lorenzo Musetti,R,185.0,21.9,66.0,838.0,27.0,1480.0
354,Ugo Humbert,L,188.0,25.6,2-6 6-1 6-3,Marseille,109.0,Hugo Gaston,L,173.0,23.3,21.0,1775.0,86.0,684.0
355,Alejandro Davidovich Fokina,R,183.0,24.6,6-3 7-5,Marseille,96.0,Emil Ruusuvuori,R,188.0,24.8,24.0,1535.0,55.0,926.0
356,Zhizhen Zhang,R,193.0,27.3,6-4 6-4,Marseille,88.0,Felix Auger Aliassime,R,193.0,23.4,50.0,951.0,28.0,1445.0
357,Karen Khachanov,R,198.0,27.7,6-2 6-2,Marseille,76.0,Roberto Bautista Agut,R,183.0,35.8,18.0,1910.0,102.0,606.0
358,Arthur Rinderknech,R,196.0,28.5,7-5 7-6(5),Marseille,116.0,Jiri Lehecka,R,185.0,22.2,94.0,635.0,32.0,1245.0
359,Grigor Dimitrov,R,191.0,32.7,6-1 7-6(5),Marseille,92.0,Sebastian Korda,R,196.0,23.5,13.0,2785.0,34.0,1220.0
360,Alexander Shevchenko,R,185.0,23.1,7-6(4) 6-4,Marseille,85.0,Benjamin Bonzi,R,183.0,27.6,56.0,915.0,126.0,508.0
361,Tomas Machac,R,183.0,23.3,7-5 6-4,Marseille,97.0,Andy Murray,R,191.0,36.7,66.0,838.0,49.0,970.0
362,Lorenzo Musetti,R,185.0,21.9,6-4 6-2,Marseille,107.0,Maximilian Marterer,L,188.0,28.6,27.0,1480.0,99.0,616.0
363,Hugo Gaston,L,173.0,23.3,7-5 1-6 6-3,Marseille,114.0,Denis Shapovalov,L,185.0,24.8,86.0,684.0,127.0,505.0
364,Emil Ruusuvuori,R,188.0,24.8,7-6(2) 6-4,Marseille,92.0,Luca Van Assche,R,178.0,19.7,55.0,926.0,68.0,814.0
365,Alejandro Davidovich Fokina,R,183.0,24.6,4-6 6-4 6-4,Marseille,124.0,Gregoire Barrere,R,183.0,29.9,24.0,1535.0,105.0,596.0
366,Felix Auger Aliassime,R,193.0,23.4,6-2 7-5,Marseille,78.0,Quentin Halys,R,191.0,27.2,28.0,1445.0,101.0,615.0
367,Zhizhen Zhang,R,193.0,27.3,6-7(7) 6-1 6-4,Marseille,129.0,Giulio Zeppieri,L,183.0,22.1,50.0,951.0,111.0,560.0
368,Roberto Bautista Agut,R,183.0,35.8,6-3 7-5,Marseille,111.0,Richard Gasquet,R,183.0,37.6,102.0,606.0,131.0,500.0
369,Jiri Lehecka,R,185.0,22.2,3-6 7-5 6-2,Marseille,111.0,David Goffin,R,180.0,33.1,32.0,1245.0,134.0,496.0
370,Arthur Rinderknech,R,196.0,28.5,6-7(6) 7-5 6-2,Marseille,155.0,Maxime Cressy,R,201.0,26.7,94.0,635.0,128.0,505.0
371,Sebastian Korda,R,196.0,23.5,6-3 2-6 7-6(3),Marseille,128.0,Hugo Grenier,R,196.0,27.8,34.0,1220.0,155.0,411.0
372,Taylor Fritz,R,196.0,26.2,6-2 6-3,Delray Beach,100.0,Tommy Paul,R,185.0,26.7,9.0,3150.0,14.0,2255.0
373,Taylor Fritz,R,196.0,26.2,7-6(8) 6-2,Delray Beach,107.0,Marcos Giron,R,180.0,30.5,9.0,3150.0,52.0,945.0
374,Tommy Paul,R,185.0,26.7,6-2 6-2,Delray Beach,61.0,Frances Tiafoe,R,188.0,26.0,14.0,2255.0,15.0,2065.0
375,Taylor Fritz,R,196.0,26.2,6-3 6-3,Delray Beach,74.0,Rinky Hijikata,R,178.0,22.9,9.0,3150.0,84.0,697.0
376,Marcos Giron,R,180.0,30.5,6-4 6-4,Delray Beach,77.0,Patrick Kypson,R,188.0,24.2,52.0,945.0,155.0,404.0
377,Tommy Paul,R,185.0,26.7,6-4 6-3,Delray Beach,92.0,Jordan Thompson,R,183.0,29.8,14.0,2255.0,42.0,1047.0
378,Frances Tiafoe,R,188.0,26.0,6-4 6-2,Delray Beach,68.0,Flavio Cobolli,R,183.0,21.7,15.0,2065.0,72.0,779.0
379,Taylor Fritz,R,196.0,26.2,7-6(5) 6-4,Delray Beach,92.0,Nuno Borges,R,185.0,26.9,9.0,3150.0,46.0,1004.0
380,Rinky Hijikata,R,178.0,22.9,6-2 3-6 6-4,Delray Beach,151.0,Matteo Arnaldi,R,185.0,22.9,84.0,697.0,43.0,1046.0
381,Marcos Giron,R,180.0,30.5,6-0 6-7(5) 6-1,Delray Beach,124.0,Adrian Mannarino,L,180.0,35.6,52.0,945.0,19.0,1975.0
382,Patrick Kypson,R,188.0,24.2,6-4 6-4,Delray Beach,87.0,Constant Lestienne,R,180.0,31.7,155.0,404.0,104.0,599.0
383,Jordan Thompson,R,183.0,29.8,6-2 6-2,Delray Beach,101.0,Nicolas Moreno De Alboran,R,185.0,26.5,42.0,1047.0,149.0,418.0
384,Tommy Paul,R,185.0,26.7,5-7 6-4 7-6(4),Delray Beach,180.0,Alex Michelsen,R,193.0,19.4,14.0,2255.0,75.0,759.0
385,Flavio Cobolli,R,183.0,21.7,6-4 6-7(1) 6-2,Delray Beach,134.0,Zachary Svajda,R,175.0,21.2,72.0,779.0,146.0,430.0
386,Frances Tiafoe,R,188.0,26.0,7-6(5) 7-6(4),Delray Beach,113.0,Radu Albot,R,175.0,34.2,15.0,2065.0,137.0,475.0
387,Nuno Borges,R,185.0,26.9,6-4 7-6(1),Delray Beach,110.0,Gabriel Diallo,R,203.0,22.3,46.0,1004.0,136.0,481.0
388,Rinky Hijikata,R,178.0,22.9,6-2 1-6 6-1,Delray Beach,125.0,Liam Broady,L,183.0,30.1,84.0,697.0,121.0,524.0
389,Matteo Arnaldi,R,185.0,22.9,4-6 6-4 6-3,Delray Beach,142.0,Yoshihito Nishioka,L,170.0,28.3,43.0,1046.0,77.0,720.0
390,Marcos Giron,R,180.0,30.5,6-4 7-6(5),Delray Beach,88.0,Emilio Nava,R,185.0,22.1,52.0,945.0,144.0,443.0
391,Constant Lestienne,R,180.0,31.7,6-4 6-4,Delray Beach,86.0,Aleksandar Vukic,R,188.0,27.8,104.0,599.0,69.0,810.0
392,Patrick Kypson,R,188.0,24.2,6-4 7-6(3),Delray Beach,90.0,Miomir Kecmanovic,R,183.0,24.4,155.0,404.0,40.0,1080.0
393,Jordan Thompson,R,183.0,29.8,7-5 6-0,Delray Beach,91.0,Daniel Evans,R,175.0,33.7,42.0,1047.0,44.0,1041.0
394,Nicolas Moreno De Alboran,R,185.0,26.5,6-2 7-6(3),Delray Beach,92.0,Aleksandar Kovacevic,R,183.0,25.4,149.0,418.0,102.0,616.0
395,Alex Michelsen,R,193.0,19.4,6-1 6-2,Delray Beach,71.0,Thanasi Kokkinakis,R,193.0,27.8,75.0,759.0,79.0,716.0
396,Zachary Svajda,R,175.0,21.2,7-5 6-3,Delray Beach,96.0,Max Purcell,R,185.0,25.8,146.0,430.0,41.0,1051.0
397,Flavio Cobolli,R,183.0,21.7,1-6 6-2 7-6(1),Delray Beach,143.0,Taro Daniel,R,191.0,31.0,72.0,779.0,63.0,870.0
398,Radu Albot,R,175.0,34.2,4-6 6-4 6-2,Delray Beach,153.0,Juncheng Shang,L,180.0,19.0,137.0,475.0,139.0,465.0
399,Facundo Diaz Acosta,L,183.0,23.1,6-3 6-4,Buenos Aires,104.0,Nicolas Jarry,R,201.0,28.3,87.0,677.0,21.0,1810.0
400,Nicolas Jarry,R,201.0,28.3,7-6(2) 6-3,Buenos Aires,115.0,Carlos Alcaraz,R,183.0,20.7,21.0,1810.0,2.0,9255.0
401,Facundo Diaz Acosta,L,183.0,23.1,6-2 6-3,Buenos Aires,84.0,Federico Coria,R,180.0,31.9,87.0,677.0,106.0,588.0
402,Carlos Alcaraz,R,183.0,20.7,7-6(1) 6-1,Buenos Aires,100.0,Andrea Vavassori,R,193.0,28.7,2.0,9255.0,152.0,414.0
404,Facundo Diaz Acosta,L,183.0,23.1,6-4 6-3,Buenos Aires,83.0,Dusan Lajovic,R,183.0,33.6,87.0,677.0,58.0,919.0
405,Federico Coria,R,180.0,31.9,6-1 6-4,Buenos Aires,88.0,Sebastian Baez,R,170.0,23.1,106.0,588.0,30.0,1375.0
406,Carlos Alcaraz,R,183.0,20.7,6-2 7-5,Buenos Aires,105.0,Camilo Ugo Carabelli,R,185.0,24.6,2.0,9255.0,134.0,494.0
407,Andrea Vavassori,R,193.0,28.7,6-4 7-5,Buenos Aires,91.0,Laslo Djere,R,188.0,28.6,152.0,414.0,35.0,1215.0
408,Nicolas Jarry,R,201.0,28.3,6-7(3) 6-2 7-6(5),Buenos Aires,171.0,Stan Wawrinka,R,183.0,38.8,21.0,1810.0,60.0,907.0
409,Tomas Martin Etcheverry,R,196.0,24.5,6-3 6-0,Buenos Aires,83.0,Daniel Elahi Galan,R,191.0,27.6,27.0,1465.0,80.0,716.0
410,Dusan Lajovic,R,183.0,33.6,6-4 1-6 6-1,Buenos Aires,97.0,Alejandro Tabilo,L,188.0,26.6,58.0,919.0,54.0,936.0
411,Facundo Diaz Acosta,L,183.0,23.1,7-6(3) 6-0,Buenos Aires,98.0,Francisco Cerundolo,R,185.0,25.5,87.0,677.0,22.0,1720.0
412,Sebastian Baez,R,170.0,23.1,6-4 7-5,Buenos Aires,99.0,Luciano Darderi,R,183.0,21.9,30.0,1375.0,76.0,722.0
413,Federico Coria,R,180.0,31.9,6-2 4-6 6-3,Buenos Aires,140.0,Cameron Norrie,L,188.0,28.4,106.0,588.0,20.0,1820.0
414,Camilo Ugo Carabelli,R,185.0,24.6,7-6(5) 6-4,Buenos Aires,128.0,Juan Pablo Varillas,R,185.0,28.3,134.0,494.0,85.0,684.0
415,Andrea Vavassori,R,193.0,28.7,6-3 6-1,Buenos Aires,97.0,Thiago Seyboth Wild,R,185.0,23.9,152.0,414.0,83.0,708.0
416,Laslo Djere,R,188.0,28.6,4-6 6-3 6-0,Buenos Aires,118.0,Marin Cilic,R,198.0,35.3,35.0,1215.0,1044.0,10.0
417,Stan Wawrinka,R,183.0,38.8,6-7(4) 6-1 6-2,Buenos Aires,141.0,Pedro Cachin,R,185.0,28.8,60.0,907.0,74.0,763.0
418,Daniel Elahi Galan,R,191.0,27.6,2-6 6-1 6-4,Buenos Aires,138.0,Diego Schwartzman,R,170.0,31.4,80.0,716.0,116.0,538.0
419,Tomas Martin Etcheverry,R,196.0,24.5,6-4 6-1,Buenos Aires,101.0,Roberto Carballes Baena,R,183.0,30.8,27.0,1465.0,64.0,861.0
420,Dusan Lajovic,R,183.0,33.6,6-3 6-4,Buenos Aires,90.0,Arthur Fils,R,185.0,19.6,58.0,919.0,36.0,1118.0
421,Alejandro Tabilo,L,188.0,26.6,6-1 6-3,Buenos Aires,82.0,Yannick Hanfmann,R,193.0,32.2,54.0,936.0,56.0,929.0
422,Facundo Diaz Acosta,L,183.0,23.1,6-3 7-6(1),Buenos Aires,125.0,Daniel Altmaier,R,188.0,25.4,87.0,677.0,53.0,936.0
423,Sebastian Baez,R,170.0,23.1,6-3 6-3,Buenos Aires,72.0,Bernabe Zapata Miralles,R,183.0,27.0,30.0,1375.0,78.0,720.0
424,Luciano Darderi,R,183.0,21.9,6-2 6-1,Buenos Aires,76.0,Mariano Navone,R,178.0,22.9,76.0,722.0,117.0,538.0
425,Federico Coria,R,180.0,31.9,7-5 4-6 7-5,Buenos Aires,178.0,Sebastian Ofner,R,191.0,27.7,106.0,588.0,38.0,1091.0
426,Jannik Sinner,R,191.0,22.4,7-5 6-4,Rotterdam,125.0,Alex De Minaur,R,183.0,24.9,4.0,8070.0,11.0,2970.0
427,Jannik Sinner,R,191.0,22.4,6-2 6-4,Rotterdam,81.0,Tallon Griekspoor,R,188.0,27.6,4.0,8070.0,29.0,1420.0
428,Alex De Minaur,R,183.0,24.9,6-4 6-3,Rotterdam,83.0,Grigor Dimitrov,R,191.0,32.7,11.0,2970.0,13.0,2905.0
430,Tallon Griekspoor,R,188.0,27.6,7-5 7-6(4),Rotterdam,103.0,Emil Ruusuvuori,R,188.0,24.8,29.0,1420.0,55.0,931.0
431,Grigor Dimitrov,R,191.0,32.7,7-6(2) 3-6 6-4,Rotterdam,120.0,Alexander Shevchenko,R,185.0,23.2,13.0,2905.0,57.0,920.0
432,Alex De Minaur,R,183.0,24.9,7-6(5) 4-6 6-3,Rotterdam,151.0,Andrey Rublev,R,188.0,26.3,11.0,2970.0,5.0,5050.0
433,Jannik Sinner,R,191.0,22.4,6-3 3-6 6-3,Rotterdam,112.0,Gael Monfils,R,193.0,37.4,4.0,8070.0,70.0,787.0
434,Milos Raonic,R,196.0,33.1,6-4 6-4,Rotterdam,72.0,Alexander Bublik,R,196.0,26.6,309.0,175.0,23.0,1699.0
435,Tallon Griekspoor,R,188.0,27.6,6-7(5) 7-6(5) 7-6(4),Rotterdam,154.0,Hubert Hurkacz,R,196.0,27.0,29.0,1420.0,8.0,3595.0
436,Emil Ruusuvuori,R,188.0,24.8,6-3 6-3,Rotterdam,65.0,Jan Lennard Struff,R,193.0,33.8,55.0,931.0,25.0,1526.0
437,Grigor Dimitrov,R,191.0,32.7,6-3 7-5,Rotterdam,88.0,Marton Fucsovics,R,188.0,32.0,13.0,2905.0,86.0,682.0
438,Alexander Shevchenko,R,185.0,23.2,6-4 1-6 6-3,Rotterdam,96.0,Holger Rune,R,188.0,20.7,57.0,920.0,7.0,3695.0
439,Alex De Minaur,R,183.0,24.9,6-3 6-1,Rotterdam,82.0,David Goffin,R,180.0,33.1,11.0,2970.0,133.0,498.0
440,Andrey Rublev,R,188.0,26.3,3-6 7-6(6) 7-5,Rotterdam,153.0,Felix Auger Aliassime,R,193.0,23.5,5.0,5050.0,28.0,1460.0
441,Jannik Sinner,R,191.0,22.4,6-3 6-3,Rotterdam,86.0,Botic Van De Zandschulp,R,191.0,28.3,4.0,8070.0,66.0,855.0
442,Gael Monfils,R,193.0,37.4,7-6(4) 7-6(5),Rotterdam,97.0,Denis Shapovalov,L,185.0,24.8,70.0,787.0,127.0,505.0
443,Milos Raonic,R,196.0,33.1,7-6(5) 6-4,Rotterdam,102.0,Jesper De Jong,R,180.0,23.7,309.0,175.0,141.0,463.0
444,Alexander Bublik,R,196.0,26.6,6-3 6-4,Rotterdam,111.0,Borna Coric,R,188.0,27.2,23.0,1699.0,31.0,1274.0
445,Hubert Hurkacz,R,196.0,27.0,6-3 6-7(9) 7-6(9),Rotterdam,138.0,Jiri Lehecka,R,185.0,22.2,8.0,3595.0,32.0,1250.0
446,Tallon Griekspoor,R,188.0,27.6,3-6 7-6(7) 7-6(3),Rotterdam,173.0,Lorenzo Musetti,R,185.0,21.9,29.0,1420.0,26.0,1480.0
447,Jan Lennard Struff,R,193.0,33.8,4-6 7-6(5) 7-6(4),Rotterdam,145.0,Alejandro Davidovich Fokina,R,183.0,24.6,25.0,1526.0,24.0,1575.0
448,Emil Ruusuvuori,R,188.0,24.8,7-6(5) 4-6 6-3,Rotterdam,140.0,Ugo Humbert,L,188.0,25.6,55.0,931.0,18.0,1990.0
449,Grigor Dimitrov,R,191.0,32.7,7-6(4) 6-3,Rotterdam,93.0,Lorenzo Sonego,R,191.0,28.7,13.0,2905.0,48.0,975.0
450,Marton Fucsovics,R,188.0,32.0,7-6(5) 6-1,Rotterdam,91.0,Fabian Marozsan,R,193.0,24.3,86.0,682.0,61.0,896.0
451,Alexander Shevchenko,R,185.0,23.2,4-6 6-4 6-3,Rotterdam,115.0,Zhizhen Zhang,R,193.0,27.3,57.0,920.0,47.0,991.0
452,Holger Rune,R,188.0,20.7,6-4 2-6 6-1,Rotterdam,113.0,Roman Safiullin,R,185.0,26.5,7.0,3695.0,39.0,1090.0
453,Alex De Minaur,R,183.0,24.9,6-4 6-3,Rotterdam,82.0,Sebastian Korda,R,196.0,23.6,11.0,2970.0,33.0,1245.0
454,David Goffin,R,180.0,33.1,6-4 6-7(12) 6-1,Rotterdam,175.0,Dino Prizmic,R,188.0,18.5,133.0,498.0,171.0,361.0
455,Felix Auger Aliassime,R,193.0,23.5,7-6(3) 7-6(8),Rotterdam,140.0,Maxime Cressy,R,201.0,26.7,28.0,1460.0,170.0,368.0
456,Andrey Rublev,R,188.0,26.3,7-5 6-3,Rotterdam,82.0,Zizou Bergs,R,185.0,24.6,5.0,5050.0,132.0,499.0
457,Karen Khachanov,R,198.0,27.7,7-6(12) 6-4,Doha,109.0,Jakub Mensik,R,193.0,18.4,17.0,2010.0,116.0,536.0
458,Jakub Mensik,R,193.0,18.4,6-4 1-6 6-3,Doha,114.0,Gael Monfils,R,193.0,37.4,116.0,536.0,68.0,837.0
459,Karen Khachanov,R,198.0,27.7,7-6(12) 6-2,Doha,108.0,Alexei Popyrin,R,196.0,24.5,17.0,2010.0,46.0,997.0
460,Jakub Mensik,R,193.0,18.4,6-4 7-6(6),Doha,96.0,Andrey Rublev,R,188.0,26.3,116.0,536.0,5.0,5105.0
461,Gael Monfils,R,193.0,37.4,6-2 6-4,Doha,71.0,Ugo Humbert,L,188.0,25.6,68.0,837.0,18.0,1990.0
462,Alexei Popyrin,R,196.0,24.5,6-4 6-4,Doha,77.0,Alexander Bublik,R,196.0,26.6,46.0,997.0,21.0,1739.0
464,Andrey Rublev,R,188.0,26.3,6-3 6-4,Doha,56.0,Richard Gasquet,R,183.0,37.6,5.0,5105.0,126.0,519.0
465,Jakub Mensik,R,193.0,18.4,7-6(6) 6-7(3) 7-6(4),Doha,203.0,Andy Murray,R,191.0,36.7,116.0,536.0,50.0,970.0
466,Ugo Humbert,L,188.0,25.6,6-4 6-1,Doha,85.0,Pavel Kotov,R,191.0,25.2,18.0,1990.0,64.0,859.0
467,Gael Monfils,R,193.0,37.4,4-6 7-5 7-6(2),Doha,143.0,Zhizhen Zhang,R,193.0,27.3,68.0,837.0,48.0,991.0
468,Alexei Popyrin,R,196.0,24.5,7-6(3) 6-7(8) 6-1,Doha,149.0,Hugo Grenier,R,196.0,27.9,46.0,997.0,151.0,417.0
469,Alexander Bublik,R,196.0,26.6,2-6 6-3 6-4,Doha,127.0,Marton Fucsovics,R,188.0,32.0,21.0,1739.0,80.0,732.0
470,Emil Ruusuvuori,R,188.0,24.8,6-3 6-3,Doha,106.0,Christopher Oconnell,R,183.0,29.7,43.0,1011.0,65.0,854.0
471,Karen Khachanov,R,198.0,27.7,6-4 7-5,Doha,88.0,Fabian Marozsan,R,193.0,24.3,17.0,2010.0,60.0,896.0
472,Richard Gasquet,R,183.0,37.6,6-4 6-4,Doha,89.0,Alexander Shevchenko,R,185.0,23.2,126.0,519.0,45.0,1000.0
473,Andy Murray,R,191.0,36.7,6-1 7-6(5),Doha,117.0,Alexandre Muller,R,183.0,27.0,50.0,970.0,75.0,773.0
474,Jakub Mensik,R,193.0,18.4,7-6(3) 6-4,Doha,93.0,Alejandro Davidovich Fokina,R,183.0,24.7,116.0,536.0,24.0,1575.0
475,Pavel Kotov,R,191.0,25.2,6-2 7-5,Doha,107.0,Lorenzo Sonego,R,191.0,28.7,64.0,859.0,49.0,975.0
476,Gael Monfils,R,193.0,37.4,6-1 7-6(9),Doha,102.0,Botic Van De Zandschulp,R,191.0,28.3,68.0,837.0,70.0,810.0
477,Zhizhen Zhang,R,193.0,27.3,6-2 6-0,Doha,61.0,Lorenzo Musetti,R,185.0,21.9,48.0,991.0,26.0,1480.0
478,Hugo Grenier,R,196.0,27.9,7-6(5) 7-5,Doha,113.0,Maximilian Marterer,L,188.0,28.6,151.0,417.0,99.0,616.0
479,Alexei Popyrin,R,196.0,24.5,3-6 6-3 6-4,Doha,120.0,Abedallah Shelbayh,L,180.0,20.2,46.0,997.0,230.0,265.0
480,Marton Fucsovics,R,188.0,32.0,6-1 6-3,Doha,82.0,Roberto Bautista Agut,R,183.0,35.8,80.0,732.0,97.0,621.0
481,Christopher Oconnell,R,183.0,29.7,6-4 6-4,Doha,92.0,Jan Lennard Struff,R,193.0,33.8,65.0,854.0,25.0,1531.0
482,Emil Ruusuvuori,R,188.0,24.8,7-6(2) 7-5,Doha,106.0,Giulio Zeppieri,L,183.0,22.2,43.0,1011.0,133.0,498.0
483,Fabian Marozsan,R,193.0,24.3,7-5 7-6(6),Doha,104.0,Vit Kopriva,R,178.0,26.6,60.0,896.0,118.0,535.0
484,Jordan Thompson,R,183.0,29.8,6-3 7-6(4),Los Cabos,122.0,Casper Ruud,R,183.0,25.1,40.0,1071.0,12.0,2965.0
485,Jordan Thompson,R,183.0,29.8,7-5 4-6 7-6(2),Los Cabos,220.0,Alexander Zverev,R,198.0,26.8,40.0,1071.0,6.0,5030.0
486,Casper Ruud,R,183.0,25.1,6-4 7-6(4),Los Cabos,109.0,Stefanos Tsitsipas,R,193.0,25.5,12.0,2965.0,11.0,2990.0
487,Alexander Zverev,R,198.0,26.8,6-3 6-4,Los Cabos,118.0,Thanasi Kokkinakis,R,193.0,27.8,6.0,5030.0,103.0,604.0
488,Jordan Thompson,R,183.0,29.8,0-6 7-6(1) 7-5,Los Cabos,159.0,Alex Michelsen,R,193.0,19.4,40.0,1071.0,74.0,776.0
489,Casper Ruud,R,183.0,25.1,6-3 6-2,Los Cabos,67.0,Nuno Borges,R,185.0,26.9,12.0,2965.0,47.0,997.0
490,Stefanos Tsitsipas,R,193.0,25.5,7-6(1) 6-3,Los Cabos,99.0,Aleksandar Kovacevic,R,183.0,25.4,11.0,2990.0,100.0,616.0
491,Alexander Zverev,R,198.0,26.8,6-3 6-0,Los Cabos,60.0,Yoshihito Nishioka,L,170.0,28.3,6.0,5030.0,84.0,700.0
492,Thanasi Kokkinakis,R,193.0,27.8,6-4 6-2,Los Cabos,128.0,Daniel Evans,R,175.0,33.7,103.0,604.0,42.0,1041.0
493,Alex Michelsen,R,193.0,19.4,6-4 6-1,Los Cabos,82.0,Alex De Minaur,R,183.0,25.0,74.0,776.0,9.0,3210.0
494,Jordan Thompson,R,183.0,29.8,7-6(5) 6-3,Los Cabos,117.0,Emilio Nava,R,185.0,22.2,40.0,1071.0,146.0,443.0
495,Nuno Borges,R,185.0,26.9,6-3 6-3,Los Cabos,78.0,Max Purcell,R,185.0,25.8,47.0,997.0,51.0,961.0
496,Casper Ruud,R,183.0,25.1,6-1 6-0,Los Cabos,62.0,Marcos Giron,R,180.0,30.5,12.0,2965.0,44.0,1000.0
497,Aleksandar Kovacevic,R,183.0,25.4,6-3 4-6 6-4,Los Cabos,143.0,Rinky Hijikata,R,178.0,22.9,100.0,616.0,79.0,737.0
498,Stefanos Tsitsipas,R,193.0,25.5,6-3 6-0,Los Cabos,63.0,Aleksandar Vukic,R,188.0,27.8,11.0,2990.0,72.0,792.0
499,Yoshihito Nishioka,L,170.0,28.3,6-1 6-0,Los Cabos,49.0,Flavio Cobolli,R,183.0,21.7,84.0,700.0,69.0,825.0
500,Thanasi Kokkinakis,R,193.0,27.8,4-6 7-6(5) 6-4,Los Cabos,178.0,Jack Draper,L,193.0,22.1,103.0,604.0,53.0,951.0
501,Daniel Evans,R,175.0,33.7,6-2 6-4,Los Cabos,101.0,Roman Safiullin,R,185.0,26.5,42.0,1041.0,38.0,1080.0
502,Alex Michelsen,R,193.0,19.4,6-3 7-6(3),Los Cabos,109.0,Constant Lestienne,R,180.0,31.7,74.0,776.0,104.0,604.0
503,Emilio Nava,R,185.0,22.2,6-4 6-3,Los Cabos,90.0,Diego Schwartzman,R,170.0,31.5,146.0,443.0,115.0,538.0
504,Jordan Thompson,R,183.0,29.8,6-4 6-3,Los Cabos,104.0,Ernesto Escobedo,R,185.0,27.6,40.0,1071.0,494.0,82.0
505,Max Purcell,R,185.0,25.8,6-4 4-6 6-4,Los Cabos,150.0,Matteo Arnaldi,R,185.0,22.9,51.0,961.0,41.0,1061.0
506,Nuno Borges,R,185.0,26.9,7-6(2) 6-2,Los Cabos,82.0,Dominik Koepfer,L,180.0,29.8,47.0,997.0,57.0,918.0
507,Marcos Giron,R,180.0,30.5,6-4 7-5,Los Cabos,102.0,Taro Daniel,R,191.0,31.0,44.0,1000.0,62.0,870.0
508,Rinky Hijikata,R,178.0,22.9,6-3 7-6(2),Los Cabos,112.0,Miomir Kecmanovic,R,183.0,24.4,79.0,737.0,54.0,940.0
509,Aleksandar Kovacevic,R,183.0,25.4,6-1 6-4,Los Cabos,68.0,Brandon Holt,R,185.0,25.8,100.0,616.0,295.0,190.0
510,Aleksandar Vukic,R,188.0,27.8,7-6(5) 7-6(10),Los Cabos,138.0,Rodrigo Pacheco Mendez,L,188.0,18.8,72.0,792.0,692.0,41.0
511,Sebastian Baez,R,170.0,23.1,6-2 6-1,Rio De Janeiro,82.0,Mariano Navone,R,178.0,22.9,30.0,1415.0,113.0,551.0
512,Sebastian Baez,R,170.0,23.1,7-5 6-0,Rio De Janeiro,84.0,Francisco Cerundolo,R,185.0,25.5,30.0,1415.0,22.0,1685.0
513,Mariano Navone,R,178.0,22.9,6-4 6-2,Rio De Janeiro,119.0,Cameron Norrie,L,188.0,28.4,113.0,551.0,23.0,1680.0
514,Sebastian Baez,R,170.0,23.1,6-4 1-6 6-2,Rio De Janeiro,133.0,Thiago Monteiro,L,183.0,29.7,30.0,1415.0,117.0,536.0
515,Francisco Cerundolo,R,185.0,25.5,3-6 6-4 6-4,Rio De Janeiro,143.0,Dusan Lajovic,R,183.0,33.6,22.0,1685.0,58.0,912.0
516,Mariano Navone,R,178.0,22.9,2-6 6-3 6-3,Rio De Janeiro,140.0,Joao Fonseca,R,185.0,17.4,113.0,551.0,655.0,49.0
517,Cameron Norrie,L,188.0,28.4,6-1 3-6 6-2,Rio De Janeiro,120.0,Thiago Seyboth Wild,R,185.0,23.9,23.0,1680.0,82.0,708.0
518,Thiago Monteiro,L,183.0,29.7,7-5 6-3,Rio De Janeiro,102.0,Felipe Meligeni Alves,R,185.0,25.9,117.0,536.0,153.0,416.0
519,Sebastian Baez,R,170.0,23.1,7-6(1) 6-3,Rio De Janeiro,108.0,Facundo Diaz Acosta,L,183.0,23.1,30.0,1415.0,59.0,907.0
520,Francisco Cerundolo,R,185.0,25.5,6-2 6-1,Rio De Janeiro,81.0,Albert Ramos,L,188.0,36.0,22.0,1685.0,96.0,623.0
521,Dusan Lajovic,R,183.0,33.6,6-2 7-5,Rio De Janeiro,107.0,Laslo Djere,R,188.0,28.7,58.0,912.0,35.0,1220.0
522,Joao Fonseca,R,185.0,17.4,6-4 6-4,Rio De Janeiro,91.0,Cristian Garin,R,185.0,27.7,655.0,49.0,88.0,660.0
523,Mariano Navone,R,178.0,22.9,6-1 6-2,Rio De Janeiro,76.0,Yannick Hanfmann,R,193.0,32.2,113.0,551.0,56.0,927.0
524,Thiago Seyboth Wild,R,185.0,23.9,6-2 4-6 6-3,Rio De Janeiro,135.0,Jaume Munar,R,183.0,26.7,82.0,708.0,73.0,776.0
525,Cameron Norrie,L,188.0,28.4,6-1 6-1,Rio De Janeiro,61.0,Tomas Barrios Vera,R,191.0,26.1,23.0,1680.0,120.0,533.0
527,Felipe Meligeni Alves,R,185.0,25.9,6-2 3-6 6-3,Rio De Janeiro,116.0,Pedro Cachin,R,185.0,28.8,153.0,416.0,76.0,754.0
528,Facundo Diaz Acosta,L,183.0,23.1,7-5 6-4,Rio De Janeiro,114.0,Stan Wawrinka,R,183.0,38.8,59.0,907.0,67.0,842.0
529,Sebastian Baez,R,170.0,23.1,6-4 6-3,Rio De Janeiro,98.0,Corentin Moutet,L,180.0,24.8,30.0,1415.0,147.0,439.0
530,Francisco Cerundolo,R,185.0,25.5,6-1 1-6 6-2,Rio De Janeiro,114.0,Francisco Comesana,R,178.0,23.3,22.0,1685.0,119.0,534.0
531,Albert Ramos,L,188.0,36.0,3-6 6-3 7-5,Rio De Janeiro,163.0,Juan Pablo Varillas,R,185.0,28.3,96.0,623.0,108.0,582.0
532,Dusan Lajovic,R,183.0,33.6,4-6 7-6(8) 6-1,Rio De Janeiro,163.0,Daniel Elahi Galan,R,191.0,27.6,58.0,912.0,78.0,744.0
533,Laslo Djere,R,188.0,28.7,6-3 6-1,Rio De Janeiro,94.0,Bernabe Zapata Miralles,R,183.0,27.1,35.0,1220.0,93.0,637.0
534,Joao Fonseca,R,185.0,17.4,6-0 6-4,Rio De Janeiro,90.0,Arthur Fils,R,185.0,19.6,655.0,49.0,36.0,1118.0
535,Cristian Garin,R,185.0,27.7,2-6 7-6(1) 6-3,Rio De Janeiro,184.0,Roberto Carballes Baena,R,183.0,30.9,88.0,660.0,66.0,851.0
536,Mariano Navone,R,178.0,22.9,1-6 6-4 6-2,Rio De Janeiro,138.0,Federico Coria,R,180.0,31.9,113.0,551.0,85.0,678.0
537,Yannick Hanfmann,R,193.0,32.2,6-1 1-6 7-5,Rio De Janeiro,114.0,Nicolas Jarry,R,201.0,28.3,56.0,927.0,19.0,1965.0
538,Jaume Munar,R,183.0,26.7,6-3 6-1,Rio De Janeiro,67.0,Sebastian Ofner,R,191.0,27.7,73.0,776.0,37.0,1091.0
539,Thiago Seyboth Wild,R,185.0,23.9,2-6 6-4 6-4,Rio De Janeiro,135.0,Alejandro Tabilo,L,188.0,26.7,82.0,708.0,52.0,961.0
540,Tomas Barrios Vera,R,191.0,26.1,7-5 6-3,Rio De Janeiro,106.0,Gustavo Heide,R,191.0,21.9,120.0,533.0,236.0,249.0
541,Cameron Norrie,L,188.0,28.4,6-3 6-2,Rio De Janeiro,81.0,Hugo Dellien,R,180.0,30.6,23.0,1680.0,135.0,489.0
542,Alex De Minaur,R,183.0,25.0,6-4 6-4,Acapulco,117.0,Casper Ruud,R,183.0,25.1,9.0,3210.0,11.0,3120.0
544,Casper Ruud,R,183.0,25.1,3-6 6-3 6-4,Acapulco,143.0,Holger Rune,R,188.0,20.8,11.0,3120.0,7.0,3700.0
545,Jack Draper,L,193.0,22.1,6-2 6-2,Acapulco,81.0,Miomir Kecmanovic,R,183.0,24.4,50.0,951.0,53.0,940.0
546,Alex De Minaur,R,183.0,25.0,1-6 6-3 6-3,Acapulco,126.0,Stefanos Tsitsipas,R,193.0,25.5,9.0,3210.0,12.0,3080.0
547,Casper Ruud,R,183.0,25.1,6-7(7) 6-4 6-4,Acapulco,154.0,Ben Shelton,L,193.0,21.3,11.0,3120.0,17.0,2055.0
548,Holger Rune,R,188.0,20.8,7-6(2) 7-6(0),Acapulco,119.0,Dominik Koepfer,L,180.0,29.8,7.0,3700.0,58.0,918.0
549,Miomir Kecmanovic,R,183.0,24.4,6-4 6-4,Acapulco,93.0,Daniel Altmaier,R,188.0,25.4,53.0,940.0,57.0,921.0
550,Jack Draper,L,193.0,22.1,6-3 6-0,Acapulco,68.0,Yoshihito Nishioka,L,170.0,28.4,50.0,951.0,82.0,725.0
551,Alex De Minaur,R,183.0,25.0,6-1 6-3,Acapulco,88.0,Sebastian Ofner,R,191.0,27.7,9.0,3210.0,37.0,1091.0
552,Stefanos Tsitsipas,R,193.0,25.5,6-3 7-6(6),Acapulco,120.0,Flavio Cobolli,R,183.0,21.8,12.0,3080.0,69.0,825.0
553,Casper Ruud,R,183.0,25.1,6-4 7-5,Acapulco,86.0,Dusan Lajovic,R,183.0,33.6,11.0,3120.0,55.0,922.0
554,Ben Shelton,L,193.0,21.3,7-6(1) 3-6 6-3,Acapulco,151.0,Matteo Arnaldi,R,185.0,23.0,17.0,2055.0,42.0,1061.0
555,Dominik Koepfer,L,180.0,29.8,6-4 5-7 6-1,Acapulco,145.0,Frances Tiafoe,R,188.0,26.0,58.0,918.0,16.0,2155.0
556,Holger Rune,R,188.0,20.8,7-6(5) 6-2,Acapulco,110.0,Aleksandar Kovacevic,R,183.0,25.4,7.0,3700.0,93.0,654.0
557,Daniel Altmaier,R,188.0,25.4,6-3 3-6 6-3,Acapulco,146.0,Alexander Zverev,R,198.0,26.8,57.0,921.0,6.0,5085.0
558,Miomir Kecmanovic,R,183.0,24.4,4-6 6-3 6-1,Acapulco,142.0,Diego Schwartzman,R,170.0,31.5,53.0,940.0,117.0,538.0
559,Yoshihito Nishioka,L,170.0,28.4,3-6 6-2 6-4,Acapulco,148.0,Nuno Borges,R,185.0,27.0,82.0,725.0,56.0,922.0
560,Jack Draper,L,193.0,22.1,6-0 6-4,Acapulco,86.0,Tommy Paul,R,185.0,26.7,50.0,951.0,14.0,2375.0
561,Alex De Minaur,R,183.0,25.0,6-2 6-1,Acapulco,79.0,Taro Daniel,R,191.0,31.0,9.0,3210.0,64.0,870.0
562,Sebastian Ofner,R,191.0,27.7,6-7(7) 6-4 7-6(4),Acapulco,183.0,Ernesto Escobedo,R,185.0,27.6,37.0,1091.0,493.0,82.0
563,Flavio Cobolli,R,183.0,21.8,2-6 6-3 6-2,Acapulco,117.0,Felix Auger Aliassime,R,193.0,23.5,69.0,825.0,30.0,1340.0
564,Stefanos Tsitsipas,R,193.0,25.5,6-3 6-4,Acapulco,80.0,Roman Safiullin,R,185.0,26.5,12.0,3080.0,39.0,1080.0
565,Casper Ruud,R,183.0,25.1,6-4 6-7(5) 6-3,Acapulco,133.0,Christopher Eubanks,R,201.0,27.8,11.0,3120.0,34.0,1234.0
566,Dusan Lajovic,R,183.0,33.6,6-2 6-2,Acapulco,61.0,Rodrigo Pacheco Mendez,L,188.0,18.8,55.0,922.0,700.0,40.0
567,Ben Shelton,L,193.0,21.3,2-6 7-5 7-6(5),Acapulco,164.0,Daniel Evans,R,175.0,33.7,17.0,2055.0,41.0,1066.0
568,Matteo Arnaldi,R,185.0,23.0,6-4 4-6 6-3,Acapulco,155.0,Taylor Fritz,R,196.0,26.3,42.0,1061.0,10.0,3150.0
569,Frances Tiafoe,R,188.0,26.0,4-6 6-3 6-0,Acapulco,121.0,Max Purcell,R,185.0,25.9,16.0,2155.0,62.0,886.0
570,Dominik Koepfer,L,180.0,29.8,6-4 4-6 6-0,Acapulco,141.0,Terence Atmane,L,193.0,22.1,58.0,918.0,146.0,453.0
571,Aleksandar Kovacevic,R,183.0,25.4,6-3 5-7 6-4,Acapulco,161.0,Jordan Thompson,R,183.0,29.8,93.0,654.0,32.0,1246.0
572,Holger Rune,R,188.0,20.8,6-2 6-3,Acapulco,92.0,Michael Mmoh,R,188.0,26.1,7.0,3700.0,122.0,527.0
573,Ugo Humbert,L,188.0,25.6,6-4 6-3,Dubai,85.0,Alexander Bublik,R,196.0,26.6,18.0,1990.0,23.0,1699.0
574,Ugo Humbert,L,188.0,25.6,7-5 6-3,Dubai,110.0,Daniil Medvedev,R,198.0,28.0,18.0,1990.0,4.0,8015.0
576,Daniil Medvedev,R,198.0,28.0,6-2 6-3,Dubai,77.0,Alejandro Davidovich Fokina,R,183.0,24.7,4.0,8015.0,24.0,1540.0
577,Ugo Humbert,L,188.0,25.6,3-6 7-6(8) 6-3,Dubai,144.0,Hubert Hurkacz,R,196.0,27.0,18.0,1990.0,8.0,3395.0
580,Daniil Medvedev,R,198.0,28.0,3-6 6-3 6-3,Dubai,120.0,Lorenzo Sonego,R,191.0,28.7,4.0,8015.0,48.0,975.0
582,Hubert Hurkacz,R,196.0,27.0,7-6(5) 6-4,Dubai,92.0,Christopher Oconnell,R,183.0,29.7,8.0,3395.0,68.0,834.0
583,Ugo Humbert,L,188.0,25.6,6-2 6-4,Dubai,89.0,Andy Murray,R,191.0,36.7,18.0,1990.0,67.0,845.0
584,Alexander Bublik,R,196.0,26.6,7-6(8) 7-6(2),Dubai,108.0,Tallon Griekspoor,R,188.0,27.6,23.0,1699.0,28.0,1440.0
585,Jiri Lehecka,R,185.0,22.2,6-7(6) 7-6(5) 6-4,Dubai,173.0,Karen Khachanov,R,198.0,27.7,36.0,1180.0,15.0,2260.0
586,Sebastian Korda,R,196.0,23.6,6-1 6-0,Dubai,43.0,Botic Van De Zandschulp,R,191.0,28.3,33.0,1245.0,75.0,790.0
587,Andrey Rublev,R,188.0,26.3,6-4 6-4,Dubai,78.0,Arthur Cazaux,R,183.0,21.5,5.0,5110.0,86.0,701.0
588,Daniil Medvedev,R,198.0,28.0,6-3 7-5,Dubai,88.0,Alexander Shevchenko,R,185.0,23.2,4.0,8015.0,47.0,1000.0
589,Lorenzo Sonego,R,191.0,28.7,6-4 5-7 6-1,Dubai,139.0,Sumit Nagal,R,178.0,26.5,48.0,975.0,97.0,612.0
590,Jakub Mensik,R,193.0,18.4,4-6 6-3 7-6(7),Dubai,174.0,Borna Coric,R,188.0,27.2,87.0,701.0,31.0,1274.0
591,Alejandro Davidovich Fokina,R,183.0,24.7,6-3 4-6 6-1,Dubai,100.0,Fabian Marozsan,R,193.0,24.3,24.0,1540.0,59.0,914.0
592,Hubert Hurkacz,R,196.0,27.0,7-6(5) 6-7(4) 7-6(6),Dubai,159.0,Jan Lennard Struff,R,193.0,33.8,8.0,3395.0,25.0,1531.0
593,Christopher Oconnell,R,183.0,29.7,6-2 6-4,Dubai,76.0,Maximilian Marterer,L,188.0,28.7,68.0,834.0,96.0,612.0
594,Andy Murray,R,191.0,36.7,4-6 7-6(5) 6-3,Dubai,152.0,Denis Shapovalov,L,185.0,24.8,67.0,845.0,120.0,530.0
595,Ugo Humbert,L,188.0,25.6,4-6 6-3 6-3,Dubai,132.0,Gael Monfils,R,193.0,37.4,18.0,1990.0,54.0,937.0
596,Alexander Bublik,R,196.0,26.6,2-6 6-3 7-6(5),Dubai,117.0,Tomas Machac,R,183.0,23.3,23.0,1699.0,65.0,863.0
598,Jiri Lehecka,R,185.0,22.2,6-4 3-6 7-5,Dubai,142.0,Marton Fucsovics,R,188.0,32.0,36.0,1180.0,77.0,757.0
599,Karen Khachanov,R,198.0,27.7,6-2 6-3,Dubai,80.0,Luca Van Assche,R,178.0,19.7,15.0,2260.0,72.0,808.0
600,Botic Van De Zandschulp,R,191.0,28.3,7-6(3) 7-5,Dubai,112.0,Adrian Mannarino,L,180.0,35.6,75.0,790.0,19.0,1950.0
601,Sebastian Korda,R,196.0,23.6,6-0 6-2,Dubai,54.0,Pavel Kotov,R,191.0,25.2,33.0,1245.0,63.0,878.0
602,Arthur Cazaux,R,183.0,21.5,6-4 7-6(2),Dubai,117.0,Lorenzo Musetti,R,185.0,21.9,86.0,701.0,26.0,1480.0
603,Andrey Rublev,R,188.0,26.3,6-7(4) 6-2 6-4,Dubai,110.0,Zhizhen Zhang,R,193.0,27.3,5.0,5110.0,46.0,1006.0
604,Sebastian Baez,R,170.0,23.1,3-6 6-0 6-4,Santiago,134.0,Alejandro Tabilo,L,188.0,26.7,21.0,1825.0,51.0,951.0
605,Alejandro Tabilo,L,188.0,26.7,4-6 6-4 7-5,Santiago,152.0,Corentin Moutet,L,180.0,24.8,51.0,951.0,140.0,464.0
606,Sebastian Baez,R,170.0,23.1,6-4 6-2,Santiago,101.0,Pedro Martinez,R,185.0,26.8,21.0,1825.0,101.0,596.0
607,Corentin Moutet,L,180.0,24.8,7-6(5) 7-6(3),Santiago,131.0,Nicolas Jarry,R,201.0,28.3,140.0,464.0,22.0,1775.0
608,Alejandro Tabilo,L,188.0,26.7,6-0 7-5,Santiago,77.0,Luciano Darderi,R,183.0,22.0,51.0,951.0,80.0,747.0
609,Pedro Martinez,R,185.0,26.8,6-3 6-7(5) 6-2,Santiago,145.0,Arthur Fils,R,185.0,19.7,101.0,596.0,44.0,1028.0
610,Sebastian Baez,R,170.0,23.1,6-4 6-4,Santiago,108.0,Jaume Munar,R,183.0,26.8,21.0,1825.0,70.0,816.0
611,Nicolas Jarry,R,201.0,28.3,7-6(4) 6-2,Santiago,102.0,Federico Coria,R,180.0,31.9,22.0,1775.0,88.0,678.0
612,Corentin Moutet,L,180.0,24.8,6-3 6-7(5) 6-2,Santiago,164.0,Thiago Agustin Tirante,R,185.0,22.8,140.0,464.0,100.0,598.0
613,Alejandro Tabilo,L,188.0,26.7,6-2 7-5,Santiago,94.0,Tomas Barrios Vera,R,191.0,26.2,51.0,951.0,111.0,563.0
614,Luciano Darderi,R,183.0,22.0,6-3 3-6 6-3,Santiago,138.0,Juan Manuel Cerundolo,L,183.0,22.2,80.0,747.0,161.0,393.0
615,Pedro Martinez,R,185.0,26.8,7-6(4) 6-7(5) 6-1,Santiago,188.0,Facundo Diaz Acosta,L,183.0,23.1,101.0,596.0,52.0,948.0
616,Arthur Fils,R,185.0,19.7,6-3 6-3,Santiago,76.0,Thiago Seyboth Wild,R,185.0,23.9,44.0,1028.0,73.0,802.0
617,Jaume Munar,R,183.0,26.8,6-3 6-1,Santiago,92.0,Albert Ramos,L,188.0,36.1,70.0,816.0,104.0,583.0
618,Sebastian Baez,R,170.0,23.1,4-6 6-4 6-2,Santiago,157.0,Juan Pablo Varillas,R,185.0,28.3,21.0,1825.0,119.0,537.0
619,Federico Coria,R,180.0,31.9,6-1 7-6(1),Santiago,95.0,Alex Molcan,L,178.0,26.2,88.0,678.0,135.0,473.0
620,Thiago Agustin Tirante,R,185.0,22.8,7-5 7-6(3),Santiago,128.0,Joao Fonseca,R,185.0,17.5,100.0,598.0,343.0,149.0
621,Corentin Moutet,L,180.0,24.8,6-3 5-7 6-2,Santiago,178.0,Roberto Carballes Baena,R,183.0,30.9,140.0,464.0,66.0,851.0
622,Tomas Barrios Vera,R,191.0,26.2,7-6(3) 7-5,Santiago,121.0,Cristian Garin,R,185.0,27.7,111.0,563.0,83.0,710.0
623,Luciano Darderi,R,183.0,22.0,7-6(4) 6-7(6) 7-6(5),Santiago,199.0,Facundo Bagnis,L,183.0,33.9,80.0,747.0,148.0,447.0
624,Juan Manuel Cerundolo,L,183.0,22.2,3-6 6-3 7-5,Santiago,167.0,Yannick Hanfmann,R,193.0,32.2,161.0,393.0,49.0,967.0
625,Facundo Diaz Acosta,L,183.0,23.1,5-7 6-3 7-6(2),Santiago,188.0,Pedro Cachin,R,185.0,28.8,52.0,948.0,78.0,754.0
626,Pedro Martinez,R,185.0,26.8,6-4 6-1,Santiago,100.0,Francesco Passaro,R,180.0,23.1,101.0,596.0,224.0,271.0
627,Thiago Seyboth Wild,R,185.0,23.9,6-4 6-4,Santiago,102.0,Roman Andres Burruchaga,R,183.0,22.0,73.0,802.0,159.0,397.0
628,Jaume Munar,R,183.0,26.8,6-4 6-1,Santiago,81.0,Bernabe Zapata Miralles,R,183.0,27.1,70.0,816.0,143.0,457.0
629,Albert Ramos,L,188.0,36.1,6-3 6-2,Santiago,93.0,Hugo Dellien,R,180.0,30.6,104.0,583.0,157.0,399.0
630,Juan Pablo Varillas,R,185.0,28.3,6-2 3-6 6-1,Santiago,117.0,Francisco Comesana,R,178.0,23.3,119.0,537.0,114.0,552.0
631,Carlos Alcaraz,R,183.0,20.8,7-6(5) 6-1,Indian Wells Masters,102.0,Daniil Medvedev,R,198.0,28.0,2.0,8805.0,4.0,7715.0
632,Daniil Medvedev,R,198.0,28.0,1-6 7-6(3) 6-2,Indian Wells Masters,143.0,Tommy Paul,R,185.0,26.7,4.0,7715.0,17.0,2120.0
633,Carlos Alcaraz,R,183.0,20.8,1-6 6-3 6-2,Indian Wells Masters,125.0,Jannik Sinner,R,191.0,22.5,2.0,8805.0,3.0,8270.0
634,Tommy Paul,R,185.0,26.7,6-2 1-6 6-3,Indian Wells Masters,129.0,Casper Ruud,R,183.0,25.1,17.0,2120.0,9.0,3405.0
635,Daniil Medvedev,R,198.0,28.0,7-5 6-4,Indian Wells Masters,119.0,Holger Rune,R,188.0,20.8,4.0,7715.0,7.0,3720.0
636,Jannik Sinner,R,191.0,22.5,6-3 6-3,Indian Wells Masters,84.0,Jiri Lehecka,R,185.0,22.3,3.0,8270.0,32.0,1260.0
637,Carlos Alcaraz,R,183.0,20.8,6-3 6-1,Indian Wells Masters,89.0,Alexander Zverev,R,198.0,26.8,2.0,8805.0,6.0,4950.0
638,Tommy Paul,R,185.0,26.7,6-4 6-3,Indian Wells Masters,80.0,Luca Nardi,R,185.0,20.5,17.0,2120.0,123.0,513.0
639,Casper Ruud,R,183.0,25.1,3-6 7-6(3) 6-4,Indian Wells Masters,147.0,Gael Monfils,R,193.0,37.5,9.0,3405.0,54.0,937.0
640,Daniil Medvedev,R,198.0,28.0,6-4 6-4,Indian Wells Masters,76.0,Grigor Dimitrov,R,191.0,32.8,4.0,7715.0,13.0,2880.0
641,Holger Rune,R,188.0,20.8,2-6 7-6(2) 6-3,Indian Wells Masters,138.0,Taylor Fritz,R,196.0,26.3,7.0,3720.0,12.0,3015.0
642,Jiri Lehecka,R,185.0,22.3,6-2 6-4,Indian Wells Masters,77.0,Stefanos Tsitsipas,R,193.0,25.5,32.0,1260.0,11.0,3170.0
643,Jannik Sinner,R,191.0,22.5,7-6(4) 6-1,Indian Wells Masters,98.0,Ben Shelton,L,193.0,21.4,3.0,8270.0,16.0,2145.0
644,Alexander Zverev,R,198.0,26.8,5-7 6-2 6-3,Indian Wells Masters,167.0,Alex De Minaur,R,183.0,25.0,6.0,4950.0,10.0,3210.0
645,Carlos Alcaraz,R,183.0,20.8,6-3 6-3,Indian Wells Masters,75.0,Fabian Marozsan,R,193.0,24.4,2.0,8805.0,58.0,914.0
646,Luca Nardi,R,185.0,20.5,6-4 3-6 6-3,Indian Wells Masters,140.0,Novak Djokovic,R,188.0,36.7,123.0,513.0,1.0,9675.0
647,Tommy Paul,R,185.0,26.7,6-4 6-4,Indian Wells Masters,87.0,Ugo Humbert,L,188.0,25.6,17.0,2120.0,14.0,2415.0
648,Casper Ruud,R,183.0,25.1,6-2 6-4,Indian Wells Masters,76.0,Arthur Fils,R,185.0,19.7,9.0,3405.0,43.0,1078.0
649,Gael Monfils,R,193.0,37.5,6-7(5) 7-6(5) 6-3,Indian Wells Masters,192.0,Cameron Norrie,L,188.0,28.5,54.0,937.0,28.0,1380.0
650,Daniil Medvedev,R,198.0,28.0,6-4 5-7 6-3,Indian Wells Masters,151.0,Sebastian Korda,R,196.0,23.6,4.0,7715.0,29.0,1345.0
651,Grigor Dimitrov,R,191.0,32.8,6-3 6-3,Indian Wells Masters,80.0,Adrian Mannarino,L,180.0,35.6,13.0,2880.0,21.0,1950.0
652,Taylor Fritz,R,196.0,26.3,6-2 6-2,Indian Wells Masters,68.0,Sebastian Baez,R,170.0,23.1,12.0,3015.0,19.0,1985.0
653,Holger Rune,R,188.0,20.8,6-2 7-6(5),Indian Wells Masters,96.0,Lorenzo Musetti,R,185.0,22.0,7.0,3720.0,26.0,1480.0
654,Jiri Lehecka,R,185.0,22.3,6-4 6-4,Indian Wells Masters,73.0,Andrey Rublev,R,188.0,26.3,32.0,1260.0,5.0,5010.0
655,Stefanos Tsitsipas,R,193.0,25.5,6-3 6-3,Indian Wells Masters,78.0,Frances Tiafoe,R,188.0,26.1,11.0,3170.0,18.0,2115.0
656,Ben Shelton,L,193.0,21.4,7-6(5) 3-6 7-6(5),Indian Wells Masters,163.0,Francisco Cerundolo,R,185.0,25.5,16.0,2145.0,22.0,1840.0
657,Jannik Sinner,R,191.0,22.5,6-3 6-4,Indian Wells Masters,74.0,Jan Lennard Struff,R,193.0,33.8,3.0,8270.0,25.0,1531.0
658,Alexander Zverev,R,198.0,26.8,7-6(7) 6-3,Indian Wells Masters,103.0,Tallon Griekspoor,R,188.0,27.6,6.0,4950.0,27.0,1445.0
659,Alex De Minaur,R,183.0,25.0,7-5 6-0,Indian Wells Masters,87.0,Alexander Bublik,R,196.0,26.7,10.0,3210.0,20.0,1984.0
660,Fabian Marozsan,R,193.0,24.4,6-2 6-2,Indian Wells Masters,67.0,Thiago Seyboth Wild,R,185.0,23.9,58.0,914.0,65.0,820.0
661,Carlos Alcaraz,R,183.0,20.8,6-2 6-3,Indian Wells Masters,77.0,Felix Auger Aliassime,R,193.0,23.5,2.0,8805.0,31.0,1295.0
662,Novak Djokovic,R,188.0,36.7,6-2 5-7 6-3,Indian Wells Masters,130.0,Aleksandar Vukic,R,188.0,27.9,1.0,9675.0,69.0,801.0
663,Luca Nardi,R,185.0,20.5,6-3 3-6 6-3,Indian Wells Masters,120.0,Zhizhen Zhang,R,193.0,27.3,123.0,513.0,50.0,1006.0
664,Tommy Paul,R,185.0,26.7,6-2 6-2,Indian Wells Masters,77.0,Alex Michelsen,R,193.0,19.5,17.0,2120.0,80.0,754.0
665,Ugo Humbert,L,188.0,25.6,6-4 6-4,Indian Wells Masters,89.0,Patrick Kypson,R,188.0,24.3,14.0,2415.0,151.0,443.0
666,Casper Ruud,R,183.0,25.1,6-4 7-6(4),Indian Wells Masters,105.0,Lukas Klein,R,193.0,25.9,9.0,3405.0,141.0,459.0
667,Arthur Fils,R,185.0,19.7,6-3 6-4,Indian Wells Masters,77.0,Alejandro Davidovich Fokina,R,183.0,24.7,43.0,1078.0,23.0,1595.0
668,Cameron Norrie,L,188.0,28.5,6-4 6-4,Indian Wells Masters,90.0,Lorenzo Sonego,R,191.0,28.8,28.0,1380.0,55.0,935.0
669,Gael Monfils,R,193.0,37.5,6-0 6-7(5) 6-2,Indian Wells Masters,120.0,Hubert Hurkacz,R,196.0,27.0,54.0,937.0,8.0,3405.0
670,Daniil Medvedev,R,198.0,28.0,6-2 6-3,Indian Wells Masters,87.0,Roberto Carballes Baena,R,183.0,30.9,4.0,7715.0,64.0,831.0
671,Sebastian Korda,R,196.0,23.6,6-4 6-2,Indian Wells Masters,70.0,Roman Safiullin,R,185.0,26.5,29.0,1345.0,42.0,1080.0
672,Adrian Mannarino,L,180.0,35.6,6-1 6-2,Indian Wells Masters,74.0,Tomas Machac,R,183.0,23.3,21.0,1950.0,63.0,868.0
673,Grigor Dimitrov,R,191.0,32.8,7-5 6-2,Indian Wells Masters,89.0,Alexandre Muller,R,183.0,27.0,13.0,2880.0,88.0,689.0
674,Taylor Fritz,R,196.0,26.3,7-6(2) 6-2,Indian Wells Masters,74.0,Alejandro Tabilo,L,188.0,26.7,12.0,3015.0,39.0,1116.0
675,Sebastian Baez,R,170.0,23.1,7-5 6-3,Indian Wells Masters,99.0,Fabio Fognini,R,178.0,36.7,19.0,1985.0,108.0,568.0
676,Lorenzo Musetti,R,185.0,22.0,6-4 2-6 7-5,Indian Wells Masters,140.0,Denis Shapovalov,L,185.0,24.8,26.0,1480.0,131.0,485.0
678,Andrey Rublev,R,188.0,26.3,7-6(3) 6-1,Indian Wells Masters,108.0,Andy Murray,R,191.0,36.8,5.0,5010.0,61.0,885.0
679,Jiri Lehecka,R,185.0,22.3,3-6 6-3 6-4,Indian Wells Masters,135.0,Brandon Nakashima,R,188.0,22.5,32.0,1260.0,93.0,645.0
680,Frances Tiafoe,R,188.0,26.1,6-3 6-3,Indian Wells Masters,77.0,Dusan Lajovic,R,183.0,33.6,18.0,2115.0,56.0,927.0
681,Stefanos Tsitsipas,R,193.0,25.5,6-3 6-2,Indian Wells Masters,68.0,Lucas Pouille,R,185.0,30.0,11.0,3170.0,273.0,202.0
682,Ben Shelton,L,193.0,21.4,4-6 6-3 6-4,Indian Wells Masters,120.0,Jakub Mensik,R,193.0,18.5,16.0,2145.0,81.0,751.0
684,Jan Lennard Struff,R,193.0,33.8,6-7(3) 6-2 7-6(9),Indian Wells Masters,178.0,Borna Coric,R,188.0,27.3,25.0,1531.0,35.0,1194.0
685,Jannik Sinner,R,191.0,22.5,6-3 6-0,Indian Wells Masters,81.0,Thanasi Kokkinakis,R,193.0,27.8,3.0,8270.0,99.0,609.0
686,Alexander Zverev,R,198.0,26.8,6-4 6-4,Indian Wells Masters,116.0,Christopher Oconnell,R,183.0,29.7,6.0,4950.0,66.0,819.0
687,Tallon Griekspoor,R,188.0,27.6,6-3 6-3,Indian Wells Masters,76.0,Yannick Hanfmann,R,193.0,32.3,27.0,1445.0,57.0,920.0
688,Alexander Bublik,R,196.0,26.7,6-4 6-1,Indian Wells Masters,63.0,Juncheng Shang,L,180.0,19.0,20.0,1984.0,139.0,465.0
689,Alex De Minaur,R,183.0,25.0,6-1 6-2,Indian Wells Masters,58.0,Taro Daniel,R,191.0,31.0,10.0,3210.0,76.0,773.0
690,Thiago Seyboth Wild,R,185.0,23.9,6-1 7-5,Indian Wells Masters,83.0,Karen Khachanov,R,198.0,27.7,65.0,820.0,15.0,2300.0
691,Fabian Marozsan,R,193.0,24.4,3-6 7-5 6-4,Indian Wells Masters,159.0,Nicolas Jarry,R,201.0,28.3,58.0,914.0,24.0,1575.0
692,Felix Auger Aliassime,R,193.0,23.5,6-4 6-1,Indian Wells Masters,88.0,Constant Lestienne,R,180.0,31.7,31.0,1295.0,100.0,606.0
693,Carlos Alcaraz,R,183.0,20.8,6-7(5) 6-0 6-1,Indian Wells Masters,134.0,Matteo Arnaldi,R,185.0,23.0,2.0,8805.0,40.0,1091.0
694,Aleksandar Vukic,R,188.0,27.9,7-6(4) 7-6(6),Indian Wells Masters,114.0,Shintaro Mochizuki,R,175.0,20.7,69.0,801.0,149.0,448.0
695,Zhizhen Zhang,R,193.0,27.3,6-7(2) 6-3 7-5,Indian Wells Masters,153.0,Aleksandar Kovacevic,R,183.0,25.5,50.0,1006.0,92.0,654.0
696,Alex Michelsen,R,193.0,19.5,6-2 6-3,Indian Wells Masters,94.0,Jaume Munar,R,183.0,26.8,80.0,754.0,75.0,776.0
697,Patrick Kypson,R,188.0,24.3,6-1 7-6(1),Indian Wells Masters,95.0,Ethan Quinn,R,191.0,19.9,151.0,443.0,284.0,196.0
698,Lukas Klein,R,193.0,25.9,7-6(8) 6-4,Indian Wells Masters,105.0,Nicolas Moreno De Alboran,R,185.0,26.6,141.0,459.0,166.0,387.0
699,Arthur Fils,R,185.0,19.7,7-6(5) 6-2,Indian Wells Masters,96.0,Nuno Borges,R,185.0,27.0,43.0,1078.0,60.0,887.0
700,Lorenzo Sonego,R,191.0,28.8,7-6(1) 6-4,Indian Wells Masters,90.0,Miomir Kecmanovic,R,183.0,24.5,55.0,935.0,47.0,1030.0
701,Gael Monfils,R,193.0,37.5,6-1 6-2,Indian Wells Masters,70.0,Max Purcell,R,185.0,25.9,54.0,937.0,71.0,796.0
702,Roberto Carballes Baena,R,183.0,30.9,6-4 6-4,Indian Wells Masters,100.0,Flavio Cobolli,R,183.0,21.8,64.0,831.0,62.0,880.0
703,Roman Safiullin,R,185.0,26.5,6-1 5-7 6-2,Indian Wells Masters,116.0,Daniel Evans,R,175.0,33.7,42.0,1080.0,45.0,1066.0
704,Tomas Machac,R,183.0,23.3,7-6(3) 4-6 6-2,Indian Wells Masters,125.0,Stan Wawrinka,R,183.0,38.9,63.0,868.0,70.0,797.0
705,Alexandre Muller,R,183.0,27.0,7-6(5) 7-5,Indian Wells Masters,119.0,Hugo Grenier,R,196.0,27.9,88.0,689.0,146.0,455.0
706,Alejandro Tabilo,L,188.0,26.7,4-6 6-3 7-5,Indian Wells Masters,127.0,Pavel Kotov,R,191.0,25.2,39.0,1116.0,67.0,819.0
707,Fabio Fognini,R,178.0,36.7,4-6 6-2 6-3,Indian Wells Masters,128.0,Bernabe Zapata Miralles,R,183.0,27.1,108.0,568.0,144.0,457.0
708,Denis Shapovalov,L,185.0,24.8,6-1 6-4,Indian Wells Masters,77.0,Botic Van De Zandschulp,R,191.0,28.4,131.0,485.0,82.0,750.0
709,Milos Raonic,R,196.0,33.1,6-3 6-3,Indian Wells Masters,88.0,Sumit Nagal,R,178.0,26.5,224.0,275.0,101.0,603.0
710,Andy Murray,R,191.0,36.8,6-3 6-2,Indian Wells Masters,80.0,David Goffin,R,180.0,33.2,61.0,885.0,112.0,553.0
711,Brandon Nakashima,R,188.0,22.5,6-3 7-6(3),Indian Wells Masters,81.0,Christopher Eubanks,R,201.0,27.8,93.0,645.0,34.0,1234.0
712,Dusan Lajovic,R,183.0,33.6,7-5 6-2,Indian Wells Masters,115.0,Emil Ruusuvuori,R,188.0,24.9,56.0,927.0,46.0,1041.0
713,Lucas Pouille,R,185.0,30.0,6-4 6-3,Indian Wells Masters,101.0,Daniel Altmaier,R,188.0,25.4,273.0,202.0,53.0,961.0
714,Jakub Mensik,R,193.0,18.5,6-3 6-4,Indian Wells Masters,79.0,Seong Chan Hong,R,175.0,26.6,81.0,751.0,227.0,268.0
715,Alexander Shevchenko,R,185.0,23.2,6-3 1-6 7-6(3),Indian Wells Masters,129.0,Dominik Koepfer,L,180.0,29.8,51.0,1000.0,49.0,1008.0
716,Borna Coric,R,188.0,27.3,6-2 3-6 6-0,Indian Wells Masters,96.0,Sebastian Ofner,R,191.0,27.8,35.0,1194.0,38.0,1116.0
717,Thanasi Kokkinakis,R,193.0,27.8,6-3 7-5,Indian Wells Masters,99.0,Marcos Giron,R,180.0,30.6,99.0,609.0,48.0,1015.0
718,Christopher Oconnell,R,183.0,29.7,1-6 6-3 6-2,Indian Wells Masters,142.0,Jack Draper,L,193.0,22.1,66.0,819.0,37.0,1151.0
719,Yannick Hanfmann,R,193.0,32.3,6-7(7) 6-4 6-1,Indian Wells Masters,139.0,Pedro Cachin,R,185.0,28.8,57.0,920.0,79.0,754.0
720,Juncheng Shang,L,180.0,19.0,6-2 6-3,Indian Wells Masters,98.0,Jordan Thompson,R,183.0,29.8,139.0,465.0,33.0,1246.0
721,Taro Daniel,R,191.0,31.0,6-4 6-1,Indian Wells Masters,106.0,Daniel Elahi Galan,R,191.0,27.7,76.0,773.0,84.0,709.0
722,Thiago Seyboth Wild,R,185.0,23.9,6-2 6-1,Indian Wells Masters,60.0,J J Wolf,R,183.0,25.2,65.0,820.0,94.0,640.0
723,Fabian Marozsan,R,193.0,24.4,6-3 6-2,Indian Wells Masters,71.0,Jurij Rodionov,L,191.0,24.8,58.0,914.0,96.0,631.0
724,Constant Lestienne,R,180.0,31.7,3-6 6-2 6-4,Indian Wells Masters,153.0,Denis Kudla,R,180.0,31.5,100.0,606.0,179.0,342.0
725,Matteo Arnaldi,R,185.0,23.0,7-6(6) 7-6(3),Indian Wells Masters,126.0,Luca Van Assche,R,178.0,19.8,40.0,1091.0,86.0,696.0
726,Jannik Sinner,R,191.0,22.5,6-3 6-1,Miami Masters,73.0,Grigor Dimitrov,R,191.0,32.8,3.0,8310.0,12.0,2935.0
727,Grigor Dimitrov,R,191.0,32.8,6-4 6-7(4) 6-4,Miami Masters,157.0,Alexander Zverev,R,198.0,26.9,12.0,2935.0,5.0,5060.0
728,Jannik Sinner,R,191.0,22.5,6-1 6-2,Miami Masters,69.0,Daniil Medvedev,R,198.0,28.0,3.0,8310.0,4.0,7765.0
729,Grigor Dimitrov,R,191.0,32.8,6-2 6-4,Miami Masters,92.0,Carlos Alcaraz,R,183.0,20.8,12.0,2935.0,2.0,8805.0
730,Alexander Zverev,R,198.0,26.9,6-3 7-5,Miami Masters,97.0,Fabian Marozsan,R,193.0,24.4,5.0,5060.0,57.0,929.0
731,Daniil Medvedev,R,198.0,28.0,6-2 7-6(7),Miami Masters,101.0,Nicolas Jarry,R,201.0,28.4,4.0,7765.0,23.0,1575.0
732,Jannik Sinner,R,191.0,22.5,6-4 6-2,Miami Masters,91.0,Tomas Machac,R,183.0,23.4,3.0,8310.0,60.0,891.0
733,Carlos Alcaraz,R,183.0,20.8,6-3 6-3,Miami Masters,86.0,Lorenzo Musetti,R,185.0,22.0,2.0,8805.0,24.0,1520.0
734,Grigor Dimitrov,R,191.0,32.8,3-6 6-3 7-6(3),Miami Masters,162.0,Hubert Hurkacz,R,196.0,27.0,12.0,2935.0,9.0,3370.0
735,Alexander Zverev,R,198.0,26.9,6-1 6-4,Miami Masters,69.0,Karen Khachanov,R,198.0,27.8,5.0,5060.0,16.0,2265.0
736,Fabian Marozsan,R,193.0,24.4,6-4 0-6 6-1,Miami Masters,103.0,Alex De Minaur,R,183.0,25.0,57.0,929.0,10.0,3300.0
737,Nicolas Jarry,R,201.0,28.4,7-6(3) 6-3,Miami Masters,110.0,Casper Ruud,R,183.0,25.2,23.0,1575.0,8.0,3560.0
738,Daniil Medvedev,R,198.0,28.0,7-6(5) 6-0,Miami Masters,89.0,Dominik Koepfer,L,180.0,29.8,4.0,7765.0,50.0,1002.0
739,Tomas Machac,R,183.0,23.4,6-3 6-3,Miami Masters,80.0,Matteo Arnaldi,R,185.0,23.0,60.0,891.0,38.0,1096.0
740,Jannik Sinner,R,191.0,22.5,6-4 6-3,Miami Masters,111.0,Christopher Oconnell,R,183.0,29.7,3.0,8310.0,66.0,833.0
741,Carlos Alcaraz,R,183.0,20.8,6-2 6-4,Miami Masters,74.0,Gael Monfils,R,193.0,37.5,2.0,8805.0,47.0,1027.0
742,Lorenzo Musetti,R,185.0,22.0,6-4 7-6(5),Miami Masters,112.0,Ben Shelton,L,193.0,21.4,24.0,1520.0,17.0,2220.0
743,Grigor Dimitrov,R,191.0,32.8,6-1 6-0,Miami Masters,46.0,Yannick Hanfmann,R,193.0,32.3,12.0,2935.0,56.0,940.0
744,Hubert Hurkacz,R,196.0,27.0,7-6(5) 6-7(5) 6-3,Miami Masters,135.0,Sebastian Korda,R,196.0,23.7,9.0,3370.0,29.0,1395.0
745,Alexander Zverev,R,198.0,26.9,7-6(4) 6-3,Miami Masters,104.0,Christopher Eubanks,R,201.0,27.8,5.0,5060.0,32.0,1233.0
746,Karen Khachanov,R,198.0,27.8,6-1 5-7 7-6(5),Miami Masters,168.0,Francisco Cerundolo,R,185.0,25.5,16.0,2265.0,21.0,1845.0
747,Alex De Minaur,R,183.0,25.0,7-6(3) 6-4,Miami Masters,109.0,Jan Lennard Struff,R,193.0,33.8,10.0,3300.0,25.0,1484.0
748,Fabian Marozsan,R,193.0,24.4,7-5 6-3,Miami Masters,92.0,Alexei Popyrin,R,196.0,24.6,57.0,929.0,45.0,1032.0
749,Casper Ruud,R,183.0,25.2,6-3 6-4,Miami Masters,96.0,Alejandro Davidovich Fokina,R,183.0,24.7,8.0,3560.0,28.0,1425.0
750,Nicolas Jarry,R,201.0,28.4,6-7(1) 7-5 6-3,Miami Masters,179.0,Thiago Seyboth Wild,R,185.0,24.0,23.0,1575.0,76.0,768.0
751,Dominik Koepfer,L,180.0,29.8,3-6 6-4 6-3,Miami Masters,134.0,Ugo Humbert,L,188.0,25.7,50.0,1002.0,15.0,2420.0
752,Daniil Medvedev,R,198.0,28.0,7-5 6-1,Miami Masters,81.0,Cameron Norrie,L,188.0,28.5,4.0,7765.0,31.0,1250.0
753,Tomas Machac,R,183.0,23.4,5-7 7-5 7-6(5),Miami Masters,208.0,Andy Murray,R,191.0,36.8,60.0,891.0,62.0,870.0
754,Matteo Arnaldi,R,185.0,23.0,6-3 7-6(7),Miami Masters,99.0,Denis Shapovalov,L,185.0,24.9,38.0,1096.0,126.0,505.0
755,Christopher Oconnell,R,183.0,29.7,7-6(5) 7-6(5),Miami Masters,130.0,Martin Damm,L,203.0,20.4,66.0,833.0,204.0,296.0
756,Jannik Sinner,R,191.0,22.5,5-7 7-5 6-1,Miami Masters,143.0,Tallon Griekspoor,R,188.0,27.7,3.0,8310.0,26.0,1450.0
757,Carlos Alcaraz,R,183.0,20.8,6-2 6-1,Miami Masters,85.0,Roberto Carballes Baena,R,183.0,30.9,2.0,8805.0,64.0,851.0
758,Gael Monfils,R,193.0,37.5,6-7(3) 6-1 6-2,Miami Masters,133.0,Jordan Thompson,R,183.0,29.9,47.0,1027.0,34.0,1211.0
759,Lorenzo Musetti,R,185.0,22.0,7-5 6-1,Miami Masters,93.0,Roman Safiullin,R,185.0,26.6,24.0,1520.0,39.0,1085.0
760,Ben Shelton,L,193.0,21.4,6-3 6-4,Miami Masters,75.0,Martin Landaluce,R,191.0,18.1,17.0,2220.0,360.0,137.0
761,Grigor Dimitrov,R,191.0,32.8,6-7(5) 7-6(5) 6-2,Miami Masters,146.0,Alejandro Tabilo,L,188.0,26.7,12.0,2935.0,44.0,1040.0
762,Yannick Hanfmann,R,193.0,32.3,3-6 7-6(1) 6-4,Miami Masters,164.0,Adrian Mannarino,L,180.0,35.7,56.0,940.0,20.0,1955.0
763,Sebastian Korda,R,196.0,23.7,6-7(2) 6-3 6-4,Miami Masters,136.0,Roberto Bautista Agut,R,183.0,35.9,29.0,1395.0,100.0,614.0
764,Hubert Hurkacz,R,196.0,27.0,6-4 6-7(2) 6-3,Miami Masters,119.0,Alexander Shevchenko,R,185.0,23.2,9.0,3370.0,58.0,924.0
765,Alexander Zverev,R,198.0,26.9,6-2 6-4,Miami Masters,76.0,Felix Auger Aliassime,R,193.0,23.6,5.0,5060.0,36.0,1165.0
766,Christopher Eubanks,R,201.0,27.8,7-6(3) 3-6 7-6(7),Miami Masters,160.0,Daniel Evans,R,175.0,33.8,32.0,1233.0,43.0,1066.0
767,Francisco Cerundolo,R,185.0,25.5,7-6(2) 6-7(2) 6-1,Miami Masters,135.0,Sebastian Ofner,R,191.0,27.8,21.0,1845.0,40.0,1076.0
768,Karen Khachanov,R,198.0,27.8,6-2 6-4,Miami Masters,87.0,Laslo Djere,R,188.0,28.7,16.0,2265.0,35.0,1180.0
769,Alex De Minaur,R,183.0,25.0,6-3 6-2,Miami Masters,77.0,Soon Woo Kwon,R,180.0,26.2,10.0,3300.0,863.0,20.0
770,Jan Lennard Struff,R,193.0,33.8,6-3 6-3,Miami Masters,80.0,Daniel Altmaier,R,188.0,25.5,25.0,1484.0,54.0,951.0
771,Alexei Popyrin,R,196.0,24.6,6-4 6-4,Miami Masters,72.0,Jiri Lehecka,R,185.0,22.3,45.0,1032.0,27.0,1435.0
772,Fabian Marozsan,R,193.0,24.4,6-1 6-1,Miami Masters,59.0,Holger Rune,R,188.0,20.8,57.0,929.0,7.0,3875.0
773,Casper Ruud,R,183.0,25.2,7-6(5) 1-6 6-1,Miami Masters,119.0,Luca Van Assche,R,178.0,19.8,8.0,3560.0,80.0,736.0
774,Alejandro Davidovich Fokina,R,183.0,24.7,6-3 7-5,Miami Masters,104.0,Juncheng Shang,L,180.0,19.1,28.0,1425.0,124.0,507.0
775,Nicolas Jarry,R,201.0,28.4,7-6(5) 4-6 7-6(2),Miami Masters,215.0,Jack Draper,L,193.0,22.2,23.0,1575.0,42.0,1071.0
776,Thiago Seyboth Wild,R,185.0,24.0,6-3 6-4,Miami Masters,71.0,Taylor Fritz,R,196.0,26.3,76.0,768.0,13.0,2935.0
777,Ugo Humbert,L,188.0,25.7,6-4 6-3,Miami Masters,86.0,Botic Van De Zandschulp,R,191.0,28.4,15.0,2420.0,77.0,750.0
778,Dominik Koepfer,L,180.0,29.8,6-3 6-2,Miami Masters,67.0,Sebastian Baez,R,170.0,23.2,50.0,1002.0,19.0,1990.0
779,Cameron Norrie,L,188.0,28.5,7-5 6-7(4) 6-2,Miami Masters,154.0,Flavio Cobolli,R,183.0,21.8,31.0,1250.0,63.0,865.0
780,Daniil Medvedev,R,198.0,28.0,6-4 6-2,Miami Masters,79.0,Marton Fucsovics,R,188.0,32.1,4.0,7765.0,86.0,692.0
781,Tomas Machac,R,183.0,23.4,6-4 6-4,Miami Masters,66.0,Andrey Rublev,R,188.0,26.4,60.0,891.0,6.0,4970.0
782,Andy Murray,R,191.0,36.8,7-6(0) 6-3,Miami Masters,137.0,Tomas Martin Etcheverry,R,196.0,24.6,62.0,870.0,30.0,1325.0
783,Matteo Arnaldi,R,185.0,23.0,6-4 6-1,Miami Masters,79.0,Alexander Bublik,R,196.0,26.7,38.0,1096.0,18.0,2002.0
784,Denis Shapovalov,L,185.0,24.9,6-2 6-4,Miami Masters,103.0,Stefanos Tsitsipas,R,193.0,25.5,126.0,505.0,11.0,3255.0
786,Christopher Oconnell,R,183.0,29.7,7-5 7-6(5),Miami Masters,114.0,Frances Tiafoe,R,188.0,26.1,66.0,833.0,22.0,1805.0
787,Tallon Griekspoor,R,188.0,27.7,7-6(5) 6-7(7) 6-4,Miami Masters,161.0,Alex Michelsen,R,193.0,19.5,26.0,1450.0,73.0,776.0
788,Jannik Sinner,R,191.0,22.5,6-3 6-4,Miami Masters,80.0,Andrea Vavassori,R,193.0,28.8,3.0,8310.0,148.0,450.0
789,Roberto Carballes Baena,R,183.0,30.9,7-6(2) 6-3,Miami Masters,99.0,Aleksandar Vukic,R,188.0,27.9,64.0,851.0,65.0,834.0
790,Gael Monfils,R,193.0,37.5,7-6(5) 6-4,Miami Masters,92.0,Dusan Lajovic,R,183.0,33.7,47.0,1027.0,52.0,957.0
791,Roman Safiullin,R,185.0,26.6,6-2 6-4,Miami Masters,86.0,Diego Schwartzman,R,170.0,31.5,39.0,1085.0,122.0,513.0
792,Martin Landaluce,R,191.0,18.1,6-3 1-6 7-5,Miami Masters,149.0,Jaume Munar,R,183.0,26.8,360.0,137.0,72.0,776.0
793,Alejandro Tabilo,L,188.0,26.7,6-4 3-6 6-3,Miami Masters,132.0,Brandon Nakashima,R,188.0,22.6,44.0,1040.0,92.0,650.0
794,Yannick Hanfmann,R,193.0,32.3,6-4 4-6 6-4,Miami Masters,126.0,Emil Ruusuvuori,R,188.0,24.9,56.0,940.0,48.0,1006.0
795,Roberto Bautista Agut,R,183.0,35.9,6-3 7-6(4),Miami Masters,113.0,Emilio Nava,R,185.0,22.2,100.0,614.0,132.0,488.0
796,Alexander Shevchenko,R,185.0,23.2,6-7(4) 7-6(4) 7-5,Miami Masters,176.0,Daniel Elahi Galan,R,191.0,27.7,58.0,924.0,84.0,712.0
797,Felix Auger Aliassime,R,193.0,23.6,7-5 6-4,Miami Masters,120.0,Adam Walton,R,183.0,24.9,36.0,1165.0,150.0,445.0
798,Daniel Evans,R,175.0,33.8,1-6 6-3 6-4,Miami Masters,143.0,Lorenzo Sonego,R,191.0,28.8,43.0,1066.0,53.0,955.0
799,Sebastian Ofner,R,191.0,27.8,6-3 6-4,Miami Masters,79.0,Kei Nishikori,R,178.0,34.2,40.0,1076.0,351.0,143.0
800,Laslo Djere,R,188.0,28.7,7-5 7-6(3),Miami Masters,141.0,Coleman Wong,R,191.0,19.7,35.0,1180.0,212.0,285.0
801,Soon Woo Kwon,R,180.0,26.2,7-6(3) 6-3,Miami Masters,89.0,Alexandre Muller,R,183.0,27.1,863.0,20.0,85.0,709.0
802,Daniel Altmaier,R,188.0,25.5,6-2 7-5,Miami Masters,109.0,Harold Mayot,R,180.0,22.1,54.0,951.0,141.0,472.0
803,Alexei Popyrin,R,196.0,24.6,6-2 6-2,Miami Masters,76.0,Facundo Diaz Acosta,L,183.0,23.2,45.0,1032.0,55.0,943.0
804,Fabian Marozsan,R,193.0,24.4,6-3 6-2,Miami Masters,66.0,Aleksandar Kovacevic,R,183.0,25.5,57.0,929.0,98.0,616.0
805,Luca Van Assche,R,178.0,19.8,6-3 7-5,Miami Masters,99.0,Pavel Kotov,R,191.0,25.3,80.0,736.0,67.0,823.0
806,Juncheng Shang,L,180.0,19.1,7-6(5) 4-6 7-6(5),Miami Masters,166.0,Miomir Kecmanovic,R,183.0,24.5,124.0,507.0,46.0,1030.0
807,Jack Draper,L,193.0,22.2,6-3 6-2,Miami Masters,69.0,Taro Daniel,R,191.0,31.1,42.0,1071.0,78.0,742.0
808,Thiago Seyboth Wild,R,185.0,24.0,6-4 7-5,Miami Masters,102.0,Nuno Borges,R,185.0,27.0,76.0,768.0,61.0,887.0
809,Botic Van De Zandschulp,R,191.0,28.4,7-5 7-6(3),Miami Masters,113.0,Rinky Hijikata,R,178.0,23.0,77.0,750.0,81.0,724.0
810,Dominik Koepfer,L,180.0,29.8,4-6 6-1 6-4,Miami Masters,109.0,Marcos Giron,R,180.0,30.6,50.0,1002.0,51.0,1000.0
811,Flavio Cobolli,R,183.0,21.8,1-6 6-1 6-4,Miami Masters,112.0,Yoshihito Nishioka,L,170.0,28.4,63.0,865.0,71.0,778.0
812,Marton Fucsovics,R,188.0,32.1,6-2 6-1,Miami Masters,61.0,Max Purcell,R,185.0,25.9,86.0,692.0,68.0,796.0
813,Tomas Machac,R,183.0,23.4,6-4 6-2,Miami Masters,80.0,Darwin Blanch,L,185.0,16.4,60.0,891.0,1034.0,11.0
814,Andy Murray,R,191.0,36.8,4-6 6-3 6-4,Miami Masters,168.0,Matteo Berrettini,R,196.0,27.9,62.0,870.0,142.0,470.0
815,Matteo Arnaldi,R,185.0,23.0,6-3 6-4,Miami Masters,86.0,Arthur Fils,R,185.0,19.7,38.0,1096.0,37.0,1128.0
816,Denis Shapovalov,L,185.0,24.9,6-3 6-7(3) 6-4,Miami Masters,147.0,Luciano Darderi,R,183.0,22.0,126.0,505.0,75.0,771.0
817,Martin Damm,L,203.0,20.4,7-6(2) 7-6(3),Miami Masters,123.0,Zhizhen Zhang,R,193.0,27.4,204.0,296.0,49.0,1005.0
818,Christopher Oconnell,R,183.0,29.7,6-2 6-4,Miami Masters,75.0,Vit Kopriva,R,178.0,26.7,66.0,833.0,116.0,531.0
819,Alex Michelsen,R,193.0,19.5,7-6(5) 6-2,Miami Masters,92.0,Lukas Klein,R,193.0,25.9,73.0,776.0,128.0,502.0
820,Andrea Vavassori,R,193.0,28.8,6-2 6-2,Miami Masters,69.0,Pedro Cachin,R,185.0,28.9,148.0,450.0,79.0,739.0
821,Hubert Hurkacz,R,196.0,27.1,6-3 6-4,Estoril,86.0,Pedro Martinez,R,185.0,26.9,10.0,3425.0,77.0,741.0
822,Pedro Martinez,R,185.0,26.9,6-4 4-6 6-4,Estoril,187.0,Casper Ruud,R,183.0,25.2,77.0,741.0,8.0,3615.0
823,Hubert Hurkacz,R,196.0,27.1,6-3 3-6 6-3,Estoril,118.0,Cristian Garin,R,185.0,27.8,10.0,3425.0,112.0,543.0
824,Casper Ruud,R,183.0,25.2,6-3 6-2,Estoril,72.0,Marton Fucsovics,R,188.0,32.1,8.0,3615.0,85.0,697.0
825,Pedro Martinez,R,185.0,26.9,6-4 6-4,Estoril,105.0,Richard Gasquet,R,183.0,37.7,77.0,741.0,122.0,508.0
826,Cristian Garin,R,185.0,27.8,6-2 7-6(3),Estoril,130.0,Nuno Borges,R,185.0,27.1,112.0,543.0,62.0,871.0
827,Hubert Hurkacz,R,196.0,27.1,7-6(4) 6-4,Estoril,105.0,Pablo Llamas Ruiz,R,188.0,21.4,10.0,3425.0,152.0,421.0
828,Casper Ruud,R,183.0,25.2,6-1 6-2,Estoril,76.0,Botic Van De Zandschulp,R,191.0,28.4,8.0,3615.0,87.0,690.0
829,Marton Fucsovics,R,188.0,32.1,1-6 6-1 7-5,Estoril,123.0,Gael Monfils,R,193.0,37.5,85.0,697.0,45.0,1067.0
830,Richard Gasquet,R,183.0,37.7,6-4 7-6(6),Estoril,121.0,Dominic Thiem,R,185.0,30.5,122.0,508.0,91.0,655.0
831,Pedro Martinez,R,185.0,26.9,7-5 6-4,Estoril,119.0,Roberto Bautista Agut,R,183.0,35.9,77.0,741.0,93.0,654.0
832,Cristian Garin,R,185.0,27.8,2-6 6-4 6-4,Estoril,132.0,Arthur Fils,R,185.0,19.8,112.0,543.0,37.0,1130.0
833,Nuno Borges,R,185.0,27.1,7-6(4) 6-3,Estoril,96.0,Lorenzo Musetti,R,185.0,22.0,62.0,871.0,24.0,1610.0
834,Pablo Llamas Ruiz,R,188.0,21.4,7-6(2) 6-4,Estoril,130.0,David Jorda Sanchis,R,198.0,29.7,152.0,421.0,329.0,159.0
835,Hubert Hurkacz,R,196.0,27.1,7-6(5) 6-4,Estoril,107.0,Jan Choinski,R,196.0,27.8,10.0,3425.0,188.0,325.0
836,Botic Van De Zandschulp,R,191.0,28.4,6-4 4-6 6-1,Estoril,141.0,Federico Coria,R,180.0,32.0,87.0,690.0,88.0,687.0
837,Marton Fucsovics,R,188.0,32.1,7-5 6-2,Estoril,89.0,Pedro Cachin,R,185.0,28.9,85.0,697.0,78.0,733.0
838,Gael Monfils,R,193.0,37.5,7-5 7-5,Estoril,102.0,Henrique Rocha,R,180.0,19.9,45.0,1067.0,197.0,306.0
839,Dominic Thiem,R,185.0,30.5,6-1 6-7(3) 6-4,Estoril,134.0,Maximilian Marterer,L,188.0,28.7,91.0,655.0,97.0,616.0
840,Pedro Martinez,R,185.0,26.9,6-4 6-2,Estoril,100.0,Daniel Altmaier,R,188.0,25.5,77.0,741.0,54.0,955.0
841,Roberto Bautista Agut,R,183.0,35.9,6-1 7-5,Estoril,84.0,Miomir Kecmanovic,R,183.0,24.5,93.0,654.0,50.0,995.0
842,Arthur Fils,R,185.0,19.8,7-5 6-4,Estoril,110.0,Joao Sousa,R,185.0,35.0,37.0,1130.0,272.0,209.0
843,Cristian Garin,R,185.0,27.8,7-6(3) 7-5,Estoril,140.0,Jurij Rodionov,L,191.0,24.8,112.0,543.0,119.0,515.0
844,Nuno Borges,R,185.0,27.1,0-6 7-6(6) 6-3,Estoril,141.0,Lucas Pouille,R,185.0,30.1,62.0,871.0,241.0,252.0
845,Pablo Llamas Ruiz,R,188.0,21.4,6-4 6-3,Estoril,97.0,Dominik Koepfer,L,180.0,29.9,152.0,421.0,52.0,972.0
846,David Jorda Sanchis,R,198.0,29.7,7-6(4) 6-1,Estoril,105.0,Jaime Faria,R,188.0,20.6,329.0,159.0,262.0,217.0
847,Jan Choinski,R,196.0,27.8,6-2 6-7(5) 6-4,Estoril,145.0,Joao Fonseca,R,185.0,17.6,188.0,325.0,288.0,193.0
848,Ben Shelton,L,193.0,21.4,7-5 4-6 6-3,Houston,136.0,Frances Tiafoe,R,188.0,26.1,16.0,2260.0,21.0,1770.0
849,Ben Shelton,L,193.0,21.4,6-7(4) 6-4 6-4,Houston,149.0,Tomas Martin Etcheverry,R,196.0,24.7,16.0,2260.0,30.0,1310.0
850,Frances Tiafoe,R,188.0,26.1,6-2 7-6(2),Houston,94.0,Luciano Darderi,R,183.0,22.1,21.0,1770.0,72.0,781.0
851,Ben Shelton,L,193.0,21.4,7-5 7-6(9),Houston,133.0,Brandon Nakashima,R,188.0,22.6,16.0,2260.0,92.0,655.0
853,Frances Tiafoe,R,188.0,26.1,7-6(8) 6-4,Houston,119.0,Jordan Thompson,R,183.0,29.9,21.0,1770.0,33.0,1195.0
854,Luciano Darderi,R,183.0,22.1,6-0 6-4,Houston,86.0,Marcos Giron,R,180.0,30.6,72.0,781.0,51.0,990.0
855,Ben Shelton,L,193.0,21.4,3-6 6-4 6-3,Houston,145.0,Zizou Bergs,R,185.0,24.8,16.0,2260.0,111.0,545.0
856,Brandon Nakashima,R,188.0,22.6,6-1 6-4,Houston,68.0,Rinky Hijikata,R,178.0,23.1,92.0,655.0,80.0,723.0
857,Tomas Martin Etcheverry,R,196.0,24.7,6-4 6-4,Houston,112.0,Daniel Elahi Galan,R,191.0,27.7,30.0,1310.0,83.0,711.0
858,Michael Mmoh,R,188.0,26.2,6-2 7-5,Houston,94.0,Max Purcell,R,185.0,25.9,123.0,507.0,79.0,726.0
859,Jordan Thompson,R,183.0,29.9,4-6 7-6(1) 7-6(7),Houston,214.0,Aleksandar Kovacevic,R,183.0,25.5,33.0,1195.0,98.0,613.0
860,Frances Tiafoe,R,188.0,26.1,6-2 6-7(4) 7-5,Houston,134.0,James Duckworth,R,183.0,32.1,21.0,1770.0,105.0,565.0
861,Marcos Giron,R,180.0,30.6,6-4 6-3,Houston,103.0,J J Wolf,R,183.0,25.2,51.0,990.0,96.0,625.0
862,Luciano Darderi,R,183.0,22.1,6-4 2-6 7-6(4),Houston,150.0,Francisco Cerundolo,R,185.0,25.6,72.0,781.0,23.0,1715.0
863,Zizou Bergs,R,185.0,24.8,7-6(5) 6-3,Houston,113.0,Patrick Kypson,R,188.0,24.4,111.0,545.0,133.0,472.0
864,Brandon Nakashima,R,188.0,22.6,6-1 6-4,Houston,79.0,Duje Ajdukovic,R,188.0,23.1,92.0,655.0,115.0,528.0
865,Rinky Hijikata,R,178.0,23.1,7-6(4) 7-6(2),Houston,110.0,Christopher Eubanks,R,201.0,27.9,80.0,723.0,41.0,1087.0
866,Daniel Elahi Galan,R,191.0,27.7,7-6(13) 6-4,Houston,113.0,Benoit Paire,R,196.0,34.8,83.0,711.0,142.0,460.0
867,Michael Mmoh,R,188.0,26.2,6-2 7-6(4),Houston,120.0,Juan Pablo Varillas,R,185.0,28.4,123.0,507.0,101.0,596.0
868,Max Purcell,R,185.0,25.9,7-5 6-7(4) 6-4,Houston,168.0,Alex Michelsen,R,193.0,19.6,79.0,726.0,70.0,790.0
869,Jordan Thompson,R,183.0,29.9,6-4 6-4,Houston,109.0,Yibing Wu,R,183.0,24.4,33.0,1195.0,298.0,185.0
870,Aleksandar Kovacevic,R,183.0,25.5,7-6(3) 6-7(2) 6-4,Houston,195.0,Thanasi Kokkinakis,R,193.0,27.9,98.0,613.0,104.0,584.0
871,James Duckworth,R,183.0,32.1,6-3 6-3,Houston,87.0,Gijs Brouwer,L,191.0,28.0,105.0,565.0,199.0,300.0
872,Marcos Giron,R,180.0,30.6,6-2 7-5,Houston,68.0,Denis Shapovalov,L,185.0,24.9,51.0,990.0,121.0,510.0
873,J J Wolf,R,183.0,25.2,6-3 2-6 6-4,Houston,118.0,Alexander Ritschard,R,193.0,30.0,96.0,625.0,194.0,309.0
874,Luciano Darderi,R,183.0,22.1,3-6 7-6(3) 6-2,Houston,137.0,Denis Kudla,R,180.0,31.6,72.0,781.0,160.0,409.0
875,Matteo Berrettini,R,196.0,27.9,7-5 6-2,Marrakech,106.0,Roberto Carballes Baena,R,183.0,31.0,135.0,470.0,64.0,856.0
876,Roberto Carballes Baena,R,183.0,31.0,6-4 6-2,Marrakech,99.0,Pavel Kotov,R,191.0,25.3,64.0,856.0,68.0,807.0
877,Matteo Berrettini,R,196.0,27.9,6-7(4) 6-3 6-2,Marrakech,162.0,Mariano Navone,R,178.0,23.0,135.0,470.0,60.0,883.0
878,Pavel Kotov,R,191.0,25.3,6-1 6-2,Marrakech,77.0,Fabio Fognini,R,178.0,36.8,68.0,807.0,100.0,599.0
879,Roberto Carballes Baena,R,183.0,31.0,6-4 4-6 6-4,Marrakech,151.0,Nicolas Moreno De Alboran,R,185.0,26.7,64.0,856.0,157.0,413.0
880,Matteo Berrettini,R,196.0,27.9,6-3 7-6(5),Marrakech,100.0,Lorenzo Sonego,R,191.0,28.8,135.0,470.0,61.0,875.0
881,Mariano Navone,R,178.0,23.0,6-2 6-4,Marrakech,81.0,Aleksandar Vukic,R,188.0,27.9,60.0,883.0,67.0,818.0
882,Fabio Fognini,R,178.0,36.8,7-6(1) 2-6 6-4,Marrakech,147.0,Laslo Djere,R,188.0,28.8,100.0,599.0,34.0,1185.0
883,Pavel Kotov,R,191.0,25.3,6-1 7-6(5),Marrakech,118.0,Flavio Cobolli,R,183.0,21.9,68.0,807.0,63.0,865.0
884,Roberto Carballes Baena,R,183.0,31.0,6-4 7-6(3),Marrakech,139.0,Daniel Evans,R,175.0,33.8,64.0,856.0,42.0,1086.0
885,Nicolas Moreno De Alboran,R,185.0,26.7,6-3 6-4,Marrakech,93.0,David Goffin,R,180.0,33.3,157.0,413.0,102.0,594.0
886,Matteo Berrettini,R,196.0,27.9,6-4 4-6 6-3,Marrakech,140.0,Jaume Munar,R,183.0,26.9,135.0,470.0,73.0,770.0
887,Lorenzo Sonego,R,191.0,28.8,1-6 6-3 6-4,Marrakech,139.0,Sumit Nagal,R,178.0,26.6,61.0,875.0,95.0,633.0
888,Mariano Navone,R,178.0,23.0,3-6 7-5 6-2,Marrakech,138.0,Stan Wawrinka,R,183.0,39.0,60.0,883.0,82.0,717.0
889,Aleksandar Vukic,R,188.0,27.9,7-6(11) 2-6 7-6(7),Marrakech,168.0,Sebastian Ofner,R,191.0,27.8,67.0,818.0,47.0,1056.0
890,Fabio Fognini,R,178.0,36.8,6-7(4) 6-1 6-4,Marrakech,154.0,Hugo Gaston,L,173.0,23.5,100.0,599.0,89.0,662.0
891,Pavel Kotov,R,191.0,25.3,7-5 6-3,Marrakech,110.0,Elliot Benchetrit,R,193.0,25.4,68.0,807.0,661.0,48.0
892,Flavio Cobolli,R,183.0,21.9,6-1 6-4,Marrakech,71.0,Abedallah Shelbayh,L,180.0,20.3,63.0,865.0,230.0,265.0
894,David Goffin,R,180.0,33.3,6-4 6-4,Marrakech,98.0,Arthur Rinderknech,R,196.0,28.6,102.0,594.0,81.0,723.0
895,Nicolas Moreno De Alboran,R,185.0,26.7,6-4 3-6 6-3,Marrakech,138.0,Facundo Diaz Acosta,L,183.0,23.2,157.0,413.0,55.0,943.0
896,Matteo Berrettini,R,196.0,27.9,6-2 6-1,Marrakech,74.0,Alexander Shevchenko,R,185.0,23.3,135.0,470.0,56.0,934.0
897,Jaume Munar,R,183.0,26.9,7-6(3) 6-2,Marrakech,109.0,Luca Van Assche,R,178.0,19.8,73.0,770.0,94.0,641.0
898,Sumit Nagal,R,178.0,26.6,4-6 6-3 6-2,Marrakech,130.0,Corentin Moutet,L,180.0,24.9,95.0,633.0,99.0,612.0
899,Mariano Navone,R,178.0,23.0,6-3 6-2,Marrakech,76.0,Aziz Dougaz,L,188.0,27.0,60.0,883.0,235.0,261.0
900,Stan Wawrinka,R,183.0,39.0,6-1 6-4,Marrakech,75.0,Albert Ramos,L,188.0,36.2,82.0,717.0,103.0,590.0
901,Aleksandar Vukic,R,188.0,27.9,6-3 7-6(5),Marrakech,101.0,Alexandre Muller,R,183.0,27.1,67.0,818.0,86.0,694.0
902,Stefanos Tsitsipas,R,193.0,25.6,6-1 6-4,Monte Carlo Masters,96.0,Casper Ruud,R,183.0,25.2,12.0,3175.0,10.0,3465.0
903,Casper Ruud,R,183.0,25.2,6-4 1-6 6-4,Monte Carlo Masters,137.0,Novak Djokovic,R,188.0,36.8,10.0,3465.0,1.0,9725.0
904,Stefanos Tsitsipas,R,193.0,25.6,6-4 3-6 6-4,Monte Carlo Masters,160.0,Jannik Sinner,R,191.0,22.6,12.0,3175.0,2.0,8710.0
905,Novak Djokovic,R,188.0,36.8,7-5 6-4,Monte Carlo Masters,124.0,Alex De Minaur,R,183.0,25.1,1.0,9725.0,11.0,3355.0
906,Casper Ruud,R,183.0,25.2,6-3 4-6 6-1,Monte Carlo Masters,125.0,Ugo Humbert,L,188.0,25.7,10.0,3465.0,15.0,2425.0
907,Stefanos Tsitsipas,R,193.0,25.6,6-4 6-2,Monte Carlo Masters,82.0,Karen Khachanov,R,198.0,27.8,12.0,3175.0,17.0,2005.0
908,Jannik Sinner,R,191.0,22.6,6-4 6-7(6) 6-3,Monte Carlo Masters,160.0,Holger Rune,R,188.0,20.9,2.0,8710.0,7.0,3795.0
909,Novak Djokovic,R,188.0,36.8,7-5 6-3,Monte Carlo Masters,118.0,Lorenzo Musetti,R,185.0,22.0,1.0,9725.0,24.0,1590.0
910,Alex De Minaur,R,183.0,25.1,6-3 6-4,Monte Carlo Masters,75.0,Alexei Popyrin,R,196.0,24.6,11.0,3355.0,46.0,1047.0
911,Ugo Humbert,L,188.0,25.7,5-7 6-3 6-1,Monte Carlo Masters,172.0,Lorenzo Sonego,R,191.0,28.9,15.0,2425.0,57.0,915.0
912,Casper Ruud,R,183.0,25.2,6-4 6-2,Monte Carlo Masters,73.0,Hubert Hurkacz,R,196.0,27.1,10.0,3465.0,8.0,3665.0
913,Stefanos Tsitsipas,R,193.0,25.6,7-5 7-6(3),Monte Carlo Masters,126.0,Alexander Zverev,R,198.0,26.9,12.0,3175.0,5.0,5415.0
914,Karen Khachanov,R,198.0,27.8,6-3 7-5,Monte Carlo Masters,113.0,Daniil Medvedev,R,198.0,28.1,17.0,2005.0,4.0,7165.0
915,Holger Rune,R,188.0,20.9,7-6(9) 3-6 7-6(2),Monte Carlo Masters,210.0,Grigor Dimitrov,R,191.0,32.8,7.0,3795.0,9.0,3540.0
916,Jannik Sinner,R,191.0,22.6,6-4 6-2,Monte Carlo Masters,76.0,Jan Lennard Struff,R,193.0,33.9,2.0,8710.0,25.0,1493.0
917,Novak Djokovic,R,188.0,36.8,6-1 6-2,Monte Carlo Masters,70.0,Roman Safiullin,R,185.0,26.6,1.0,9725.0,41.0,1089.0
918,Lorenzo Musetti,R,185.0,22.0,6-3 7-5,Monte Carlo Masters,100.0,Arthur Fils,R,185.0,19.8,24.0,1590.0,36.0,1145.0
919,Alex De Minaur,R,183.0,25.1,2-6 6-2 6-3,Monte Carlo Masters,123.0,Tallon Griekspoor,R,188.0,27.7,11.0,3355.0,26.0,1475.0
920,Alexei Popyrin,R,196.0,24.6,6-4 6-4,Monte Carlo Masters,100.0,Andrey Rublev,R,188.0,26.4,46.0,1047.0,6.0,4890.0
921,Lorenzo Sonego,R,191.0,28.9,6-4 7-5,Monte Carlo Masters,121.0,Felix Auger Aliassime,R,193.0,23.6,57.0,915.0,35.0,1150.0
922,Ugo Humbert,L,188.0,25.7,6-1 6-4,Monte Carlo Masters,73.0,Zhizhen Zhang,R,193.0,27.4,15.0,2425.0,49.0,1005.0
923,Hubert Hurkacz,R,196.0,27.1,7-5 7-6(4),Monte Carlo Masters,124.0,Roberto Bautista Agut,R,183.0,35.9,8.0,3665.0,90.0,668.0
924,Casper Ruud,R,183.0,25.2,6-2 6-4,Monte Carlo Masters,81.0,Alejandro Tabilo,L,188.0,26.8,10.0,3465.0,45.0,1051.0
925,Alexander Zverev,R,198.0,26.9,6-3 6-4,Monte Carlo Masters,78.0,Sebastian Ofner,R,191.0,27.9,5.0,5415.0,44.0,1056.0
926,Stefanos Tsitsipas,R,193.0,25.6,6-1 6-0,Monte Carlo Masters,63.0,Tomas Martin Etcheverry,R,196.0,24.7,12.0,3175.0,31.0,1260.0
927,Karen Khachanov,R,198.0,27.8,4-6 6-4 6-3,Monte Carlo Masters,136.0,Francisco Cerundolo,R,185.0,25.6,17.0,2005.0,22.0,1715.0
928,Daniil Medvedev,R,198.0,28.1,6-2 6-4,Monte Carlo Masters,88.0,Gael Monfils,R,193.0,37.6,4.0,7165.0,40.0,1092.0
929,Holger Rune,R,188.0,20.9,6-3 3-6 6-2,Monte Carlo Masters,131.0,Sumit Nagal,R,178.0,26.6,7.0,3795.0,93.0,656.0
930,Grigor Dimitrov,R,191.0,32.8,6-4 6-3,Monte Carlo Masters,91.0,Miomir Kecmanovic,R,183.0,24.6,9.0,3540.0,66.0,855.0
931,Jan Lennard Struff,R,193.0,33.9,7-6(2) 6-1,Monte Carlo Masters,91.0,Borna Coric,R,188.0,27.3,25.0,1493.0,33.0,1204.0
932,Jannik Sinner,R,191.0,22.6,6-1 6-2,Monte Carlo Masters,75.0,Sebastian Korda,R,196.0,23.7,2.0,8710.0,27.0,1445.0
933,Roman Safiullin,R,185.0,26.6,7-5 6-1,Monte Carlo Masters,96.0,Jaume Munar,R,183.0,26.9,41.0,1089.0,72.0,775.0
934,Arthur Fils,R,185.0,19.8,6-0 6-2,Monte Carlo Masters,62.0,Yannick Hanfmann,R,193.0,32.4,36.0,1145.0,61.0,888.0
935,Lorenzo Musetti,R,185.0,22.0,6-4 6-4,Monte Carlo Masters,84.0,Taylor Fritz,R,196.0,26.4,24.0,1590.0,13.0,2765.0
936,Alex De Minaur,R,183.0,25.1,6-3 6-0,Monte Carlo Masters,62.0,Stan Wawrinka,R,183.0,39.0,11.0,3355.0,79.0,742.0
937,Tallon Griekspoor,R,188.0,27.7,7-6(2) 4-6 6-2,Monte Carlo Masters,142.0,Dominik Koepfer,L,180.0,29.9,26.0,1475.0,54.0,938.0
938,Alexei Popyrin,R,196.0,24.6,3-6 7-5 6-2,Monte Carlo Masters,162.0,Corentin Moutet,L,180.0,24.9,46.0,1047.0,101.0,612.0
939,Felix Auger Aliassime,R,193.0,23.6,6-2 6-3,Monte Carlo Masters,82.0,Luca Nardi,R,185.0,20.6,35.0,1150.0,76.0,748.0
940,Zhizhen Zhang,R,193.0,27.4,6-4 3-6 6-3,Monte Carlo Masters,124.0,Marcos Giron,R,180.0,30.7,49.0,1005.0,48.0,1030.0
941,Ugo Humbert,L,188.0,25.7,4-6 6-1 6-2,Monte Carlo Masters,135.0,Federico Coria,R,180.0,32.0,15.0,2425.0,89.0,687.0
942,Hubert Hurkacz,R,196.0,27.1,6-4 3-6 7-6(2),Monte Carlo Masters,144.0,Jack Draper,L,193.0,22.2,8.0,3665.0,39.0,1101.0
943,Roberto Bautista Agut,R,183.0,35.9,6-2 6-4,Monte Carlo Masters,94.0,Facundo Diaz Acosta,L,183.0,23.3,90.0,668.0,53.0,943.0
944,Alejandro Tabilo,L,188.0,26.8,6-3 6-4,Monte Carlo Masters,97.0,Christopher Oconnell,R,183.0,29.8,45.0,1051.0,62.0,886.0
945,Sebastian Ofner,R,191.0,27.9,6-1 6-4,Monte Carlo Masters,69.0,Daniel Evans,R,175.0,33.8,44.0,1056.0,50.0,996.0
946,Tomas Martin Etcheverry,R,196.0,24.7,6-4 7-5,Monte Carlo Masters,125.0,Nicolas Jarry,R,201.0,28.4,31.0,1260.0,21.0,1755.0
948,Karen Khachanov,R,198.0,27.8,7-5 7-6(3),Monte Carlo Masters,144.0,Cameron Norrie,L,188.0,28.6,17.0,2005.0,30.0,1290.0
949,Francisco Cerundolo,R,185.0,25.6,6-2 7-6(3),Monte Carlo Masters,109.0,Daniel Altmaier,R,188.0,25.5,22.0,1715.0,52.0,955.0
950,Gael Monfils,R,193.0,37.6,6-7(7) 6-3 7-5,Monte Carlo Masters,132.0,Aleksandar Vukic,R,188.0,28.0,40.0,1092.0,65.0,856.0
951,Sumit Nagal,R,178.0,26.6,5-7 6-2 6-4,Monte Carlo Masters,157.0,Matteo Arnaldi,R,185.0,23.1,93.0,656.0,38.0,1121.0
952,Miomir Kecmanovic,R,183.0,24.6,6-3 6-1,Monte Carlo Masters,73.0,Matteo Berrettini,R,196.0,27.9,66.0,855.0,84.0,720.0
953,Grigor Dimitrov,R,191.0,32.8,7-5 6-2,Monte Carlo Masters,89.0,Valentin Vacherot,R,193.0,25.3,9.0,3540.0,138.0,464.0
954,Borna Coric,R,188.0,27.3,6-1 6-1,Monte Carlo Masters,64.0,Alexander Bublik,R,196.0,26.8,33.0,1204.0,18.0,1992.0
955,Jan Lennard Struff,R,193.0,33.9,1-6 7-6(3) 6-2,Monte Carlo Masters,143.0,Sebastian Baez,R,170.0,23.2,25.0,1493.0,19.0,1955.0
956,Sebastian Korda,R,196.0,23.7,6-1 6-2,Monte Carlo Masters,63.0,Alejandro Davidovich Fokina,R,183.0,24.8,27.0,1445.0,29.0,1395.0
957,Casper Ruud,R,183.0,25.3,7-5 6-3,Barcelona,89.0,Stefanos Tsitsipas,R,193.0,25.6,6.0,4025.0,7.0,3995.0
958,Stefanos Tsitsipas,R,193.0,25.6,5-7 6-4 6-2,Barcelona,130.0,Dusan Lajovic,R,183.0,33.7,7.0,3995.0,59.0,896.0
959,Casper Ruud,R,183.0,25.3,7-6(6) 6-4,Barcelona,117.0,Tomas Martin Etcheverry,R,196.0,24.7,6.0,4025.0,30.0,1295.0
960,Stefanos Tsitsipas,R,193.0,25.6,4-6 6-3 7-6(8),Barcelona,152.0,Facundo Diaz Acosta,L,183.0,23.3,7.0,3995.0,53.0,958.0
961,Dusan Lajovic,R,183.0,33.7,6-4 3-6 6-2,Barcelona,126.0,Arthur Fils,R,185.0,19.8,59.0,896.0,36.0,1185.0
962,Casper Ruud,R,183.0,25.3,6-4 6-3,Barcelona,92.0,Matteo Arnaldi,R,185.0,23.1,6.0,4025.0,40.0,1121.0
963,Tomas Martin Etcheverry,R,196.0,24.7,7-6(4) 7-6(1),Barcelona,149.0,Cameron Norrie,L,188.0,28.6,30.0,1295.0,31.0,1290.0
964,Facundo Diaz Acosta,L,183.0,23.3,3-6 6-3 6-1,Barcelona,106.0,Fabian Marozsan,R,193.0,24.5,53.0,958.0,39.0,1122.0
965,Stefanos Tsitsipas,R,193.0,25.6,7-5 6-3,Barcelona,106.0,Roberto Carballes Baena,R,183.0,31.0,7.0,3995.0,72.0,771.0
966,Arthur Fils,R,185.0,19.8,7-5 6-2,Barcelona,94.0,Alex De Minaur,R,183.0,25.1,36.0,1185.0,11.0,3510.0
967,Dusan Lajovic,R,183.0,33.7,7-6(10) 3-6 6-1,Barcelona,150.0,Alejandro Davidovich Fokina,R,183.0,24.8,59.0,896.0,27.0,1395.0
968,Matteo Arnaldi,R,185.0,23.1,6-3 6-0,Barcelona,84.0,Marco Trungelliti,R,178.0,34.2,40.0,1121.0,197.0,310.0
969,Casper Ruud,R,183.0,25.3,6-1 6-4,Barcelona,72.0,Jordan Thompson,R,183.0,29.9,6.0,4025.0,33.0,1235.0
970,Cameron Norrie,L,188.0,28.6,6-4 6-3,Barcelona,84.0,Roberto Bautista Agut,R,183.0,36.0,31.0,1290.0,84.0,703.0
971,Tomas Martin Etcheverry,R,196.0,24.7,3-6 7-6(5) 6-4,Barcelona,190.0,Brandon Nakashima,R,188.0,22.6,30.0,1295.0,87.0,695.0
973,Facundo Diaz Acosta,L,183.0,23.3,6-2 7-5,Barcelona,97.0,Borna Coric,R,188.0,27.4,53.0,958.0,32.0,1244.0
974,Roberto Carballes Baena,R,183.0,31.0,7-6(4) 6-4,Barcelona,134.0,Lorenzo Musetti,R,185.0,22.1,72.0,771.0,24.0,1510.0
975,Stefanos Tsitsipas,R,193.0,25.6,6-4 7-5,Barcelona,96.0,Sebastian Ofner,R,191.0,27.9,7.0,3995.0,43.0,1081.0
976,Alex De Minaur,R,183.0,25.1,7-5 6-1,Barcelona,112.0,Rafael Nadal,L,185.0,37.8,11.0,3510.0,644.0,50.0
977,Arthur Fils,R,185.0,19.8,6-4 1-6 6-1,Barcelona,105.0,Daniel Altmaier,R,188.0,25.5,36.0,1185.0,66.0,856.0
979,Dusan Lajovic,R,183.0,33.7,6-4 6-4,Barcelona,76.0,Ugo Humbert,L,188.0,25.8,59.0,896.0,13.0,2535.0
980,Matteo Arnaldi,R,185.0,23.1,5-7 7-6(8) 6-2,Barcelona,170.0,Sebastian Baez,R,170.0,23.2,40.0,1121.0,19.0,1955.0
981,Marco Trungelliti,R,178.0,34.2,7-6(5) 6-3,Barcelona,119.0,Nicolas Jarry,R,201.0,28.5,197.0,310.0,22.0,1685.0
982,Jordan Thompson,R,183.0,29.9,6-4 2-6 6-4,Barcelona,190.0,Jaume Munar,R,183.0,26.9,33.0,1235.0,73.0,770.0
983,Casper Ruud,R,183.0,25.3,6-3 6-4,Barcelona,87.0,Alexandre Muller,R,183.0,27.2,6.0,4025.0,110.0,560.0
984,Roberto Bautista Agut,R,183.0,36.0,4-6 6-3 6-1,Barcelona,125.0,Andrea Vavassori,R,193.0,28.9,84.0,703.0,156.0,413.0
986,Tomas Martin Etcheverry,R,196.0,24.7,7-5 6-2,Barcelona,104.0,Nick Hardt,R,185.0,23.5,30.0,1295.0,229.0,260.0
987,Brandon Nakashima,R,188.0,22.6,6-4 7-6(6),Barcelona,113.0,Andrey Rublev,R,188.0,26.4,87.0,695.0,8.0,3935.0
988,Luca Van Assche,R,178.0,19.9,7-5 6-2,Barcelona,94.0,Zhizhen Zhang,R,193.0,27.4,99.0,625.0,47.0,1044.0
989,Facundo Diaz Acosta,L,183.0,23.3,6-1 6-4,Barcelona,89.0,Daniel Rincon,L,185.0,21.2,53.0,958.0,216.0,283.0
990,Roberto Carballes Baena,R,183.0,31.0,6-2 6-4,Barcelona,82.0,Hugo Grenier,R,196.0,28.0,72.0,771.0,159.0,407.0
991,Sebastian Ofner,R,191.0,27.9,5-7 6-3 6-2,Barcelona,135.0,Pavel Kotov,R,191.0,25.4,43.0,1081.0,69.0,817.0
992,Rafael Nadal,L,185.0,37.8,6-2 6-3,Barcelona,85.0,Flavio Cobolli,R,183.0,21.9,644.0,50.0,62.0,880.0
993,Daniel Altmaier,R,188.0,25.5,6-3 7-6(4),Barcelona,103.0,Alexei Popyrin,R,196.0,24.6,66.0,856.0,44.0,1077.0
994,Tomas Machac,R,183.0,23.5,6-4 6-4,Barcelona,88.0,Juncheng Shang,L,180.0,19.1,50.0,988.0,114.0,544.0
995,Dusan Lajovic,R,183.0,33.7,6-1 6-2,Barcelona,66.0,Diego Schwartzman,R,170.0,31.6,59.0,896.0,142.0,453.0
997,Marco Trungelliti,R,178.0,34.2,6-2 7-6(3),Barcelona,92.0,Duje Ajdukovic,R,188.0,23.1,197.0,310.0,123.0,507.0
998,Jaume Munar,R,183.0,26.9,6-3 6-1,Barcelona,80.0,Yoshihito Nishioka,L,170.0,28.5,73.0,770.0,71.0,788.0
999,Alexandre Muller,R,183.0,27.2,7-6(4) 6-0,Barcelona,103.0,Albert Ramos,L,188.0,36.2,110.0,560.0,108.0,590.0
1000,Roberto Bautista Agut,R,183.0,36.0,6-3 7-6(8),Barcelona,118.0,Roman Safiullin,R,185.0,26.6,84.0,703.0,38.0,1139.0
1001,Harold Mayot,R,180.0,22.1,7-6(5) 2-6 6-3,Barcelona,144.0,Pedro Cachin,R,185.0,29.0,116.0,525.0,88.0,673.0
1002,Nick Hardt,R,185.0,23.5,2-6 6-4 6-3,Barcelona,140.0,Martin Landaluce,R,191.0,18.2,229.0,260.0,328.0,160.0
1003,Brandon Nakashima,R,188.0,22.6,7-6(5) 6-2,Barcelona,129.0,Daniel Evans,R,175.0,33.8,87.0,695.0,49.0,996.0
1004,Jan Lennard Struff,R,193.0,33.9,7-5 6-3,Munich,79.0,Taylor Fritz,R,196.0,26.4,28.0,1388.0,15.0,2450.0
1005,Taylor Fritz,R,196.0,26.4,6-3 6-4,Munich,79.0,Cristian Garin,R,185.0,27.8,15.0,2450.0,106.0,598.0
1006,Jan Lennard Struff,R,193.0,33.9,6-2 6-0,Munich,45.0,Holger Rune,R,188.0,20.9,28.0,1388.0,12.0,3395.0
1007,Cristian Garin,R,185.0,27.8,6-4 6-4,Munich,120.0,Alexander Zverev,R,198.0,26.9,106.0,598.0,5.0,5425.0
1008,Taylor Fritz,R,196.0,26.4,4-6 6-3 7-6(1),Munich,135.0,Jack Draper,L,193.0,22.3,15.0,2450.0,46.0,1066.0
1009,Jan Lennard Struff,R,193.0,33.9,7-5 6-4,Munich,103.0,Felix Auger Aliassime,R,193.0,23.6,28.0,1388.0,34.0,1200.0
1010,Holger Rune,R,188.0,20.9,6-4 7-6(3),Munich,101.0,Marc Andrea Huesler,L,196.0,27.8,12.0,3395.0,223.0,266.0
1011,Alexander Zverev,R,198.0,26.9,7-6(3) 6-2,Munich,100.0,Jurij Rodionov,L,191.0,24.9,5.0,5425.0,118.0,520.0
1012,Cristian Garin,R,185.0,27.8,6-7(7) 6-2 6-1,Munich,146.0,Alex Michelsen,R,193.0,19.6,106.0,598.0,70.0,790.0
1013,Taylor Fritz,R,196.0,26.4,6-3 6-1,Munich,73.0,Alejandro Moro Canas,R,183.0,23.3,15.0,2450.0,240.0,243.0
1014,Jack Draper,L,193.0,22.3,4-6 6-1 6-1,Munich,95.0,Rudolf Molleker,R,188.0,23.4,46.0,1066.0,179.0,341.0
1015,Felix Auger Aliassime,R,193.0,23.6,6-3 6-2,Munich,84.0,Taro Daniel,R,191.0,31.2,34.0,1200.0,85.0,702.0
1016,Jan Lennard Struff,R,193.0,33.9,7-6(0) 6-4,Munich,127.0,Botic Van De Zandschulp,R,191.0,28.5,28.0,1388.0,89.0,670.0
1017,Marc Andrea Huesler,L,196.0,27.8,6-2 6-4,Munich,91.0,Yannick Hanfmann,R,193.0,32.4,223.0,266.0,61.0,894.0
1018,Holger Rune,R,188.0,20.9,6-4 6-2,Munich,99.0,Daniel Elahi Galan,R,191.0,27.8,12.0,3395.0,93.0,651.0
1019,Jurij Rodionov,L,191.0,24.9,6-2 6-3,Munich,84.0,Aleksandar Vukic,R,188.0,28.0,118.0,520.0,65.0,857.0
1020,Alex Michelsen,R,193.0,19.6,7-6(2) 6-3,Munich,102.0,Max Hans Rehberg,R,183.0,20.5,70.0,790.0,473.0,87.0
1021,Cristian Garin,R,185.0,27.8,7-6(3) 6-3,Munich,97.0,Dominik Koepfer,L,180.0,29.9,106.0,598.0,54.0,938.0
1022,Alejandro Moro Canas,R,183.0,23.3,6-4 6-4,Munich,109.0,Dominic Thiem,R,185.0,30.6,240.0,243.0,105.0,601.0
1023,Rudolf Molleker,R,188.0,23.4,6-4 6-2,Munich,68.0,Francesco Passaro,R,180.0,23.2,179.0,341.0,235.0,252.0
1024,Jack Draper,L,193.0,22.3,6-1 5-7 6-4,Munich,132.0,Vit Kopriva,R,178.0,26.8,46.0,1066.0,119.0,520.0
1025,Felix Auger Aliassime,R,193.0,23.6,6-7(5) 7-6(6) 7-6(3),Munich,204.0,Maximilian Marterer,L,188.0,28.8,34.0,1200.0,101.0,616.0
1026,Taro Daniel,R,191.0,31.2,6-3 6-4,Munich,87.0,Christopher Oconnell,R,183.0,29.8,85.0,702.0,58.0,896.0
1027,Botic Van De Zandschulp,R,191.0,28.5,6-4 2-6 6-3,Munich,162.0,Ivan Gakhov,L,191.0,27.4,89.0,670.0,280.0,202.0
1028,Yannick Hanfmann,R,193.0,32.4,6-7(6) 6-3 7-5,Munich,149.0,Alexander Shevchenko,R,185.0,23.3,61.0,894.0,63.0,879.0
1029,Marc Andrea Huesler,L,196.0,27.8,3-6 6-1 6-3,Munich,114.0,Marko Topo,R,185.0,20.5,223.0,266.0,320.0,165.0
1030,Daniel Elahi Galan,R,191.0,27.8,7-6(2) 6-4,Munich,134.0,Camilo Ugo Carabelli,R,185.0,24.8,93.0,651.0,109.0,579.0
1031,Marton Fucsovics,R,188.0,32.1,6-4 7-5,Bucharest,126.0,Mariano Navone,R,178.0,23.1,82.0,712.0,52.0,976.0
1032,Mariano Navone,R,178.0,23.1,6-3 6-4,Bucharest,96.0,Gregoire Barrere,R,183.0,30.1,52.0,976.0,128.0,482.0
1033,Marton Fucsovics,R,188.0,32.1,6-4 6-4,Bucharest,84.0,Alejandro Tabilo,L,188.0,26.8,82.0,712.0,41.0,1101.0
1034,Mariano Navone,R,178.0,23.1,5-7 6-4 7-5,Bucharest,178.0,Francisco Cerundolo,R,185.0,25.6,52.0,976.0,21.0,1720.0
1035,Gregoire Barrere,R,183.0,30.1,6-7(2) 6-3 6-4,Bucharest,173.0,Pedro Martinez,R,185.0,26.9,128.0,482.0,57.0,897.0
1036,Alejandro Tabilo,L,188.0,26.8,4-6 7-6(5) 6-4,Bucharest,138.0,Joao Fonseca,R,185.0,17.6,41.0,1101.0,276.0,207.0
1037,Marton Fucsovics,R,188.0,32.1,4-6 6-4 6-1,Bucharest,176.0,Corentin Moutet,L,180.0,24.9,82.0,712.0,92.0,652.0
1038,Francisco Cerundolo,R,185.0,25.6,7-5 6-1,Bucharest,93.0,Federico Coria,R,180.0,32.1,21.0,1720.0,83.0,711.0
1039,Mariano Navone,R,178.0,23.1,6-3 2-6 7-5,Bucharest,171.0,Thiago Seyboth Wild,R,185.0,24.0,52.0,976.0,67.0,831.0
1040,Gregoire Barrere,R,183.0,30.1,6-4 6-4,Bucharest,76.0,Sebastian Korda,R,196.0,23.7,128.0,482.0,26.0,1485.0
1041,Pedro Martinez,R,185.0,26.9,7-6(4) 3-6 6-3,Bucharest,161.0,Miomir Kecmanovic,R,183.0,24.6,57.0,897.0,60.0,895.0
1042,Joao Fonseca,R,185.0,17.6,7-6(2) 6-2,Bucharest,97.0,Radu Albot,R,175.0,34.4,276.0,207.0,139.0,459.0
1043,Alejandro Tabilo,L,188.0,26.8,6-3 6-4,Bucharest,77.0,Arthur Rinderknech,R,196.0,28.7,41.0,1101.0,79.0,729.0
1044,Corentin Moutet,L,180.0,24.9,6-2 6-7(3) 6-2,Bucharest,157.0,Nuno Borges,R,185.0,27.1,92.0,652.0,55.0,911.0
1045,Marton Fucsovics,R,188.0,32.1,7-5 6-1,Bucharest,91.0,Tallon Griekspoor,R,188.0,27.7,82.0,712.0,25.0,1505.0
1046,Federico Coria,R,180.0,32.1,6-4 6-2,Bucharest,87.0,Benjamin Bonzi,R,183.0,27.8,83.0,711.0,182.0,336.0
1047,Thiago Seyboth Wild,R,185.0,24.0,6-3 6-7(5) 7-6(2),Bucharest,196.0,Luca Nardi,R,185.0,20.6,67.0,831.0,81.0,718.0
1048,Mariano Navone,R,178.0,23.1,6-2 6-3,Bucharest,93.0,Luciano Darderi,R,183.0,22.1,52.0,976.0,64.0,875.0
1049,Gregoire Barrere,R,183.0,30.1,7-5 6-3,Bucharest,106.0,Thanasi Kokkinakis,R,193.0,28.0,128.0,482.0,94.0,650.0
1050,Miomir Kecmanovic,R,183.0,24.6,6-4 3-6 6-3,Bucharest,124.0,David Goffin,R,180.0,33.3,60.0,895.0,100.0,621.0
1051,Pedro Martinez,R,185.0,26.9,6-1 3-6 6-3,Bucharest,160.0,Carlos Taberner,R,183.0,26.6,57.0,897.0,352.0,144.0
1052,Joao Fonseca,R,185.0,17.6,7-6(5) 7-5,Bucharest,124.0,Lorenzo Sonego,R,191.0,28.9,276.0,207.0,51.0,986.0
1053,Radu Albot,R,175.0,34.4,7-6(4) 4-6 6-1,Bucharest,155.0,Aleksandar Kovacevic,R,183.0,25.6,139.0,459.0,97.0,638.0
1054,Arthur Rinderknech,R,196.0,28.7,6-7(6) 6-4 7-5,Bucharest,165.0,Hugo Gaston,L,173.0,23.5,79.0,729.0,96.0,642.0
1055,Nuno Borges,R,185.0,27.1,3-6 7-5 6-2,Bucharest,129.0,Stan Wawrinka,R,183.0,39.0,55.0,911.0,86.0,697.0
1056,Corentin Moutet,L,180.0,24.9,6-4 6-2,Bucharest,83.0,Denis Shapovalov,L,185.0,25.0,92.0,652.0,121.0,510.0
1057,Marton Fucsovics,R,188.0,32.1,7-6(8) 6-2,Bucharest,129.0,Valentin Vacherot,R,193.0,25.4,82.0,712.0,136.0,464.0
1058,Andrey Rublev,R,188.0,26.5,4-6 7-5 7-5,Madrid Masters,168.0,Felix Auger Aliassime,R,193.0,23.7,8.0,3830.0,35.0,1240.0
1060,Andrey Rublev,R,188.0,26.5,6-4 6-3,Madrid Masters,72.0,Taylor Fritz,R,196.0,26.4,8.0,3830.0,13.0,2560.0
1063,Taylor Fritz,R,196.0,26.4,6-1 3-6 6-3,Madrid Masters,107.0,Francisco Cerundolo,R,185.0,25.6,13.0,2560.0,22.0,1680.0
1064,Andrey Rublev,R,188.0,26.5,4-6 6-3 6-2,Madrid Masters,119.0,Carlos Alcaraz,R,183.0,20.9,8.0,3830.0,3.0,8145.0
1065,Jannik Sinner,R,191.0,22.6,5-7 6-3 6-3,Madrid Masters,130.0,Karen Khachanov,R,198.0,27.9,2.0,8660.0,17.0,2080.0
1066,Felix Auger Aliassime,R,193.0,23.7,6-4 7-5,Madrid Masters,119.0,Casper Ruud,R,183.0,25.3,35.0,1240.0,6.0,4480.0
1067,Daniil Medvedev,R,198.0,28.1,7-6(3) 6-4,Madrid Masters,104.0,Alexander Bublik,R,196.0,26.8,4.0,7085.0,18.0,1992.0
1068,Jiri Lehecka,R,185.0,22.4,7-5 6-4,Madrid Masters,121.0,Rafael Nadal,L,185.0,37.8,31.0,1305.0,512.0,75.0
1069,Taylor Fritz,R,196.0,26.4,7-6(2) 6-4,Madrid Masters,85.0,Hubert Hurkacz,R,196.0,27.1,13.0,2560.0,9.0,3675.0
1070,Francisco Cerundolo,R,185.0,25.6,6-3 6-4,Madrid Masters,89.0,Alexander Zverev,R,198.0,27.0,22.0,1680.0,5.0,5425.0
1071,Andrey Rublev,R,188.0,26.5,6-2 6-4,Madrid Masters,64.0,Tallon Griekspoor,R,188.0,27.8,8.0,3830.0,25.0,1505.0
1072,Carlos Alcaraz,R,183.0,20.9,6-3 6-7(5) 7-6(4),Madrid Masters,172.0,Jan Lennard Struff,R,193.0,33.9,3.0,8145.0,24.0,1628.0
1073,Jannik Sinner,R,191.0,22.6,6-2 7-5,Madrid Masters,98.0,Pavel Kotov,R,191.0,25.4,2.0,8660.0,72.0,787.0
1074,Karen Khachanov,R,198.0,27.9,7-5 6-4,Madrid Masters,93.0,Flavio Cobolli,R,183.0,21.9,17.0,2080.0,64.0,848.0
1076,Casper Ruud,R,183.0,25.3,6-2 6-4,Madrid Masters,79.0,Cameron Norrie,L,188.0,28.6,6.0,4480.0,30.0,1345.0
1077,Daniil Medvedev,R,198.0,28.1,5-7 7-6(4) 6-3,Madrid Masters,145.0,Sebastian Korda,R,196.0,23.7,4.0,7085.0,26.0,1485.0
1078,Alexander Bublik,R,196.0,26.8,3-6 7-6(2) 6-4,Madrid Masters,129.0,Ben Shelton,L,193.0,21.5,18.0,1992.0,15.0,2480.0
1079,Rafael Nadal,L,185.0,37.8,6-1 6-7(5) 6-3,Madrid Masters,184.0,Pedro Cachin,R,185.0,29.0,512.0,75.0,91.0,653.0
1080,Jiri Lehecka,R,185.0,22.4,6-4 7-6(7),Madrid Masters,121.0,Thiago Monteiro,L,183.0,29.8,31.0,1305.0,118.0,545.0
1081,Hubert Hurkacz,R,196.0,27.1,6-4 7-6(2),Madrid Masters,104.0,Daniel Altmaier,R,188.0,25.6,9.0,3675.0,61.0,871.0
1082,Taylor Fritz,R,196.0,26.4,6-2 6-3,Madrid Masters,64.0,Sebastian Baez,R,170.0,23.3,13.0,2560.0,19.0,1955.0
1083,Francisco Cerundolo,R,185.0,25.6,6-7(7) 6-4 6-2,Madrid Masters,147.0,Tommy Paul,R,185.0,26.9,22.0,1680.0,16.0,2350.0
1084,Alexander Zverev,R,198.0,27.0,6-4 7-5,Madrid Masters,104.0,Denis Shapovalov,L,185.0,25.0,5.0,5425.0,132.0,465.0
1085,Andrey Rublev,R,188.0,26.5,7-6(10) 6-4,Madrid Masters,124.0,Alejandro Davidovich Fokina,R,183.0,24.8,8.0,3830.0,28.0,1355.0
1086,Tallon Griekspoor,R,188.0,27.8,6-4 4-6 6-3,Madrid Masters,133.0,Holger Rune,R,188.0,20.9,25.0,1505.0,12.0,3245.0
1087,Jan Lennard Struff,R,193.0,33.9,7-5 6-4,Madrid Masters,97.0,Ugo Humbert,L,188.0,25.8,24.0,1628.0,14.0,2535.0
1088,Carlos Alcaraz,R,183.0,20.9,6-3 6-3,Madrid Masters,75.0,Thiago Seyboth Wild,R,185.0,24.1,3.0,8145.0,63.0,849.0
1089,Jannik Sinner,R,191.0,22.6,6-0 6-3,Madrid Masters,69.0,Lorenzo Sonego,R,191.0,28.9,2.0,8660.0,52.0,976.0
1090,Pavel Kotov,R,191.0,25.4,5-7 6-4 7-5,Madrid Masters,196.0,Jordan Thompson,R,183.0,30.0,72.0,787.0,33.0,1256.0
1091,Flavio Cobolli,R,183.0,21.9,6-3 3-6 6-3,Madrid Masters,141.0,Nicolas Jarry,R,201.0,28.5,64.0,848.0,23.0,1675.0
1092,Karen Khachanov,R,198.0,27.9,3-6 6-3 7-5,Madrid Masters,146.0,Roberto Bautista Agut,R,183.0,36.0,17.0,2080.0,86.0,708.0
1093,Jakub Mensik,R,193.0,18.6,6-2 6-7(4) 6-3,Madrid Masters,154.0,Grigor Dimitrov,R,191.0,32.9,74.0,766.0,10.0,3640.0
1094,Felix Auger Aliassime,R,193.0,23.7,6-0 6-4,Madrid Masters,71.0,Adrian Mannarino,L,180.0,35.8,35.0,1240.0,20.0,1875.0
1095,Cameron Norrie,L,188.0,28.6,6-1 6-4,Madrid Masters,67.0,Joao Fonseca,R,185.0,17.6,30.0,1345.0,242.0,241.0
1096,Casper Ruud,R,183.0,25.3,6-4 6-1,Madrid Masters,73.0,Miomir Kecmanovic,R,183.0,24.6,6.0,4480.0,66.0,830.0
1097,Daniil Medvedev,R,198.0,28.1,2-6 6-4 6-4,Madrid Masters,123.0,Matteo Arnaldi,R,185.0,23.1,4.0,7085.0,36.0,1191.0
1098,Sebastian Korda,R,196.0,23.7,6-3 6-3,Madrid Masters,66.0,Max Purcell,R,185.0,26.0,26.0,1485.0,80.0,731.0
1099,Alexander Bublik,R,196.0,26.8,1-6 6-2 6-2,Madrid Masters,89.0,Roberto Carballes Baena,R,183.0,31.0,18.0,1992.0,68.0,821.0
1100,Ben Shelton,L,193.0,21.5,6-0 6-2,Madrid Masters,58.0,Tomas Machac,R,183.0,23.5,15.0,2480.0,50.0,1013.0
1101,Rafael Nadal,L,185.0,37.8,7-6(6) 6-3,Madrid Masters,122.0,Alex De Minaur,R,183.0,25.1,512.0,75.0,11.0,3470.0
1102,Pedro Cachin,R,185.0,29.0,7-6(1) 3-6 6-4,Madrid Masters,161.0,Frances Tiafoe,R,188.0,26.2,91.0,653.0,21.0,1685.0
1103,Jiri Lehecka,R,185.0,22.4,7-5 6-4,Madrid Masters,89.0,Hamad Medjedovic,R,188.0,20.7,31.0,1305.0,130.0,475.0
1104,Thiago Monteiro,L,183.0,29.8,6-4 6-4,Madrid Masters,96.0,Stefanos Tsitsipas,R,193.0,25.6,118.0,545.0,7.0,4030.0
1105,Hubert Hurkacz,R,196.0,27.1,6-1 7-5,Madrid Masters,77.0,Jack Draper,L,193.0,22.3,9.0,3675.0,43.0,1106.0
1106,Daniel Altmaier,R,188.0,25.6,6-2 6-3,Madrid Masters,78.0,Arthur Fils,R,185.0,19.8,61.0,871.0,32.0,1273.0
1107,Sebastian Baez,R,170.0,23.3,6-4 6-7(2) 6-3,Madrid Masters,178.0,Luca Van Assche,R,178.0,19.9,19.0,1955.0,99.0,630.0
1108,Taylor Fritz,R,196.0,26.4,7-6(1) 6-4,Madrid Masters,85.0,Luciano Darderi,R,183.0,22.1,13.0,2560.0,60.0,875.0
1109,Tommy Paul,R,185.0,26.9,6-7(5) 6-1 6-4,Madrid Masters,140.0,Lukas Klein,R,193.0,26.0,16.0,2350.0,120.0,524.0
1110,Francisco Cerundolo,R,185.0,25.6,6-2 7-6(5),Madrid Masters,88.0,Fabian Marozsan,R,193.0,24.5,22.0,1680.0,37.0,1164.0
1111,Denis Shapovalov,L,185.0,25.0,7-6(3) 6-3,Madrid Masters,123.0,Tomas Martin Etcheverry,R,196.0,24.7,132.0,465.0,27.0,1475.0
1112,Alexander Zverev,R,198.0,27.0,6-3 6-2,Madrid Masters,86.0,Borna Coric,R,188.0,27.4,5.0,5425.0,34.0,1244.0
1113,Andrey Rublev,R,188.0,26.5,6-1 6-4,Madrid Masters,89.0,Facundo Bagnis,L,183.0,34.1,8.0,3830.0,136.0,460.0
1114,Alejandro Davidovich Fokina,R,183.0,24.8,7-5 6-3,Madrid Masters,105.0,Juncheng Shang,L,180.0,19.2,28.0,1355.0,111.0,560.0
1115,Tallon Griekspoor,R,188.0,27.8,4-6 6-3 6-4,Madrid Masters,126.0,Taro Daniel,R,191.0,31.2,25.0,1505.0,85.0,717.0
1116,Holger Rune,R,188.0,20.9,5-7 7-6(2) 6-4,Madrid Masters,178.0,Mariano Navone,R,178.0,23.1,12.0,3245.0,41.0,1141.0
1117,Ugo Humbert,L,188.0,25.8,6-3 6-3,Madrid Masters,79.0,Botic Van De Zandschulp,R,191.0,28.5,14.0,2535.0,115.0,545.0
1118,Jan Lennard Struff,R,193.0,33.9,6-1 7-5,Madrid Masters,85.0,Jaume Munar,R,183.0,26.9,24.0,1628.0,73.0,785.0
1119,Thiago Seyboth Wild,R,185.0,24.1,6-4 6-4,Madrid Masters,88.0,Lorenzo Musetti,R,185.0,22.1,63.0,849.0,29.0,1355.0
1120,Carlos Alcaraz,R,183.0,20.9,6-2 6-1,Madrid Masters,68.0,Alexander Shevchenko,R,185.0,23.3,3.0,8145.0,59.0,879.0
1121,Lorenzo Sonego,R,191.0,28.9,6-2 7-5,Madrid Masters,83.0,Richard Gasquet,R,183.0,37.8,52.0,976.0,116.0,545.0
1122,Pavel Kotov,R,191.0,25.4,6-3 6-4,Madrid Masters,87.0,Albert Ramos,L,188.0,36.2,72.0,787.0,105.0,590.0
1123,Flavio Cobolli,R,183.0,21.9,5-7 6-4 6-4,Madrid Masters,124.0,Alejandro Tabilo,L,188.0,26.8,64.0,848.0,38.0,1151.0
1124,Roberto Bautista Agut,R,183.0,36.0,7-6(4) 4-6 6-1,Madrid Masters,162.0,Daniel Elahi Galan,R,191.0,27.8,86.0,708.0,89.0,666.0
1125,Jakub Mensik,R,193.0,18.6,6-4 7-6(3),Madrid Masters,121.0,Yannick Hanfmann,R,193.0,32.4,74.0,766.0,58.0,899.0
1126,Felix Auger Aliassime,R,193.0,23.7,4-6 6-1 6-4,Madrid Masters,139.0,Yoshihito Nishioka,L,170.0,28.5,35.0,1240.0,78.0,743.0
1127,Joao Fonseca,R,185.0,17.6,4-6 6-0 6-2,Madrid Masters,121.0,Alex Michelsen,R,193.0,19.6,242.0,241.0,70.0,799.0
1128,Miomir Kecmanovic,R,183.0,24.6,6-3 6-2,Madrid Masters,68.0,Zhizhen Zhang,R,193.0,27.5,66.0,830.0,49.0,1038.0
1129,Matteo Arnaldi,R,185.0,23.1,6-4 6-1,Madrid Masters,76.0,Christopher Oconnell,R,183.0,29.8,36.0,1191.0,67.0,822.0
1130,Max Purcell,R,185.0,26.0,4-6 6-4 7-6(2),Madrid Masters,136.0,Marcos Giron,R,180.0,30.7,80.0,731.0,51.0,995.0
1131,Roberto Carballes Baena,R,183.0,31.0,6-1 3-6 7-6(5),Madrid Masters,137.0,Dominik Koepfer,L,180.0,29.9,68.0,821.0,54.0,938.0
1132,Tomas Machac,R,183.0,23.5,6-4 1-6 6-2,Madrid Masters,118.0,Emil Ruusuvuori,R,188.0,25.0,50.0,1013.0,71.0,795.0
1133,Rafael Nadal,L,185.0,37.8,6-1 6-0,Madrid Masters,64.0,Darwin Blanch,L,185.0,16.5,512.0,75.0,1028.0,12.0
1134,Pedro Cachin,R,185.0,29.0,6-3 6-3,Madrid Masters,81.0,Sebastian Ofner,R,191.0,27.9,91.0,653.0,45.0,1076.0
1135,Hamad Medjedovic,R,188.0,20.7,4-6 7-5 6-4,Madrid Masters,141.0,Aleksandar Kovacevic,R,183.0,25.6,130.0,475.0,97.0,638.0
1136,Thiago Monteiro,L,183.0,29.8,6-4 6-3,Madrid Masters,72.0,Dusan Lajovic,R,183.0,33.8,118.0,545.0,65.0,846.0
1137,Jack Draper,L,193.0,22.3,6-3 3-6 7-5,Madrid Masters,124.0,Thanasi Kokkinakis,R,193.0,28.0,43.0,1106.0,93.0,650.0
1138,Daniel Altmaier,R,188.0,25.6,6-1 7-5,Madrid Masters,94.0,Martin Landaluce,R,191.0,18.2,61.0,871.0,322.0,160.0
1139,Luca Van Assche,R,178.0,19.9,6-4 6-7(0) 6-1,Madrid Masters,173.0,Zizou Bergs,R,185.0,24.8,99.0,630.0,103.0,597.0
1140,Luciano Darderi,R,183.0,22.1,6-4 6-2,Madrid Masters,77.0,Gael Monfils,R,193.0,37.6,60.0,875.0,40.0,1142.0
1141,Lukas Klein,R,193.0,26.0,6-1 4-6 7-6(4),Madrid Masters,131.0,Pablo Llamas Ruiz,R,188.0,21.5,120.0,524.0,146.0,434.0
1142,Fabian Marozsan,R,193.0,24.5,7-6(6) 7-6(2),Madrid Masters,122.0,Aslan Karatsev,R,185.0,30.6,37.0,1164.0,48.0,1041.0
1143,Denis Shapovalov,L,185.0,25.0,6-4 3-6 6-3,Madrid Masters,114.0,Facundo Diaz Acosta,L,183.0,23.3,132.0,465.0,47.0,1048.0
1144,Borna Coric,R,188.0,27.4,6-7(5) 7-5 6-3,Madrid Masters,154.0,Benjamin Hassan,R,183.0,29.2,34.0,1244.0,159.0,395.0
1145,Facundo Bagnis,L,183.0,34.1,6-3 7-6(5),Madrid Masters,112.0,Brandon Nakashima,R,188.0,22.7,136.0,460.0,81.0,725.0
1146,Juncheng Shang,L,180.0,19.2,6-7(9) 6-2 7-6(10),Madrid Masters,239.0,Corentin Moutet,L,180.0,25.0,111.0,560.0,88.0,695.0
1147,Taro Daniel,R,191.0,31.2,6-2 6-7(1) 6-1,Madrid Masters,141.0,Aleksandar Vukic,R,188.0,28.0,85.0,717.0,62.0,857.0
1148,Mariano Navone,R,178.0,23.1,7-5 6-2,Madrid Masters,87.0,Alexei Popyrin,R,196.0,24.7,41.0,1141.0,46.0,1057.0
1149,Botic Van De Zandschulp,R,191.0,28.5,6-3 6-3,Madrid Masters,65.0,Christopher Eubanks,R,201.0,27.9,115.0,545.0,44.0,1087.0
1150,Jaume Munar,R,183.0,26.9,7-5 6-4,Madrid Masters,117.0,Nuno Borges,R,185.0,27.1,73.0,785.0,56.0,916.0
1151,Thiago Seyboth Wild,R,185.0,24.1,6-4 6-4,Madrid Masters,84.0,Roman Safiullin,R,185.0,26.7,63.0,849.0,42.0,1139.0
1152,Alexander Shevchenko,R,185.0,23.3,6-4 5-7 6-3,Madrid Masters,137.0,Arthur Rinderknech,R,196.0,28.7,59.0,879.0,77.0,744.0
1153,Alexander Zverev,R,198.0,27.0,6-4 7-5,Rome Masters,101.0,Nicolas Jarry,R,201.0,28.5,5.0,5435.0,24.0,1675.0
1154,Alexander Zverev,R,198.0,27.0,1-6 7-6(4) 6-2,Rome Masters,137.0,Alejandro Tabilo,L,188.0,26.9,5.0,5435.0,32.0,1320.0
1155,Nicolas Jarry,R,201.0,28.5,6-3 6-7(3) 6-3,Rome Masters,164.0,Tommy Paul,R,185.0,26.9,24.0,1675.0,16.0,2300.0
1156,Alejandro Tabilo,L,188.0,26.9,6-3 6-4,Rome Masters,86.0,Zhizhen Zhang,R,193.0,27.5,32.0,1320.0,56.0,868.0
1157,Alexander Zverev,R,198.0,27.0,6-4 6-3,Rome Masters,90.0,Taylor Fritz,R,196.0,26.5,5.0,5435.0,13.0,2870.0
1158,Nicolas Jarry,R,201.0,28.5,3-6 7-5 6-4,Rome Masters,158.0,Stefanos Tsitsipas,R,193.0,25.7,24.0,1675.0,8.0,3860.0
1159,Tommy Paul,R,185.0,26.9,7-5 3-6 6-3,Rome Masters,163.0,Hubert Hurkacz,R,196.0,27.2,16.0,2300.0,9.0,3730.0
1160,Alejandro Tabilo,L,188.0,26.9,7-6(5) 7-6(10),Rome Masters,152.0,Karen Khachanov,R,198.0,27.9,32.0,1320.0,18.0,2000.0
1161,Zhizhen Zhang,R,193.0,27.5,7-6(4) 6-3,Rome Masters,116.0,Thiago Monteiro,L,183.0,29.9,56.0,868.0,106.0,590.0
1162,Alexander Zverev,R,198.0,27.0,6-2 7-5,Rome Masters,86.0,Nuno Borges,R,185.0,27.2,5.0,5435.0,53.0,931.0
1163,Taylor Fritz,R,196.0,26.5,6-2 6-7(11) 6-1,Rome Masters,162.0,Grigor Dimitrov,R,191.0,32.9,13.0,2870.0,10.0,3605.0
1164,Stefanos Tsitsipas,R,193.0,25.7,6-1 6-2,Rome Masters,60.0,Alex De Minaur,R,183.0,25.2,8.0,3860.0,11.0,3435.0
1165,Nicolas Jarry,R,201.0,28.5,7-5 6-3,Rome Masters,94.0,Alexandre Muller,R,183.0,27.2,24.0,1675.0,109.0,577.0
1166,Hubert Hurkacz,R,196.0,27.2,5-7 7-6(4) 6-4,Rome Masters,159.0,Sebastian Baez,R,170.0,23.3,9.0,3730.0,19.0,1960.0
1167,Tommy Paul,R,185.0,26.9,6-1 6-4,Rome Masters,73.0,Daniil Medvedev,R,198.0,28.2,16.0,2300.0,4.0,7195.0
1168,Alejandro Tabilo,L,188.0,26.9,6-2 6-3,Rome Masters,67.0,Novak Djokovic,R,188.0,36.9,32.0,1320.0,1.0,9990.0
1169,Karen Khachanov,R,198.0,27.9,6-2 6-4,Rome Masters,93.0,Francisco Cerundolo,R,185.0,25.7,18.0,2000.0,22.0,1870.0
1170,Zhizhen Zhang,R,193.0,27.5,6-2 6-4,Rome Masters,71.0,Ben Shelton,L,193.0,21.5,56.0,868.0,14.0,2460.0
1171,Thiago Monteiro,L,183.0,29.9,6-2 4-6 7-6(6),Rome Masters,157.0,Miomir Kecmanovic,R,183.0,24.6,106.0,590.0,58.0,850.0
1172,Alexander Zverev,R,198.0,27.0,7-6(3) 6-2,Rome Masters,108.0,Luciano Darderi,R,183.0,22.2,5.0,5435.0,54.0,918.0
1173,Nuno Borges,R,185.0,27.2,4-6 7-6(8) 7-6(4),Rome Masters,187.0,Francesco Passaro,R,180.0,23.3,53.0,931.0,240.0,248.0
1174,Taylor Fritz,R,196.0,26.5,6-3 6-4,Rome Masters,71.0,Sebastian Korda,R,196.0,23.8,13.0,2870.0,27.0,1525.0
1175,Grigor Dimitrov,R,191.0,32.9,7-6(3) 6-3,Rome Masters,103.0,Terence Atmane,L,193.0,22.3,10.0,3605.0,137.0,463.0
1176,Stefanos Tsitsipas,R,193.0,25.7,6-2 7-6(1),Rome Masters,91.0,Cameron Norrie,L,188.0,28.7,8.0,3860.0,30.0,1350.0
1177,Alex De Minaur,R,183.0,25.2,6-7(2) 6-4 6-4,Rome Masters,180.0,Felix Auger Aliassime,R,193.0,23.7,11.0,3435.0,20.0,1880.0
1178,Nicolas Jarry,R,201.0,28.5,6-2 4-6 6-4,Rome Masters,141.0,Stefano Napolitano,R,196.0,29.0,24.0,1675.0,125.0,506.0
1179,Alexandre Muller,R,183.0,27.2,3-6 6-3 6-2,Rome Masters,109.0,Andrey Rublev,R,188.0,26.5,109.0,577.0,6.0,4740.0
1180,Hubert Hurkacz,R,196.0,27.2,7-6(7) 6-2,Rome Masters,120.0,Tomas Martin Etcheverry,R,196.0,24.8,9.0,3730.0,28.0,1460.0
1181,Sebastian Baez,R,170.0,23.3,2-6 6-2 6-3,Rome Masters,108.0,Holger Rune,R,188.0,21.0,19.0,1960.0,12.0,3250.0
1182,Tommy Paul,R,185.0,26.9,6-4 6-3,Rome Masters,97.0,Dominik Koepfer,L,180.0,30.0,16.0,2300.0,52.0,932.0
1183,Daniil Medvedev,R,198.0,28.2,7-6(5) 2-6 7-5,Rome Masters,170.0,Hamad Medjedovic,R,188.0,20.8,4.0,7195.0,121.0,522.0
1184,Novak Djokovic,R,188.0,36.9,6-3 6-1,Rome Masters,84.0,Corentin Moutet,L,180.0,25.0,1.0,9990.0,83.0,715.0
1185,Alejandro Tabilo,L,188.0,26.9,6-3 7-6(4),Rome Masters,120.0,Yannick Hanfmann,R,193.0,32.4,32.0,1320.0,59.0,848.0
1186,Francisco Cerundolo,R,185.0,25.7,6-1 6-3,Rome Masters,77.0,Matteo Gigante,L,180.0,22.3,22.0,1870.0,139.0,456.0
1187,Karen Khachanov,R,198.0,27.9,6-4 6-4,Rome Masters,101.0,Alexander Shevchenko,R,185.0,23.4,18.0,2000.0,60.0,848.0
1188,Ben Shelton,L,193.0,21.5,4-6 6-3 6-4,Rome Masters,158.0,Pavel Kotov,R,191.0,25.4,14.0,2460.0,63.0,819.0
1189,Zhizhen Zhang,R,193.0,27.5,6-1 6-3,Rome Masters,71.0,Adrian Mannarino,L,180.0,35.8,56.0,868.0,21.0,1875.0
1190,Thiago Monteiro,L,183.0,29.9,6-1 6-3,Rome Masters,88.0,Jordan Thompson,R,183.0,30.0,106.0,590.0,35.0,1191.0
1191,Miomir Kecmanovic,R,183.0,24.6,0-6 6-4 6-4,Rome Masters,139.0,Casper Ruud,R,183.0,25.3,58.0,850.0,7.0,4535.0
1192,Alexander Zverev,R,198.0,27.0,6-0 6-4,Rome Masters,79.0,Aleksandar Vukic,R,188.0,28.0,5.0,5435.0,70.0,792.0
1193,Luciano Darderi,R,183.0,22.2,6-3 6-2,Rome Masters,93.0,Mariano Navone,R,178.0,23.1,54.0,918.0,31.0,1329.0
1194,Francesco Passaro,R,180.0,23.3,4-6 6-3 7-6(5),Rome Masters,142.0,Tallon Griekspoor,R,188.0,27.8,240.0,248.0,26.0,1595.0
1195,Nuno Borges,R,185.0,27.2,6-4 6-4,Rome Masters,80.0,Alexander Bublik,R,196.0,26.8,53.0,931.0,17.0,2055.0
1196,Taylor Fritz,R,196.0,26.5,6-3 6-4,Rome Masters,79.0,Fabio Fognini,R,178.0,36.9,13.0,2870.0,92.0,650.0
1197,Sebastian Korda,R,196.0,23.8,7-6(6) 4-6 6-4,Rome Masters,163.0,Flavio Cobolli,R,183.0,22.0,27.0,1525.0,57.0,868.0
1199,Grigor Dimitrov,R,191.0,32.9,7-5 6-4,Rome Masters,97.0,Yoshihito Nishioka,L,170.0,28.6,10.0,3605.0,80.0,721.0
1200,Stefanos Tsitsipas,R,193.0,25.7,6-7(1) 6-4 6-4,Rome Masters,152.0,Jan Lennard Struff,R,193.0,34.0,8.0,3860.0,41.0,1120.0
1201,Cameron Norrie,L,188.0,28.7,6-3 1-6 6-3,Rome Masters,143.0,Jaume Munar,R,183.0,27.0,30.0,1350.0,68.0,805.0
1202,Felix Auger Aliassime,R,193.0,23.7,6-1 7-6(6),Rome Masters,124.0,Botic Van De Zandschulp,R,191.0,28.5,20.0,1880.0,112.0,565.0
1203,Alex De Minaur,R,183.0,25.2,6-3 6-2,Rome Masters,89.0,Roberto Carballes Baena,R,183.0,31.1,11.0,3435.0,62.0,826.0
1204,Stefano Napolitano,R,196.0,29.0,6-7(3) 6-1 6-0,Rome Masters,139.0,Juncheng Shang,L,180.0,19.2,125.0,506.0,105.0,590.0
1205,Nicolas Jarry,R,201.0,28.5,6-2 7-6(6),Rome Masters,126.0,Matteo Arnaldi,R,185.0,23.2,24.0,1675.0,37.0,1160.0
1206,Alexandre Muller,R,183.0,27.2,7-5 6-3,Rome Masters,92.0,Arthur Fils,R,185.0,19.8,109.0,577.0,34.0,1251.0
1207,Andrey Rublev,R,188.0,26.5,5-7 6-4 7-5,Rome Masters,143.0,Marcos Giron,R,180.0,30.7,6.0,4740.0,49.0,980.0
1208,Hubert Hurkacz,R,196.0,27.2,6-1 6-3,Rome Masters,93.0,Rafael Nadal,L,185.0,37.9,9.0,3730.0,305.0,175.0
1209,Tomas Martin Etcheverry,R,196.0,24.8,6-3 7-5,Rome Masters,120.0,Thiago Seyboth Wild,R,185.0,24.1,28.0,1460.0,61.0,839.0
1210,Sebastian Baez,R,170.0,23.3,7-6(3) 7-6(6),Rome Masters,131.0,Dusan Lajovic,R,183.0,33.8,19.0,1960.0,64.0,811.0
1211,Holger Rune,R,188.0,21.0,6-4 6-4,Rome Masters,102.0,Luca Nardi,R,185.0,20.7,12.0,3250.0,81.0,718.0
1212,Tommy Paul,R,185.0,26.9,6-4 6-2,Rome Masters,94.0,Aslan Karatsev,R,185.0,30.6,16.0,2300.0,86.0,675.0
1213,Dominik Koepfer,L,180.0,30.0,6-4 6-2,Rome Masters,94.0,Frances Tiafoe,R,188.0,26.2,52.0,932.0,25.0,1650.0
1214,Hamad Medjedovic,R,188.0,20.8,7-6(4) 6-4,Rome Masters,107.0,Alejandro Davidovich Fokina,R,183.0,24.9,121.0,522.0,33.0,1315.0
1215,Daniil Medvedev,R,198.0,28.2,7-5 6-4,Rome Masters,107.0,Jack Draper,L,193.0,22.3,4.0,7195.0,40.0,1136.0
1216,Corentin Moutet,L,180.0,25.0,3-6 7-6(1) 6-2,Rome Masters,153.0,Roman Safiullin,R,185.0,26.7,83.0,715.0,39.0,1138.0
1217,Yannick Hanfmann,R,193.0,32.4,6-3 6-2,Rome Masters,87.0,Jakub Mensik,R,193.0,18.6,59.0,848.0,65.0,809.0
1218,Matteo Gigante,L,180.0,22.3,7-6(2) 6-4,Rome Masters,133.0,Giulio Zeppieri,L,183.0,22.4,139.0,456.0,144.0,427.0
1219,Alexander Shevchenko,R,185.0,23.4,6-3 6-2,Rome Masters,71.0,Fabian Marozsan,R,193.0,24.5,60.0,848.0,36.0,1179.0
1220,Pavel Kotov,R,191.0,25.4,6-1 6-1,Rome Masters,81.0,Alex Michelsen,R,193.0,19.6,63.0,819.0,69.0,798.0
1221,Zhizhen Zhang,R,193.0,27.5,6-2 7-5,Rome Masters,103.0,Daniel Elahi Galan,R,191.0,27.8,56.0,868.0,90.0,656.0
1222,Thiago Monteiro,L,183.0,29.9,6-2 7-5,Rome Masters,87.0,Gael Monfils,R,193.0,37.6,106.0,590.0,38.0,1145.0
1223,Miomir Kecmanovic,R,183.0,24.6,6-4 6-4,Rome Masters,99.0,Brandon Nakashima,R,188.0,22.7,58.0,850.0,72.0,760.0
1224,Aleksandar Vukic,R,188.0,28.0,6-2 6-2,Rome Masters,92.0,Diego Schwartzman,R,170.0,31.7,70.0,792.0,142.0,439.0
1225,Luciano Darderi,R,183.0,22.2,6-7(4) 6-3 7-6(4),Rome Masters,190.0,Denis Shapovalov,L,185.0,25.0,54.0,918.0,126.0,505.0
1226,Francesco Passaro,R,180.0,23.3,6-7(3) 7-5 7-6(7),Rome Masters,194.0,Arthur Rinderknech,R,196.0,28.7,240.0,248.0,73.0,754.0
1227,Nuno Borges,R,185.0,27.2,6-7(3) 6-4 7-6(8),Rome Masters,218.0,Pedro Martinez,R,185.0,27.0,53.0,931.0,51.0,937.0
1228,Fabio Fognini,R,178.0,36.9,6-4 3-6 6-2,Rome Masters,152.0,Daniel Evans,R,175.0,33.9,92.0,650.0,67.0,806.0
1229,Flavio Cobolli,R,183.0,22.0,6-4 6-2,Rome Masters,76.0,Maximilian Marterer,L,188.0,28.8,57.0,868.0,98.0,616.0
1230,Terence Atmane,L,193.0,22.3,6-4 6-4,Rome Masters,81.0,Christopher Eubanks,R,201.0,28.0,137.0,463.0,43.0,1053.0
1231,Yoshihito Nishioka,L,170.0,28.6,6-3 2-6 7-6(4),Rome Masters,138.0,Sebastian Ofner,R,191.0,27.9,80.0,721.0,46.0,1036.0
1232,Jan Lennard Struff,R,193.0,34.0,6-4 6-4,Rome Masters,77.0,Pedro Cachin,R,185.0,29.0,41.0,1120.0,99.0,613.0
1233,Jaume Munar,R,183.0,27.0,6-4 7-5,Rome Masters,124.0,Rinky Hijikata,R,178.0,23.1,68.0,805.0,79.0,724.0
1234,Botic Van De Zandschulp,R,191.0,28.5,7-5 6-7(5) 7-6(4),Rome Masters,198.0,Nicolas Moreno De Alboran,R,185.0,26.8,112.0,565.0,136.0,466.0
1236,Stefano Napolitano,R,196.0,29.0,6-2 7-6(3),Rome Masters,102.0,J J Wolf,R,183.0,25.3,125.0,506.0,101.0,605.0
1237,Matteo Arnaldi,R,185.0,23.2,3-6 7-5 6-4,Rome Masters,152.0,Harold Mayot,R,180.0,22.2,37.0,1160.0,130.0,499.0
1238,Alexandre Muller,R,183.0,27.2,4-6 7-6(5) 6-2,Rome Masters,141.0,Marton Fucsovics,R,188.0,32.2,109.0,577.0,50.0,957.0
1239,Marcos Giron,R,180.0,30.7,3-6 6-3 6-3,Rome Masters,147.0,Emil Ruusuvuori,R,188.0,25.0,49.0,980.0,71.0,780.0
1240,Rafael Nadal,L,185.0,37.9,4-6 6-3 6-4,Rome Masters,173.0,Zizou Bergs,R,185.0,24.9,305.0,175.0,108.0,581.0
1241,Thiago Seyboth Wild,R,185.0,24.1,6-4 6-2,Rome Masters,88.0,Gregoire Barrere,R,183.0,30.2,61.0,839.0,115.0,560.0
1242,Dusan Lajovic,R,183.0,33.8,6-3 6-7(5) 6-3,Rome Masters,151.0,Lorenzo Sonego,R,191.0,28.9,64.0,811.0,47.0,996.0
1243,Luca Nardi,R,185.0,20.7,6-4 6-4,Rome Masters,88.0,Daniel Altmaier,R,188.0,25.6,81.0,718.0,78.0,733.0
1244,Aslan Karatsev,R,185.0,30.6,4-6 6-3 6-4,Rome Masters,149.0,Mackenzie Mcdonald,R,178.0,29.0,86.0,675.0,76.0,735.0
1245,Dominik Koepfer,L,180.0,30.0,6-4 6-3,Rome Masters,87.0,Andrea Vavassori,R,193.0,29.0,52.0,932.0,168.0,355.0
1246,Hamad Medjedovic,R,188.0,20.8,6-3 6-2,Rome Masters,75.0,Alexei Popyrin,R,196.0,24.7,121.0,522.0,42.0,1057.0
1247,Jack Draper,L,193.0,22.3,7-5 6-1,Rome Masters,96.0,Borna Coric,R,188.0,27.4,40.0,1136.0,55.0,914.0
1248,Casper Ruud,R,183.0,25.4,7-5 6-3,Geneva,107.0,Tomas Machac,R,183.0,23.6,7.0,4185.0,44.0,1029.0
1249,Tomas Machac,R,183.0,23.6,6-4 0-6 6-1,Geneva,126.0,Novak Djokovic,R,188.0,36.9,44.0,1029.0,1.0,9860.0
1250,Casper Ruud,R,183.0,25.4,1-6 6-1 7-6(4),Geneva,110.0,Flavio Cobolli,R,183.0,22.0,7.0,4185.0,56.0,860.0
1251,Novak Djokovic,R,188.0,36.9,7-5 6-1,Geneva,77.0,Tallon Griekspoor,R,188.0,27.8,1.0,9860.0,27.0,1605.0
1252,Tomas Machac,R,183.0,23.6,6-3 7-6(2),Geneva,89.0,Alex Michelsen,R,193.0,19.7,44.0,1029.0,65.0,795.0
1253,Flavio Cobolli,R,183.0,22.0,6-4 6-4,Geneva,82.0,Alexander Shevchenko,R,185.0,23.4,56.0,860.0,61.0,825.0
1254,Casper Ruud,R,183.0,25.4,6-3 3-6 6-4,Geneva,123.0,Sebastian Baez,R,170.0,23.3,7.0,4185.0,20.0,1985.0
1255,Novak Djokovic,R,188.0,36.9,6-3 6-3,Geneva,89.0,Yannick Hanfmann,R,193.0,32.5,1.0,9860.0,85.0,682.0
1256,Tallon Griekspoor,R,188.0,27.8,6-7(7) 7-6(4) 6-3,Geneva,142.0,Denis Shapovalov,L,185.0,25.0,27.0,1605.0,123.0,515.0
1257,Alex Michelsen,R,193.0,19.7,6-4 4-6 7-5,Geneva,159.0,Taylor Fritz,R,196.0,26.5,65.0,795.0,12.0,3025.0
1258,Tomas Machac,R,183.0,23.6,4-6 7-5 6-0,Geneva,116.0,Nicolas Moreno De Alboran,R,185.0,26.8,44.0,1029.0,140.0,462.0
1260,Flavio Cobolli,R,183.0,22.0,4-6 7-6(1) 6-2,Geneva,121.0,Ben Shelton,L,193.0,21.6,56.0,860.0,15.0,2500.0
1261,Sebastian Baez,R,170.0,23.3,6-3 6-0,Geneva,71.0,Roberto Carballes Baena,R,183.0,31.1,20.0,1985.0,62.0,811.0
1262,Casper Ruud,R,183.0,25.4,4-6 6-2 6-2,Geneva,107.0,Sebastian Ofner,R,191.0,28.0,7.0,4185.0,45.0,1010.0
1263,Yannick Hanfmann,R,193.0,32.5,7-5 6-2,Geneva,102.0,Andy Murray,R,191.0,37.0,85.0,682.0,75.0,728.0
1264,Denis Shapovalov,L,185.0,25.0,7-5 6-0,Geneva,83.0,Federico Coria,R,180.0,32.1,123.0,515.0,69.0,761.0
1265,Tallon Griekspoor,R,188.0,27.8,6-4 1-6 6-3,Geneva,104.0,Christopher Eubanks,R,201.0,28.0,27.0,1605.0,43.0,1038.0
1266,Alex Michelsen,R,193.0,19.7,3-6 6-3 6-4,Geneva,116.0,Aleksandar Kovacevic,R,183.0,25.7,65.0,795.0,88.0,668.0
1267,Nicolas Moreno De Alboran,R,185.0,26.8,6-2 6-1,Geneva,68.0,David Goffin,R,180.0,33.4,140.0,462.0,115.0,550.0
1268,Tomas Machac,R,183.0,23.6,7-6(6) 6-1,Geneva,107.0,Jack Draper,L,193.0,22.4,44.0,1029.0,35.0,1166.0
1269,Alexander Shevchenko,R,185.0,23.4,6-4 7-6(4),Geneva,91.0,Fabian Marozsan,R,193.0,24.6,61.0,825.0,41.0,1083.0
1270,Emil Ruusuvuori,R,188.0,25.1,6-3 6-3,Geneva,95.0,Marcos Giron,R,180.0,30.8,66.0,768.0,48.0,1000.0
1271,Flavio Cobolli,R,183.0,22.0,7-5 6-1,Geneva,86.0,Aslan Karatsev,R,185.0,30.7,56.0,860.0,82.0,705.0
1272,Sebastian Baez,R,170.0,23.3,7-6(7) 6-3,Geneva,99.0,Sumit Nagal,R,178.0,26.7,20.0,1985.0,94.0,646.0
1273,Roberto Carballes Baena,R,183.0,31.1,7-6(2) 6-4,Geneva,129.0,Daniel Altmaier,R,188.0,25.6,62.0,811.0,83.0,702.0
1274,Sebastian Ofner,R,191.0,28.0,4-6 6-4 6-3,Geneva,119.0,Rinky Hijikata,R,178.0,23.2,45.0,1010.0,78.0,723.0
1275,Giovanni Mpetshi Perricard,R,203.0,20.8,6-4 1-6 7-6(7),Lyon,148.0,Tomas Martin Etcheverry,R,196.0,24.8,117.0,541.0,29.0,1410.0
1276,Tomas Martin Etcheverry,R,196.0,24.8,6-2 6-4,Lyon,90.0,Luciano Darderi,R,183.0,22.2,29.0,1410.0,47.0,1002.0
1277,Giovanni Mpetshi Perricard,R,203.0,20.8,6-4 7-5,Lyon,77.0,Alexander Bublik,R,196.0,26.9,117.0,541.0,19.0,2020.0
1278,Tomas Martin Etcheverry,R,196.0,24.8,6-4 6-1,Lyon,100.0,Dominik Koepfer,L,180.0,30.0,29.0,1410.0,67.0,767.0
1280,Giovanni Mpetshi Perricard,R,203.0,20.8,6-4 4-6 6-3,Lyon,118.0,Hugo Gaston,L,173.0,23.6,117.0,541.0,104.0,610.0
1281,Alexander Bublik,R,196.0,26.9,6-7(4) 7-6(4) 6-3,Lyon,191.0,Pavel Kotov,R,191.0,25.5,19.0,2020.0,57.0,849.0
1282,Dominik Koepfer,L,180.0,30.0,2-6 6-4 6-4,Lyon,124.0,Ugo Humbert,L,188.0,25.9,67.0,767.0,17.0,2285.0
1284,Luciano Darderi,R,183.0,22.2,7-6(4) 6-3,Lyon,120.0,Adrian Mannarino,L,180.0,35.8,47.0,1002.0,22.0,1865.0
1285,Arthur Rinderknech,R,196.0,28.8,7-6(7) 6-4,Lyon,132.0,Frances Tiafoe,R,188.0,26.3,73.0,739.0,26.0,1615.0
1287,Hugo Gaston,L,173.0,23.6,6-2 2-6 6-3,Lyon,97.0,Francisco Cerundolo,R,185.0,25.7,104.0,610.0,23.0,1740.0
1288,Pavel Kotov,R,191.0,25.5,7-6(8) 6-1,Lyon,94.0,Alexandre Muller,R,183.0,27.2,57.0,849.0,90.0,656.0
1289,Alexander Bublik,R,196.0,26.9,6-4 6-2,Lyon,69.0,Aleksandar Vukic,R,188.0,28.1,19.0,2020.0,93.0,647.0
1290,Dominik Koepfer,L,180.0,30.0,6-4 6-7(4) 6-4,Lyon,154.0,Javier Barranco Cosano,L,180.0,25.5,67.0,767.0,254.0,233.0
1291,Thiago Seyboth Wild,R,185.0,24.1,6-4 6-1,Lyon,78.0,Pedro Martinez,R,185.0,27.0,58.0,837.0,49.0,995.0
1292,Tomas Martin Etcheverry,R,196.0,24.8,1-6 6-2 6-2,Lyon,159.0,Nikolas Sanchez Izquierdo,R,185.0,25.1,29.0,1410.0,260.0,221.0
1293,Luciano Darderi,R,183.0,22.2,7-5 7-6(3),Lyon,117.0,Taro Daniel,R,191.0,31.3,47.0,1002.0,81.0,713.0
1294,Arthur Rinderknech,R,196.0,28.8,6-3 4-6 7-6(6),Lyon,179.0,Daniel Evans,R,175.0,33.9,73.0,739.0,60.0,831.0
1295,Frances Tiafoe,R,188.0,26.3,7-6(5) 6-4,Lyon,116.0,Jaume Munar,R,183.0,27.0,26.0,1615.0,63.0,810.0
1297,Giovanni Mpetshi Perricard,R,203.0,20.8,6-3 6-4,Lyon,79.0,Lorenzo Sonego,R,191.0,29.0,117.0,541.0,50.0,991.0
1298,Hugo Gaston,L,173.0,23.6,7-6(2) 7-6(4),Lyon,155.0,Daniel Elahi Galan,R,191.0,27.9,104.0,610.0,105.0,606.0
1299,Pavel Kotov,R,191.0,25.5,6-1 6-4,Lyon,69.0,Pedro Cachin,R,185.0,29.1,57.0,849.0,106.0,597.0
1300,Alexandre Muller,R,183.0,27.2,6-4 6-4,Lyon,101.0,Richard Gasquet,R,183.0,37.9,90.0,656.0,124.0,515.0
1301,Aleksandar Vukic,R,188.0,28.1,6-2 6-2,Lyon,75.0,Mackenzie Mcdonald,R,178.0,29.0,93.0,647.0,74.0,735.0
1429,Alex De Minaur,R,183.0,25.3,6-2 6-4,s Hertogenbosch,94.0,Sebastian Korda,R,196.0,23.9,9.0,3845.0,26.0,1620.0
1430,Alex De Minaur,R,183.0,25.3,7-6(4) 6-3,s Hertogenbosch,104.0,Ugo Humbert,L,188.0,25.9,9.0,3845.0,16.0,2250.0
1431,Sebastian Korda,R,196.0,23.9,6-2 6-4,s Hertogenbosch,64.0,Tallon Griekspoor,R,188.0,27.9,26.0,1620.0,23.0,1690.0
1432,Alex De Minaur,R,183.0,25.3,7-5 6-2,s Hertogenbosch,86.0,Milos Raonic,R,196.0,33.4,9.0,3845.0,197.0,305.0
1433,Ugo Humbert,L,188.0,25.9,4-6 6-3 6-3,s Hertogenbosch,123.0,Gijs Brouwer,L,191.0,28.2,16.0,2250.0,232.0,259.0
1434,Tallon Griekspoor,R,188.0,27.9,4-6 6-3 7-6(4),s Hertogenbosch,123.0,Aleksandar Vukic,R,188.0,28.1,23.0,1690.0,87.0,674.0
1435,Sebastian Korda,R,196.0,23.9,6-4 6-2,s Hertogenbosch,67.0,Tommy Paul,R,185.0,27.0,26.0,1620.0,13.0,2710.0
1436,Alex De Minaur,R,183.0,25.3,7-5 6-4,s Hertogenbosch,100.0,Zizou Bergs,R,185.0,25.0,9.0,3845.0,81.0,688.0
1437,Milos Raonic,R,196.0,33.4,4-6 6-2 7-5,s Hertogenbosch,107.0,Roberto Bautista Agut,R,183.0,36.1,197.0,305.0,85.0,680.0
1438,Ugo Humbert,L,188.0,25.9,6-3 7-6(1),s Hertogenbosch,87.0,Arthur Fils,R,185.0,19.9,16.0,2250.0,38.0,1155.0
1439,Gijs Brouwer,L,191.0,28.2,6-3 6-3,s Hertogenbosch,78.0,Adrian Mannarino,L,180.0,35.9,232.0,259.0,21.0,1865.0
1440,Tallon Griekspoor,R,188.0,27.9,6-3 7-6(5),s Hertogenbosch,104.0,Mackenzie Mcdonald,R,178.0,29.1,23.0,1690.0,74.0,735.0
1441,Aleksandar Vukic,R,188.0,28.1,6-4 5-7 7-6(4),s Hertogenbosch,159.0,Karen Khachanov,R,198.0,28.0,87.0,674.0,22.0,1780.0
1442,Sebastian Korda,R,196.0,23.9,7-5 7-5,s Hertogenbosch,107.0,Luca Nardi,R,185.0,20.8,26.0,1620.0,73.0,742.0
1443,Tommy Paul,R,185.0,27.0,5-7 6-4 6-3,s Hertogenbosch,120.0,Alexei Popyrin,R,196.0,24.8,13.0,2710.0,49.0,961.0
1445,Roberto Bautista Agut,R,183.0,36.1,7-6(7) 6-2,s Hertogenbosch,98.0,Marc Andrea Huesler,L,196.0,27.9,85.0,680.0,201.0,303.0
1446,Milos Raonic,R,196.0,33.4,6-3 6-4,s Hertogenbosch,89.0,Jordan Thompson,R,183.0,30.1,197.0,305.0,37.0,1156.0
1447,Arthur Fils,R,185.0,19.9,6-4 6-4,s Hertogenbosch,92.0,Arthur Cazaux,R,183.0,21.7,38.0,1155.0,75.0,735.0
1448,Gijs Brouwer,L,191.0,28.2,6-1 3-6 6-3,s Hertogenbosch,103.0,Jakub Mensik,R,193.0,18.7,232.0,259.0,79.0,708.0
1449,Adrian Mannarino,L,180.0,35.9,3-6 7-6(5) 6-2,s Hertogenbosch,147.0,Stefano Napolitano,R,196.0,29.1,21.0,1865.0,125.0,517.0
1450,Tallon Griekspoor,R,188.0,27.9,6-7(3) 7-6(7) 7-6(3),s Hertogenbosch,156.0,Miomir Kecmanovic,R,183.0,24.7,23.0,1690.0,53.0,920.0
1451,Mackenzie Mcdonald,R,178.0,29.1,6-4 4-6 6-2,s Hertogenbosch,130.0,Botic Van De Zandschulp,R,191.0,28.6,74.0,735.0,99.0,618.0
1452,Aleksandar Vukic,R,188.0,28.1,6-3 7-6(5),s Hertogenbosch,91.0,Max Purcell,R,185.0,26.1,87.0,674.0,100.0,612.0
1453,Sebastian Korda,R,196.0,23.9,6-4 7-6(4),s Hertogenbosch,79.0,Tristan Schoolkate,R,183.0,23.2,26.0,1620.0,185.0,335.0
1454,Luca Nardi,R,185.0,20.8,7-5 7-5,s Hertogenbosch,124.0,David Goffin,R,180.0,33.5,73.0,742.0,109.0,583.0
1455,Alexei Popyrin,R,196.0,24.8,6-4 6-4,s Hertogenbosch,78.0,Rinky Hijikata,R,178.0,23.2,49.0,961.0,80.0,708.0
1456,Jack Draper,L,193.0,22.4,3-6 7-6(5) 6-4,Stuttgart,124.0,Matteo Berrettini,R,196.0,28.1,40.0,1131.0,95.0,630.0
1457,Jack Draper,L,193.0,22.4,6-3 6-3,Stuttgart,72.0,Brandon Nakashima,R,188.0,22.8,40.0,1131.0,70.0,750.0
1458,Matteo Berrettini,R,196.0,28.1,6-4 6-0,Stuttgart,66.0,Lorenzo Musetti,R,185.0,22.2,95.0,630.0,30.0,1290.0
1460,Jack Draper,L,193.0,22.4,5-7 6-4 7-6(1),Stuttgart,126.0,Frances Tiafoe,R,188.0,26.3,40.0,1131.0,28.0,1590.0
1462,Matteo Berrettini,R,196.0,28.1,6-4 7-5,Stuttgart,87.0,James Duckworth,R,183.0,32.3,95.0,630.0,101.0,611.0
1463,Brandon Nakashima,R,188.0,22.8,6-3 6-4,Stuttgart,71.0,Richard Gasquet,R,183.0,37.9,70.0,750.0,116.0,555.0
1464,Jan Lennard Struff,R,193.0,34.1,6-4 7-6(0),Stuttgart,79.0,Arthur Rinderknech,R,196.0,28.8,35.0,1180.0,67.0,777.0
1465,Frances Tiafoe,R,188.0,26.3,7-5 7-6(5),Stuttgart,113.0,Yannick Hanfmann,R,193.0,32.5,28.0,1590.0,91.0,646.0
1466,Jack Draper,L,193.0,22.4,6-4 3-6 6-3,Stuttgart,113.0,Marcos Giron,R,180.0,30.8,40.0,1131.0,54.0,910.0
1467,Lorenzo Musetti,R,185.0,22.2,6-7(9) 7-6(5) 6-3,Stuttgart,167.0,Dominik Koepfer,L,180.0,30.1,30.0,1290.0,65.0,801.0
1468,Alexander Bublik,R,196.0,26.9,6-1 7-6(4),Stuttgart,79.0,Hamad Medjedovic,R,188.0,20.8,17.0,2150.0,131.0,497.0
1469,Matteo Berrettini,R,196.0,28.1,6-4 6-4,Stuttgart,74.0,Denis Shapovalov,L,185.0,25.1,95.0,630.0,117.0,550.0
1470,James Duckworth,R,183.0,32.3,7-6(5) 4-6 6-3,Stuttgart,124.0,Ben Shelton,L,193.0,21.6,101.0,611.0,14.0,2590.0
1471,Brandon Nakashima,R,188.0,22.8,7-6(4) 6-4,Stuttgart,81.0,Christopher Eubanks,R,201.0,28.0,70.0,750.0,45.0,1017.0
1472,Arthur Rinderknech,R,196.0,28.8,6-4 7-5,Stuttgart,82.0,Alex Michelsen,R,193.0,19.7,67.0,777.0,61.0,832.0
1473,Jan Lennard Struff,R,193.0,34.1,7-6(7) 6-3,Stuttgart,67.0,Flavio Cobolli,R,183.0,22.0,35.0,1180.0,50.0,955.0
1474,Yannick Hanfmann,R,193.0,32.5,6-3 6-3,Stuttgart,62.0,Henri Squire,R,196.0,23.7,91.0,646.0,178.0,344.0
1475,Marcos Giron,R,180.0,30.8,6-3 6-4,Stuttgart,75.0,Andy Murray,R,191.0,37.0,54.0,910.0,97.0,623.0
1476,Jack Draper,L,193.0,22.4,7-6(4) 7-6(5),Stuttgart,98.0,Sebastian Ofner,R,191.0,28.0,40.0,1131.0,52.0,933.0
1477,Lorenzo Musetti,R,185.0,22.2,7-6(9) 7-6(9),Stuttgart,122.0,Giovanni Mpetshi Perricard,R,203.0,20.9,30.0,1290.0,66.0,786.0
1478,Dominik Koepfer,L,180.0,30.1,4-6 7-6(5) 7-6(6),Stuttgart,156.0,Zhizhen Zhang,R,193.0,27.6,65.0,801.0,44.0,1066.0
1479,Hamad Medjedovic,R,188.0,20.8,6-7(3) 6-1 6-4,Stuttgart,107.0,Fabian Marozsan,R,193.0,24.6,131.0,497.0,42.0,1122.0
1480,Matteo Berrettini,R,196.0,28.1,7-6(8) 5-7 7-5,Stuttgart,175.0,Roman Safiullin,R,185.0,26.8,95.0,630.0,43.0,1097.0
1481,Denis Shapovalov,L,185.0,25.1,7-6(5) 7-5,Stuttgart,103.0,Matteo Martineau,R,183.0,25.3,117.0,550.0,179.0,344.0
1482,James Duckworth,R,183.0,32.3,6-4 7-6(2),Stuttgart,81.0,Pierre Hugues Herbert,R,188.0,33.2,101.0,611.0,139.0,448.0
1483,Jannik Sinner,R,191.0,22.8,7-6(8) 7-6(2),Halle,109.0,Hubert Hurkacz,R,196.0,27.3,1.0,9480.0,9.0,3950.0
1484,Jannik Sinner,R,191.0,22.8,6-4 7-6(3),Halle,99.0,Zhizhen Zhang,R,193.0,27.6,1.0,9480.0,42.0,1066.0
1485,Hubert Hurkacz,R,196.0,27.3,7-6(2) 6-4,Halle,95.0,Alexander Zverev,R,198.0,27.1,9.0,3950.0,4.0,6885.0
1486,Jannik Sinner,R,191.0,22.8,6-2 6-7(1) 7-6(3),Halle,150.0,Jan Lennard Struff,R,193.0,34.1,1.0,9480.0,41.0,1080.0
1487,Zhizhen Zhang,R,193.0,27.6,6-4 4-6 7-5,Halle,111.0,Christopher Eubanks,R,201.0,28.1,42.0,1066.0,44.0,1005.0
1488,Hubert Hurkacz,R,196.0,27.3,7-6(5) 6-4,Halle,95.0,Marcos Giron,R,180.0,30.8,9.0,3950.0,53.0,925.0
1489,Alexander Zverev,R,198.0,27.1,6-7(5) 6-3 6-4,Halle,150.0,Arthur Fils,R,185.0,20.0,4.0,6885.0,37.0,1170.0
1490,Jannik Sinner,R,191.0,22.8,6-4 6-7(4) 6-3,Halle,135.0,Fabian Marozsan,R,193.0,24.6,1.0,9480.0,45.0,997.0
1491,Jan Lennard Struff,R,193.0,34.1,6-4 6-4,Halle,67.0,Stefanos Tsitsipas,R,193.0,25.8,41.0,1080.0,11.0,3740.0
1492,Zhizhen Zhang,R,193.0,27.6,6-3 2-6 7-6(5),Halle,125.0,Daniil Medvedev,R,198.0,28.3,42.0,1066.0,5.0,6485.0
1493,Christopher Eubanks,R,201.0,28.1,7-6(5) 4-6 6-3,Halle,130.0,Alexander Bublik,R,196.0,27.0,44.0,1005.0,17.0,2180.0
1494,Hubert Hurkacz,R,196.0,27.3,7-6(3) 6-4,Halle,86.0,James Duckworth,R,183.0,32.4,9.0,3950.0,88.0,665.0
1495,Marcos Giron,R,180.0,30.8,3-6 6-4 6-3,Halle,104.0,Matteo Berrettini,R,196.0,28.1,53.0,925.0,65.0,795.0
1496,Arthur Fils,R,185.0,20.0,6-3 6-4,Halle,79.0,Dominik Koepfer,L,180.0,30.1,37.0,1170.0,70.0,781.0
1497,Alexander Zverev,R,198.0,27.1,6-4 7-6(5),Halle,103.0,Lorenzo Sonego,R,191.0,29.1,4.0,6885.0,57.0,861.0
1498,Jannik Sinner,R,191.0,22.8,6-7(8) 6-3 6-2,Halle,142.0,Tallon Griekspoor,R,188.0,27.9,1.0,9480.0,27.0,1540.0
1499,Fabian Marozsan,R,193.0,24.6,7-5 4-6 6-1,Halle,116.0,Roman Safiullin,R,185.0,26.8,45.0,997.0,40.0,1097.0
1500,Jan Lennard Struff,R,193.0,34.1,6-7(2) 7-5 7-6(10),Halle,151.0,Luciano Darderi,R,183.0,22.3,41.0,1080.0,34.0,1231.0
1501,Stefanos Tsitsipas,R,193.0,25.8,7-6(7) 7-6(2),Halle,92.0,Henri Squire,R,196.0,23.7,11.0,3740.0,181.0,344.0
1502,Daniil Medvedev,R,198.0,28.3,7-6(4) 6-4,Halle,91.0,Nuno Borges,R,185.0,27.3,5.0,6485.0,51.0,936.0
1503,Zhizhen Zhang,R,193.0,27.6,7-6(8) 6-7(3) 6-4,Halle,141.0,Sebastian Ofner,R,191.0,28.0,42.0,1066.0,52.0,933.0
1504,Christopher Eubanks,R,201.0,28.1,6-3 6-4,Halle,76.0,Pedro Martinez,R,185.0,27.1,44.0,1005.0,46.0,975.0
1505,Alexander Bublik,R,196.0,27.0,7-6(1) 6-4,Halle,86.0,Max Purcell,R,185.0,26.2,17.0,2180.0,101.0,612.0
1506,Hubert Hurkacz,R,196.0,27.3,7-5 7-6(2),Halle,95.0,Flavio Cobolli,R,183.0,22.1,9.0,3950.0,49.0,955.0
1507,James Duckworth,R,183.0,32.4,6-4 6-4,Halle,90.0,Joao Fonseca,R,185.0,17.8,88.0,665.0,217.0,283.0
1508,Matteo Berrettini,R,196.0,28.1,7-6(5) 6-2,Halle,92.0,Alex Michelsen,R,193.0,19.8,65.0,795.0,61.0,829.0
1509,Marcos Giron,R,180.0,30.8,6-4 7-6(5),Halle,88.0,Andrey Rublev,R,188.0,26.6,53.0,925.0,6.0,4710.0
1511,Arthur Fils,R,185.0,20.0,6-4 6-4,Halle,70.0,Tomas Machac,R,183.0,23.6,37.0,1170.0,36.0,1214.0
1512,Lorenzo Sonego,R,191.0,29.1,7-6(6) 7-6(5),Halle,117.0,Miomir Kecmanovic,R,183.0,24.7,57.0,861.0,54.0,920.0
1513,Alexander Zverev,R,198.0,27.1,6-7(5) 6-3 6-4,Halle,137.0,Oscar Otte,R,193.0,30.9,4.0,6885.0,474.0,92.0
1514,Tommy Paul,R,185.0,27.0,6-1 7-6(8),Queen's Club,88.0,Lorenzo Musetti,R,185.0,22.2,13.0,2750.0,30.0,1380.0
1515,Tommy Paul,R,185.0,27.0,6-4 7-6(2),Queen's Club,101.0,Sebastian Korda,R,196.0,23.9,13.0,2750.0,23.0,1775.0
1516,Lorenzo Musetti,R,185.0,22.2,6-3 3-6 6-3,Queen's Club,138.0,Jordan Thompson,R,183.0,30.1,30.0,1380.0,43.0,1051.0
1517,Tommy Paul,R,185.0,27.0,6-3 5-7 6-4,Queen's Club,121.0,Jack Draper,L,193.0,22.4,13.0,2750.0,31.0,1371.0
1518,Sebastian Korda,R,196.0,23.9,6-7(4) 6-3 6-4,Queen's Club,131.0,Rinky Hijikata,R,178.0,23.3,23.0,1775.0,98.0,622.0
1519,Jordan Thompson,R,183.0,30.1,6-4 6-3,Queen's Club,79.0,Taylor Fritz,R,196.0,26.6,43.0,1051.0,12.0,3090.0
1520,Lorenzo Musetti,R,185.0,22.2,6-3 7-5,Queen's Club,99.0,Billy Harris,R,193.0,29.3,30.0,1380.0,162.0,366.0
1521,Jack Draper,L,193.0,22.4,7-6(3) 6-3,Queen's Club,99.0,Carlos Alcaraz,R,183.0,21.1,31.0,1371.0,2.0,8580.0
1522,Tommy Paul,R,185.0,27.0,6-3 6-4,Queen's Club,69.0,Alejandro Tabilo,L,188.0,27.0,13.0,2750.0,24.0,1639.0
1523,Sebastian Korda,R,196.0,23.9,6-4 3-6 7-5,Queen's Club,119.0,Grigor Dimitrov,R,191.0,33.0,23.0,1775.0,10.0,3775.0
1524,Rinky Hijikata,R,178.0,23.3,7-6(0) 7-6(7),Queen's Club,126.0,Matteo Arnaldi,R,185.0,23.3,98.0,622.0,35.0,1220.0
1526,Taylor Fritz,R,196.0,26.6,7-6(5) 6-4,Queen's Club,82.0,Milos Raonic,R,196.0,33.4,12.0,3090.0,186.0,335.0
1527,Billy Harris,R,193.0,29.3,6-4 7-5,Queen's Club,70.0,Giovanni Mpetshi Perricard,R,203.0,20.9,162.0,366.0,67.0,787.0
1528,Lorenzo Musetti,R,185.0,22.2,6-4 4-6 6-4,Queen's Club,147.0,Brandon Nakashima,R,188.0,22.8,30.0,1380.0,63.0,820.0
1529,Carlos Alcaraz,R,183.0,21.1,6-1 7-5,Queen's Club,82.0,Francisco Cerundolo,R,185.0,25.8,2.0,8580.0,26.0,1610.0
1530,Jack Draper,L,193.0,22.4,6-3 6-2,Queen's Club,54.0,Mariano Navone,R,178.0,23.3,31.0,1371.0,29.0,1382.0
1531,Alejandro Tabilo,L,188.0,27.0,7-6(6) 3-6 6-1,Queen's Club,129.0,Alejandro Davidovich Fokina,R,183.0,25.0,24.0,1639.0,33.0,1240.0
1532,Tommy Paul,R,185.0,27.0,6-4 6-4,Queen's Club,96.0,Sebastian Baez,R,170.0,23.4,13.0,2750.0,19.0,2030.0
1533,Grigor Dimitrov,R,191.0,33.0,6-1 6-2,Queen's Club,62.0,Adrian Mannarino,L,180.0,35.9,10.0,3775.0,21.0,1845.0
1534,Sebastian Korda,R,196.0,23.9,7-5 7-6(5),Queen's Club,96.0,Karen Khachanov,R,198.0,28.0,23.0,1775.0,22.0,1780.0
1536,Matteo Arnaldi,R,185.0,23.3,3-6 6-1 7-6(6),Queen's Club,128.0,Ugo Humbert,L,188.0,25.9,35.0,1220.0,16.0,2300.0
1537,Jordan Thompson,R,183.0,30.1,4-6 7-6(4) 6-3,Queen's Club,123.0,Holger Rune,R,188.0,21.1,43.0,1051.0,15.0,2540.0
1538,Andy Murray,R,191.0,37.0,6-3 3-6 6-3,Queen's Club,111.0,Alexei Popyrin,R,196.0,24.8,129.0,498.0,48.0,966.0
1539,Milos Raonic,R,196.0,33.4,6-7(6) 6-3 7-6(9),Queen's Club,135.0,Cameron Norrie,L,188.0,28.8,186.0,335.0,39.0,1150.0
1540,Taylor Fritz,R,196.0,26.6,6-3 6-3,Queen's Club,65.0,Taro Daniel,R,191.0,31.3,12.0,3090.0,85.0,680.0
1541,Giovanni Mpetshi Perricard,R,203.0,20.9,6-3 7-6(3),Queen's Club,71.0,Ben Shelton,L,193.0,21.6,67.0,787.0,14.0,2590.0
1542,Billy Harris,R,193.0,29.3,6-4 3-6 6-3,Queen's Club,111.0,Tomas Martin Etcheverry,R,196.0,24.9,162.0,366.0,32.0,1290.0
1544,Lorenzo Musetti,R,185.0,22.2,1-6 6-4 6-2,Queen's Club,123.0,Alex De Minaur,R,183.0,25.3,30.0,1380.0,7.0,4085.0
1545,Alejandro Tabilo,L,188.0,27.0,6-3 6-4,Mallorca,74.0,Sebastian Ofner,R,191.0,28.1,24.0,1679.0,54.0,883.0
1546,Sebastian Ofner,R,191.0,28.1,6-4 7-5,Mallorca,82.0,Paul Jubb,R,180.0,24.6,54.0,883.0,289.0,191.0
1547,Alejandro Tabilo,L,188.0,27.0,2-6 6-2 7-6(3),Mallorca,114.0,Gael Monfils,R,193.0,37.8,24.0,1679.0,40.0,1160.0
1548,Paul Jubb,R,180.0,24.6,6-3 3-6 7-6(8),Mallorca,164.0,Ben Shelton,L,193.0,21.7,289.0,191.0,14.0,2545.0
1549,Sebastian Ofner,R,191.0,28.1,3-6 7-5 6-3,Mallorca,113.0,Alex Michelsen,R,193.0,19.8,54.0,883.0,62.0,844.0
1550,Alejandro Tabilo,L,188.0,27.0,6-4 6-4,Mallorca,90.0,Jakub Mensik,R,193.0,18.8,24.0,1679.0,85.0,688.0
1551,Gael Monfils,R,193.0,37.8,6-3 4-6 6-4,Mallorca,152.0,Roberto Bautista Agut,R,183.0,36.1,40.0,1160.0,122.0,525.0
1552,Ben Shelton,L,193.0,21.7,6-4 6-0,Mallorca,67.0,Rinky Hijikata,R,178.0,23.3,14.0,2545.0,75.0,736.0
1553,Paul Jubb,R,180.0,24.6,6-0 6-3,Mallorca,55.0,Adam Walton,R,183.0,25.1,289.0,191.0,107.0,594.0
1554,Alex Michelsen,R,193.0,19.8,7-6(5) 6-4,Mallorca,109.0,Adrian Mannarino,L,180.0,35.9,62.0,844.0,22.0,1765.0
1555,Sebastian Ofner,R,191.0,28.1,6-3 7-5,Mallorca,79.0,Luciano Darderi,R,183.0,22.3,54.0,883.0,37.0,1231.0
1556,Jakub Mensik,R,193.0,18.8,4-6 6-3 7-5,Mallorca,160.0,Fabio Fognini,R,178.0,37.0,85.0,688.0,97.0,618.0
1557,Alejandro Tabilo,L,188.0,27.0,6-3 6-2,Mallorca,69.0,Alexander Shevchenko,R,185.0,23.5,24.0,1679.0,58.0,860.0
1558,Gael Monfils,R,193.0,37.8,6-3 6-4,Mallorca,77.0,Roberto Carballes Baena,R,183.0,31.2,40.0,1160.0,65.0,821.0
1559,Roberto Bautista Agut,R,183.0,36.1,3-6 6-3 6-4,Mallorca,149.0,Ugo Humbert,L,188.0,25.9,122.0,525.0,16.0,2300.0
1560,Rinky Hijikata,R,178.0,23.3,6-2 2-6 7-5,Mallorca,127.0,Luca Nardi,R,185.0,20.8,75.0,736.0,73.0,760.0
1561,Paul Jubb,R,180.0,24.6,6-1 6-2,Mallorca,70.0,Maximilian Marterer,L,188.0,29.0,289.0,191.0,87.0,679.0
1562,Adam Walton,R,183.0,25.1,7-5 6-2,Mallorca,100.0,Yannick Hanfmann,R,193.0,32.6,107.0,594.0,95.0,626.0
1563,Alex Michelsen,R,193.0,19.8,6-3 7-6(4),Mallorca,107.0,Nuno Borges,R,185.0,27.3,62.0,844.0,51.0,936.0
1564,Sebastian Ofner,R,191.0,28.1,3-6 6-4 7-6(4),Mallorca,124.0,Jaume Munar,R,183.0,27.1,54.0,883.0,63.0,835.0
1565,Luciano Darderi,R,183.0,22.3,7-5 7-5,Mallorca,118.0,Pedro Martinez,R,185.0,27.1,37.0,1231.0,48.0,975.0
1566,Jakub Mensik,R,193.0,18.8,6-3 3-6 6-1,Mallorca,90.0,Christopher Eubanks,R,201.0,28.1,85.0,688.0,42.0,1085.0
1567,Fabio Fognini,R,178.0,37.0,7-6(4) 7-6(5),Mallorca,100.0,Gijs Brouwer,L,191.0,28.2,97.0,618.0,190.0,317.0
1568,Alexander Shevchenko,R,185.0,23.5,7-5 7-6(5),Mallorca,101.0,Constant Lestienne,R,180.0,32.0,58.0,860.0,90.0,657.0
1569,Gael Monfils,R,193.0,37.8,6-3 7-6(3),Mallorca,78.0,Dominic Thiem,R,185.0,30.8,40.0,1160.0,134.0,483.0
1570,Roberto Carballes Baena,R,183.0,31.2,7-6(4) 4-6 7-6(3),Mallorca,168.0,Pablo Carreno Busta,R,188.0,32.9,65.0,821.0,796.0,27.0
1571,Roberto Bautista Agut,R,183.0,36.1,6-1 6-0,Mallorca,53.0,Taro Daniel,R,191.0,31.4,122.0,525.0,83.0,692.0
1572,Taylor Fritz,R,196.0,26.6,6-4 6-3,Eastbourne,70.0,Max Purcell,R,185.0,26.2,13.0,3145.0,94.0,627.0
1573,Taylor Fritz,R,196.0,26.6,7-6(5) 7-6(4),Eastbourne,107.0,Aleksandar Vukic,R,188.0,28.2,13.0,3145.0,81.0,714.0
1574,Max Purcell,R,185.0,26.2,6-4 4-6 6-4,Eastbourne,133.0,Billy Harris,R,193.0,29.4,94.0,627.0,139.0,456.0
1575,Taylor Fritz,R,196.0,26.6,7-6(5) 7-6(5),Eastbourne,106.0,Juncheng Shang,L,180.0,19.3,13.0,3145.0,104.0,595.0
1576,Billy Harris,R,193.0,29.4,6-7(3) 7-6(4) 6-2,Eastbourne,148.0,Flavio Cobolli,R,183.0,22.1,139.0,456.0,49.0,955.0
1577,Max Purcell,R,185.0,26.2,6-3 7-6(4),Eastbourne,85.0,Miomir Kecmanovic,R,183.0,24.8,94.0,627.0,53.0,920.0
1578,Aleksandar Vukic,R,188.0,28.2,6-3 3-6 7-6(5),Eastbourne,127.0,Yoshihito Nishioka,L,170.0,28.7,81.0,714.0,102.0,603.0
1579,Taylor Fritz,R,196.0,26.6,7-6(4) 6-3,Eastbourne,74.0,Thiago Seyboth Wild,R,185.0,24.2,13.0,3145.0,74.0,750.0
1580,Aleksandar Vukic,R,188.0,28.2,6-4 6-4,Eastbourne,65.0,Alexander Bublik,R,196.0,27.0,81.0,714.0,23.0,1730.0
1581,Miomir Kecmanovic,R,183.0,24.8,6-3 6-2,Eastbourne,69.0,Sebastian Baez,R,170.0,23.4,53.0,920.0,18.0,2030.0
1582,Flavio Cobolli,R,183.0,22.1,4-6 6-3 6-4,Eastbourne,111.0,Giles Hussey,L,185.0,27.0,49.0,955.0,359.0,141.0
1583,Billy Harris,R,193.0,29.4,3-6 6-2 6-2,Eastbourne,124.0,Charles Broom,R,178.0,26.1,139.0,456.0,245.0,239.0
1584,Yoshihito Nishioka,L,170.0,28.7,6-7(8) 6-4 6-2,Eastbourne,131.0,Marcos Giron,R,180.0,30.9,102.0,603.0,46.0,1005.0
1585,Max Purcell,R,185.0,26.2,6-4 6-4,Eastbourne,88.0,Lorenzo Sonego,R,191.0,29.1,94.0,627.0,57.0,869.0
1586,Juncheng Shang,L,180.0,19.3,4-6 6-3 6-4,Eastbourne,126.0,Emil Ruusuvuori,R,188.0,25.2,104.0,595.0,88.0,668.0
1587,Marcos Giron,R,180.0,30.9,7-6(5) 7-6(4),Eastbourne,100.0,Francisco Cerundolo,R,185.0,25.8,46.0,1005.0,27.0,1565.0
1588,Giles Hussey,L,185.0,27.0,6-4 6-2,Eastbourne,63.0,Mariano Navone,R,178.0,23.3,359.0,141.0,32.0,1282.0
1589,Juncheng Shang,L,180.0,19.3,7-5 3-6 7-6(4),Eastbourne,145.0,Tomas Martin Etcheverry,R,196.0,24.9,104.0,595.0,31.0,1290.0
1590,Flavio Cobolli,R,183.0,22.1,6-4 7-5,Eastbourne,81.0,Arthur Rinderknech,R,196.0,28.9,49.0,955.0,68.0,792.0
1591,Billy Harris,R,193.0,29.4,6-4 7-6(7),Eastbourne,97.0,Jacob Fearnley,R,183.0,22.9,139.0,456.0,271.0,206.0
1592,Miomir Kecmanovic,R,183.0,24.8,6-2 7-6(2),Eastbourne,85.0,Zhizhen Zhang,R,193.0,27.6,53.0,920.0,33.0,1256.0
1593,Yoshihito Nishioka,L,170.0,28.7,6-3 6-4,Eastbourne,105.0,Liam Broady,L,183.0,30.4,102.0,603.0,146.0,404.0
1594,Max Purcell,R,185.0,26.2,6-1 4-6 6-3,Eastbourne,119.0,Laslo Djere,R,188.0,29.0,94.0,627.0,52.0,936.0
1595,Emil Ruusuvuori,R,188.0,25.2,7-6(9) 6-3,Eastbourne,95.0,Cameron Norrie,L,188.0,28.8,88.0,668.0,44.0,1070.0
1596,Thiago Seyboth Wild,R,185.0,24.2,6-4 6-4,Eastbourne,100.0,James Mccabe,R,188.0,20.9,74.0,750.0,342.0,149.0
1597,Lorenzo Sonego,R,191.0,29.1,6-3 6-2,Eastbourne,67.0,Henry Searle,L,193.0,18.2,57.0,869.0,568.0,66.0
1598,Aleksandar Vukic,R,188.0,28.2,6-2 6-4,Eastbourne,64.0,Fabian Marozsan,R,193.0,24.7,81.0,714.0,45.0,1047.0
1599,Jannik Sinner,R,191.0,22.8,6-3 6-4 3-6 6-3,Wimbledon,178.0,Yannick Hanfmann,R,193.0,32.6,1.0,9890.0,110.0,556.0
1600,Matteo Berrettini,R,196.0,28.2,7-6(3) 6-2 3-6 6-1,Wimbledon,176.0,Marton Fucsovics,R,188.0,32.3,59.0,845.0,70.0,785.0
1601,Miomir Kecmanovic,R,183.0,24.8,6-2 3-6 6-3 6-4,Wimbledon,159.0,Sumit Nagal,R,178.0,26.8,52.0,925.0,73.0,768.0
1602,Tallon Griekspoor,R,188.0,27.9,7-6(3) 6-3 6-4,Wimbledon,121.0,Daniel Elahi Galan,R,191.0,28.0,27.0,1470.0,103.0,592.0
1603,Denis Shapovalov,L,185.0,25.2,6-1 7-5 6-4,Wimbledon,113.0,Nicolas Jarry,R,201.0,28.7,121.0,530.0,20.0,1825.0
1604,Daniel Altmaier,R,188.0,25.8,4-6 7-6(6) 1-6 6-3 6-1,Wimbledon,223.0,Arthur Fery,R,175.0,21.9,80.0,731.0,247.0,243.0
1605,Lloyd Harris,R,193.0,27.3,3-6 4-6 7-6(5) 6-2 7-6(9),Wimbledon,208.0,Alex Michelsen,R,193.0,19.8,118.0,541.0,55.0,881.0
1606,Ben Shelton,L,193.0,21.7,4-6 6-3 3-6 6-3 6-4,Wimbledon,209.0,Mattia Bellucci,L,175.0,23.0,14.0,2595.0,148.0,401.0
1607,Grigor Dimitrov,R,191.0,33.1,6-3 6-4 7-5,Wimbledon,104.0,Dusan Lajovic,R,183.0,34.0,10.0,3750.0,56.0,871.0
1608,Juncheng Shang,L,180.0,19.4,7-5 6-4 6-4,Wimbledon,123.0,Cristian Garin,R,185.0,28.0,91.0,658.0,106.0,570.0
1609,Stan Wawrinka,R,183.0,39.2,6-3 7-5 6-4,Wimbledon,109.0,Charles Broom,R,178.0,26.1,95.0,633.0,248.0,242.0
1610,Gael Monfils,R,193.0,37.8,6-4 3-6 7-5 6-4,Wimbledon,175.0,Adrian Mannarino,L,180.0,36.0,33.0,1260.0,24.0,1625.0
1611,Zhizhen Zhang,R,193.0,27.7,7-6(4) 6-3 6-2,Wimbledon,117.0,Maxime Janvier,R,196.0,27.7,38.0,1221.0,225.0,269.0
1612,Jan Lennard Struff,R,193.0,34.1,6-4 6-7(4) 6-2 6-3,Wimbledon,125.0,Fabian Marozsan,R,193.0,24.7,41.0,1135.0,43.0,1047.0
1613,Alexandre Muller,R,183.0,27.4,6-4 7-6(2) 7-6(5),Wimbledon,139.0,Hugo Gaston,L,173.0,23.7,102.0,601.0,71.0,783.0
1614,Daniil Medvedev,R,198.0,28.3,6-3 6-4 6-2,Wimbledon,106.0,Aleksandar Kovacevic,R,183.0,25.8,5.0,6445.0,88.0,681.0
1615,Carlos Alcaraz,R,183.0,21.1,7-6(3) 7-5 6-2,Wimbledon,142.0,Mark Lajal,R,191.0,21.1,3.0,8130.0,269.0,212.0
1616,Aleksandar Vukic,R,188.0,28.2,6-7(9) 6-4 6-4 3-6 7-6(8),Wimbledon,229.0,Sebastian Ofner,R,191.0,28.1,69.0,789.0,45.0,1038.0
1617,Borna Coric,R,188.0,27.6,6-3 7-6(2) 6-3,Wimbledon,132.0,Felipe Meligeni Alves,R,185.0,26.3,89.0,664.0,145.0,403.0
1618,Frances Tiafoe,R,188.0,26.4,6-7(5) 2-6 6-1 6-3 6-3,Wimbledon,189.0,Matteo Arnaldi,R,185.0,23.3,29.0,1355.0,35.0,1245.0
1619,Brandon Nakashima,R,188.0,22.9,6-2 6-3 6-4,Wimbledon,115.0,Sebastian Baez,R,170.0,23.5,65.0,825.0,18.0,2020.0
1620,Jordan Thompson,R,183.0,30.1,5-7 5-7 6-4 6-4 6-4,Wimbledon,246.0,Pavel Kotov,R,191.0,25.6,40.0,1206.0,53.0,893.0
1621,Botic Van De Zandschulp,R,191.0,28.7,6-2 4-6 6-3 6-2,Wimbledon,148.0,Liam Broady,L,183.0,30.4,97.0,618.0,156.0,384.0
1622,Ugo Humbert,L,188.0,26.0,6-1 4-6 7-6(2) 6-7(3) 6-1,Wimbledon,198.0,Alexander Shevchenko,R,185.0,23.5,16.0,2300.0,57.0,860.0
1623,Tommy Paul,R,185.0,27.1,6-2 6-1 4-6 6-3,Wimbledon,136.0,Pedro Martinez,R,185.0,27.1,13.0,3100.0,49.0,975.0
1624,Otto Virtanen,R,193.0,23.0,6-3 6-2 6-2,Wimbledon,89.0,Max Purcell,R,185.0,26.2,147.0,401.0,68.0,795.0
1625,Arthur Cazaux,R,183.0,21.8,6-1 6-4 6-7(2) 6-7(4) 7-6(8),Wimbledon,274.0,Zizou Bergs,R,185.0,25.0,98.0,616.0,82.0,722.0
1626,Alexander Bublik,R,196.0,27.0,4-6 6-7(2) 6-4 6-4 6-2,Wimbledon,209.0,Jakub Mensik,R,193.0,18.8,23.0,1730.0,78.0,738.0
1627,Lorenzo Sonego,R,191.0,29.1,6-4 7-6(2) 6-4,Wimbledon,144.0,Mariano Navone,R,178.0,23.3,54.0,881.0,32.0,1282.0
1628,Roberto Bautista Agut,R,183.0,36.2,6-3 6-1 6-4,Wimbledon,109.0,Maximilian Marterer,L,188.0,29.0,112.0,555.0,85.0,692.0
1629,Fabio Fognini,R,178.0,37.1,6-1 6-3 7-5,Wimbledon,124.0,Luca Van Assche,R,178.0,20.1,94.0,635.0,104.0,585.0
1630,Casper Ruud,R,183.0,25.5,7-6(2) 6-4 6-4,Wimbledon,133.0,Alex Bolt,L,183.0,31.4,8.0,4025.0,234.0,252.0
1631,Francisco Comesana,R,178.0,23.7,6-4 5-7 6-2 7-6(5),Wimbledon,179.0,Andrey Rublev,R,188.0,26.6,122.0,529.0,6.0,4420.0
1632,Adam Walton,R,183.0,25.2,6-3 6-3 7-5,Wimbledon,125.0,Federico Coria,R,180.0,32.3,101.0,607.0,72.0,776.0
1633,Luciano Darderi,R,183.0,22.3,7-5 4-6 2-6 7-5 6-2,Wimbledon,210.0,Jan Choinski,R,196.0,28.0,37.0,1236.0,174.0,344.0
1634,Lorenzo Musetti,R,185.0,22.3,4-6 7-6(4) 6-2 6-2,Wimbledon,187.0,Constant Lestienne,R,180.0,32.1,25.0,1620.0,92.0,650.0
1635,Giovanni Mpetshi Perricard,R,203.0,20.9,7-6(5) 6-7(4) 7-6(6) 6-7(4) 6-3,Wimbledon,201.0,Sebastian Korda,R,196.0,23.9,58.0,853.0,21.0,1795.0
1636,Yoshihito Nishioka,L,170.0,28.7,6-2 7-6(6) 2-6 6-3,Wimbledon,148.0,Nuno Borges,R,185.0,27.3,90.0,659.0,50.0,936.0
1637,Emil Ruusuvuori,R,188.0,25.2,7-6(6) 4-6 5-7 7-6(6) 6-3,Wimbledon,224.0,Mackenzie Mcdonald,R,178.0,29.2,87.0,683.0,96.0,626.0
1638,Stefanos Tsitsipas,R,193.0,25.8,7-6(5) 6-4 7-5,Wimbledon,143.0,Taro Daniel,R,191.0,31.4,11.0,3745.0,84.0,692.0
1639,Taylor Fritz,R,196.0,26.6,6-1 6-2 6-4,Wimbledon,91.0,Christopher Oconnell,R,183.0,30.0,12.0,3350.0,79.0,733.0
1640,Arthur Rinderknech,R,196.0,28.9,5-7 6-4 6-7(2) 6-3 6-2,Wimbledon,210.0,Kei Nishikori,R,178.0,34.5,76.0,754.0,401.0,118.0
1641,Flavio Cobolli,R,183.0,22.1,7-5 4-6 6-4 6-4,Wimbledon,175.0,Rinky Hijikata,R,178.0,23.3,48.0,980.0,77.0,751.0
1642,Alejandro Tabilo,L,188.0,27.0,6-2 7-5 6-3,Wimbledon,136.0,Daniel Evans,R,175.0,34.1,19.0,1904.0,60.0,844.0
1643,Jack Draper,L,193.0,22.5,3-6 6-3 6-3 4-6 6-3,Wimbledon,198.0,Elias Ymer,R,185.0,28.2,28.0,1461.0,205.0,293.0
1644,Cameron Norrie,L,188.0,28.8,7-5 7-5 6-3,Wimbledon,137.0,Facundo Diaz Acosta,L,183.0,23.5,42.0,1070.0,67.0,808.0
1645,Marcos Giron,R,180.0,30.9,3-6 6-3 6-4 6-4,Wimbledon,147.0,Henry Searle,L,193.0,18.2,46.0,1020.0,539.0,73.0
1646,Alexander Zverev,R,198.0,27.1,6-2 6-4 6-2,Wimbledon,113.0,Roberto Carballes Baena,R,183.0,31.2,4.0,6905.0,64.0,826.0
1647,Hubert Hurkacz,R,196.0,27.3,5-7 6-4 6-3 6-4,Wimbledon,169.0,Radu Albot,R,175.0,34.6,7.0,4235.0,144.0,406.0
1648,Arthur Fils,R,185.0,20.0,6-3 6-2 3-6 6-4,Wimbledon,126.0,Dominic Stricker,L,183.0,21.8,34.0,1250.0,149.0,400.0
1649,Tomas Machac,R,183.0,23.7,3-6 3-6 6-4 6-1 7-6(5),Wimbledon,197.0,David Goffin,R,180.0,33.5,39.0,1214.0,83.0,694.0
1650,Roman Safiullin,R,185.0,26.8,6-7(5) 3-6 7-5 6-3 6-4,Wimbledon,206.0,Francisco Cerundolo,R,185.0,25.8,44.0,1045.0,30.0,1315.0
1651,Thanasi Kokkinakis,R,193.0,28.2,4-6 5-7 7-6(9) 6-4 6-4,Wimbledon,278.0,Felix Auger Aliassime,R,193.0,23.8,93.0,639.0,17.0,2075.0
1652,Lucas Pouille,R,185.0,30.3,3-6 7-6(4) 3-6 6-3 6-1,Wimbledon,170.0,Laslo Djere,R,188.0,29.0,212.0,284.0,51.0,936.0
1653,Jaume Munar,R,183.0,27.1,6-4 6-4 3-6 6-3,Wimbledon,166.0,Billy Harris,R,193.0,29.4,63.0,835.0,116.0,545.0
1654,Alex De Minaur,R,183.0,25.3,7-6(1) 7-6(3) 7-6(4),Wimbledon,184.0,James Duckworth,R,183.0,32.4,9.0,3830.0,81.0,728.0
1655,Holger Rune,R,188.0,21.1,6-1 6-4 6-4,Wimbledon,96.0,Soon Woo Kwon,R,180.0,26.5,15.0,2370.0,367.0,135.0
1656,Thiago Seyboth Wild,R,185.0,24.3,1-6 3-6 7-6(6) 6-4 7-5,Wimbledon,241.0,Paul Jubb,R,180.0,24.6,74.0,767.0,201.0,301.0
1657,Quentin Halys,R,191.0,27.6,6-4 6-4 6-2,Wimbledon,79.0,Christopher Eubanks,R,201.0,28.1,220.0,272.0,62.0,835.0
1659,Tomas Martin Etcheverry,R,196.0,24.9,6-1 6-4 6-2,Wimbledon,107.0,Luca Nardi,R,185.0,20.9,31.0,1290.0,75.0,760.0
1660,Alexei Popyrin,R,196.0,24.9,6-4 6-7(8) 6-3 6-4,Wimbledon,157.0,Thiago Monteiro,L,183.0,30.0,47.0,981.0,86.0,690.0
1661,Jacob Fearnley,R,183.0,22.9,7-5 6-4 7-6(12),Wimbledon,167.0,Alejandro Moro Canas,R,183.0,23.5,277.0,206.0,188.0,321.0
1662,Novak Djokovic,R,188.0,37.1,6-1 6-2 6-2,Wimbledon,118.0,Vit Kopriva,R,178.0,27.0,2.0,8360.0,123.0,523.0
1663,Jannik Sinner,R,191.0,22.8,7-6(3) 7-6(4) 2-6 7-6(4),Wimbledon,222.0,Matteo Berrettini,R,196.0,28.2,1.0,9890.0,59.0,845.0
1664,Miomir Kecmanovic,R,183.0,24.8,4-6 7-6(7) 1-6 6-2 6-3,Wimbledon,171.0,Tallon Griekspoor,R,188.0,27.9,52.0,925.0,27.0,1470.0
1665,Denis Shapovalov,L,185.0,25.2,7-6(3) 6-3 1-6 6-7(3) 6-4,Wimbledon,209.0,Daniel Altmaier,R,188.0,25.8,121.0,530.0,80.0,731.0
1666,Ben Shelton,L,193.0,21.7,4-6 7-6(5) 6-7(5) 6-3 7-6(7),Wimbledon,229.0,Lloyd Harris,R,193.0,27.3,14.0,2595.0,118.0,541.0
1667,Grigor Dimitrov,R,191.0,33.1,5-7 6-7(4) 6-4 6-2 6-4,Wimbledon,206.0,Juncheng Shang,L,180.0,19.4,10.0,3750.0,91.0,658.0
1668,Gael Monfils,R,193.0,37.8,7-6(5) 6-4 7-6(3),Wimbledon,123.0,Stan Wawrinka,R,183.0,39.2,33.0,1260.0,95.0,633.0
1669,Jan Lennard Struff,R,193.0,34.1,5-7 6-3 7-6(1) 7-6(8),Wimbledon,173.0,Zhizhen Zhang,R,193.0,27.7,41.0,1135.0,38.0,1221.0
1670,Daniil Medvedev,R,198.0,28.3,6-7(3) 7-6(4) 6-4 7-5,Wimbledon,208.0,Alexandre Muller,R,183.0,27.4,5.0,6445.0,102.0,601.0
1671,Carlos Alcaraz,R,183.0,21.1,7-6(5) 6-2 6-2,Wimbledon,108.0,Aleksandar Vukic,R,188.0,28.2,3.0,8130.0,69.0,789.0
1672,Frances Tiafoe,R,188.0,26.4,7-6(5) 6-1 6-3,Wimbledon,120.0,Borna Coric,R,188.0,27.6,29.0,1355.0,89.0,664.0
1673,Brandon Nakashima,R,188.0,22.9,6-3 6-2 6-2,Wimbledon,97.0,Jordan Thompson,R,183.0,30.1,65.0,825.0,40.0,1206.0
1674,Ugo Humbert,L,188.0,26.0,7-6(9) 6-1 6-3,Wimbledon,134.0,Botic Van De Zandschulp,R,191.0,28.7,16.0,2300.0,97.0,618.0
1675,Tommy Paul,R,185.0,27.1,4-6 6-3 5-7 7-5 6-4,Wimbledon,199.0,Otto Virtanen,R,193.0,23.0,13.0,3100.0,147.0,401.0
1676,Alexander Bublik,R,196.0,27.0,6-4 7-6(1) 6-4,Wimbledon,124.0,Arthur Cazaux,R,183.0,21.8,23.0,1730.0,98.0,616.0
1677,Roberto Bautista Agut,R,183.0,36.2,6-3 3-6 6-3 6-4,Wimbledon,167.0,Lorenzo Sonego,R,191.0,29.1,112.0,555.0,54.0,881.0
1678,Fabio Fognini,R,178.0,37.1,6-4 7-5 6-7(1) 6-3,Wimbledon,198.0,Casper Ruud,R,183.0,25.5,94.0,635.0,8.0,4025.0
1679,Francisco Comesana,R,178.0,23.7,7-5 1-6 6-7(12) 6-1 7-6(8),Wimbledon,248.0,Adam Walton,R,183.0,25.2,122.0,529.0,101.0,607.0
1680,Lorenzo Musetti,R,185.0,22.3,6-4 4-6 6-7(5) 6-4 6-4,Wimbledon,227.0,Luciano Darderi,R,183.0,22.3,25.0,1620.0,37.0,1236.0
1681,Giovanni Mpetshi Perricard,R,203.0,20.9,6-4 6-1 6-2,Wimbledon,71.0,Yoshihito Nishioka,L,170.0,28.7,58.0,853.0,90.0,659.0
1682,Emil Ruusuvuori,R,188.0,25.2,7-6(6) 7-6(10) 3-6 6-3,Wimbledon,167.0,Stefanos Tsitsipas,R,193.0,25.8,87.0,683.0,11.0,3745.0
1683,Taylor Fritz,R,196.0,26.6,6-3 6-4 3-6 6-4,Wimbledon,137.0,Arthur Rinderknech,R,196.0,28.9,12.0,3350.0,76.0,754.0
1684,Alejandro Tabilo,L,188.0,27.0,7-6(4) 7-6(4) 4-6 4-6 6-4,Wimbledon,233.0,Flavio Cobolli,R,183.0,22.1,19.0,1904.0,48.0,980.0
1685,Cameron Norrie,L,188.0,28.8,7-6(3) 6-4 7-6(6),Wimbledon,154.0,Jack Draper,L,193.0,22.5,42.0,1070.0,28.0,1461.0
1686,Alexander Zverev,R,198.0,27.1,6-2 6-1 6-4,Wimbledon,94.0,Marcos Giron,R,180.0,30.9,4.0,6905.0,46.0,1020.0
1688,Roman Safiullin,R,185.0,26.8,6-2 6-4 5-7 6-3,Wimbledon,154.0,Tomas Machac,R,183.0,23.7,44.0,1045.0,39.0,1214.0
1690,Alex De Minaur,R,183.0,25.3,6-2 6-2 7-5,Wimbledon,125.0,Jaume Munar,R,183.0,27.1,9.0,3830.0,63.0,835.0
1691,Holger Rune,R,188.0,21.1,3-6 6-3 6-2 6-2,Wimbledon,130.0,Thiago Seyboth Wild,R,185.0,24.3,15.0,2370.0,74.0,767.0
1692,Quentin Halys,R,191.0,27.6,4-6 6-3 3-6 6-3 6-4,Wimbledon,164.0,Karen Khachanov,R,198.0,28.1,220.0,272.0,22.0,1780.0
1693,Alexei Popyrin,R,196.0,24.9,3-6 6-4 4-6 6-4 6-3,Wimbledon,238.0,Tomas Martin Etcheverry,R,196.0,24.9,47.0,981.0,31.0,1290.0
1694,Novak Djokovic,R,188.0,37.1,6-3 6-4 5-7 7-5,Wimbledon,180.0,Jacob Fearnley,R,183.0,22.9,2.0,8360.0,277.0,206.0
1695,Jannik Sinner,R,191.0,22.8,6-1 6-4 6-2,Wimbledon,96.0,Miomir Kecmanovic,R,183.0,24.8,1.0,9890.0,52.0,925.0
1696,Ben Shelton,L,193.0,21.7,6-7(4) 6-2 6-4 4-6 6-2,Wimbledon,185.0,Denis Shapovalov,L,185.0,25.2,14.0,2595.0,121.0,530.0
1697,Grigor Dimitrov,R,191.0,33.1,6-3 6-4 6-3,Wimbledon,107.0,Gael Monfils,R,193.0,37.8,10.0,3750.0,33.0,1260.0
1698,Daniil Medvedev,R,198.0,28.3,6-1 6-3 4-6 7-6(3),Wimbledon,137.0,Jan Lennard Struff,R,193.0,34.1,5.0,6445.0,41.0,1135.0
1699,Carlos Alcaraz,R,183.0,21.1,5-7 6-2 4-6 7-6(2) 6-2,Wimbledon,230.0,Frances Tiafoe,R,188.0,26.4,3.0,8130.0,29.0,1355.0
1700,Ugo Humbert,L,188.0,26.0,7-6(9) 6-3 6-7(5) 7-6(6),Wimbledon,217.0,Brandon Nakashima,R,188.0,22.9,16.0,2300.0,65.0,825.0
1701,Tommy Paul,R,185.0,27.1,6-3 6-4 6-2,Wimbledon,85.0,Alexander Bublik,R,196.0,27.0,13.0,3100.0,23.0,1730.0
1702,Roberto Bautista Agut,R,183.0,36.2,7-6(6) 3-6 5-7 7-6(1) 6-4,Wimbledon,266.0,Fabio Fognini,R,178.0,37.1,112.0,555.0,94.0,635.0
1703,Lorenzo Musetti,R,185.0,22.3,6-2 6-7(4) 7-6(3) 6-3,Wimbledon,209.0,Francisco Comesana,R,178.0,23.7,25.0,1620.0,122.0,529.0
1704,Giovanni Mpetshi Perricard,R,203.0,20.9,4-6 6-2 7-6(5) 6-4,Wimbledon,132.0,Emil Ruusuvuori,R,188.0,25.2,58.0,853.0,87.0,683.0
1705,Taylor Fritz,R,196.0,26.6,7-6(3) 6-3 7-5,Wimbledon,114.0,Alejandro Tabilo,L,188.0,27.0,12.0,3350.0,19.0,1904.0
1706,Alexander Zverev,R,198.0,27.1,6-4 6-4 7-6(15),Wimbledon,151.0,Cameron Norrie,L,188.0,28.8,4.0,6905.0,42.0,1070.0
1707,Arthur Fils,R,185.0,20.0,4-6 6-3 1-6 6-4 6-3,Wimbledon,198.0,Roman Safiullin,R,185.0,26.8,34.0,1250.0,44.0,1045.0
1709,Holger Rune,R,188.0,21.1,1-6 6-7(4) 6-4 7-6(4) 6-1,Wimbledon,179.0,Quentin Halys,R,191.0,27.6,15.0,2370.0,220.0,272.0
1710,Novak Djokovic,R,188.0,37.1,4-6 6-3 6-4 7-6(3),Wimbledon,185.0,Alexei Popyrin,R,196.0,24.9,2.0,8360.0,47.0,981.0
1711,Jannik Sinner,R,191.0,22.8,6-2 6-4 7-6(9),Wimbledon,129.0,Ben Shelton,L,193.0,21.7,1.0,9890.0,14.0,2595.0
1713,Carlos Alcaraz,R,183.0,21.1,6-3 6-4 1-6 7-5,Wimbledon,180.0,Ugo Humbert,L,188.0,26.0,3.0,8130.0,16.0,2300.0
1714,Tommy Paul,R,185.0,27.1,6-2 7-6(3) 6-2,Wimbledon,122.0,Roberto Bautista Agut,R,183.0,36.2,13.0,3100.0,112.0,555.0
1715,Lorenzo Musetti,R,185.0,22.3,4-6 6-3 6-3 6-2,Wimbledon,123.0,Giovanni Mpetshi Perricard,R,203.0,20.9,25.0,1620.0,58.0,853.0
1716,Taylor Fritz,R,196.0,26.6,4-6 6-7(4) 6-4 7-6(3) 6-3,Wimbledon,209.0,Alexander Zverev,R,198.0,27.1,12.0,3350.0,4.0,6905.0
1717,Alex De Minaur,R,183.0,25.3,6-2 6-4 4-6 6-3,Wimbledon,174.0,Arthur Fils,R,185.0,20.0,9.0,3830.0,34.0,1250.0
1718,Novak Djokovic,R,188.0,37.1,6-3 6-4 6-2,Wimbledon,123.0,Holger Rune,R,188.0,21.1,2.0,8360.0,15.0,2370.0
1719,Daniil Medvedev,R,198.0,28.3,6-7(7) 6-4 7-6(4) 2-6 6-3,Wimbledon,240.0,Jannik Sinner,R,191.0,22.8,5.0,6445.0,1.0,9890.0
1720,Carlos Alcaraz,R,183.0,21.1,5-7 6-4 6-2 6-2,Wimbledon,191.0,Tommy Paul,R,185.0,27.1,3.0,8130.0,13.0,3100.0
1721,Lorenzo Musetti,R,185.0,22.3,3-6 7-6(5) 6-2 3-6 6-1,Wimbledon,207.0,Taylor Fritz,R,196.0,26.6,25.0,1620.0,12.0,3350.0
1723,Carlos Alcaraz,R,183.0,21.1,6-7(1) 6-3 6-4 6-4,Wimbledon,175.0,Daniil Medvedev,R,198.0,28.3,3.0,8130.0,5.0,6445.0
1724,Novak Djokovic,R,188.0,37.1,6-4 7-6(2) 6-4,Wimbledon,168.0,Lorenzo Musetti,R,185.0,22.3,2.0,8360.0,25.0,1620.0
1725,Carlos Alcaraz,R,183.0,21.1,6-2 6-2 7-6(4),Wimbledon,147.0,Novak Djokovic,R,188.0,37.1,3.0,8130.0,2.0,8360.0
1726,Matteo Berrettini,R,196.0,28.2,6-3 6-1,Gstaad,59.0,Quentin Halys,R,191.0,27.7,82.0,715.0,192.0,312.0
1727,Matteo Berrettini,R,196.0,28.2,7-6(6) 7-5,Gstaad,102.0,Stefanos Tsitsipas,R,193.0,25.9,82.0,715.0,12.0,3615.0
1728,Quentin Halys,R,191.0,27.7,6-3 7-6(2),Gstaad,80.0,Jan Lennard Struff,R,193.0,34.2,192.0,312.0,37.0,1235.0
1729,Stefanos Tsitsipas,R,193.0,25.9,6-4 6-3,Gstaad,66.0,Fabio Fognini,R,178.0,37.1,12.0,3615.0,80.0,727.0
1730,Matteo Berrettini,R,196.0,28.2,7-6(7) 7-6(2),Gstaad,130.0,Felix Auger Aliassime,R,193.0,23.9,82.0,715.0,18.0,2075.0
1731,Jan Lennard Struff,R,193.0,34.2,7-5 3-6 6-3,Gstaad,136.0,Tomas Martin Etcheverry,R,196.0,24.9,37.0,1235.0,32.0,1295.0
1732,Quentin Halys,R,191.0,27.7,6-1 7-5,Gstaad,82.0,Gustavo Heide,R,191.0,22.3,192.0,312.0,178.0,334.0
1733,Stefanos Tsitsipas,R,193.0,25.9,7-6(6) 6-3,Gstaad,103.0,Hamad Medjedovic,R,188.0,20.9,12.0,3615.0,122.0,506.0
1734,Fabio Fognini,R,178.0,37.1,3-6 7-6(5) 7-5,Gstaad,167.0,Juan Pablo Varillas,R,185.0,28.7,80.0,727.0,162.0,367.0
1735,Felix Auger Aliassime,R,193.0,23.9,7-6(6) 6-2,Gstaad,112.0,Yannick Hanfmann,R,193.0,32.6,18.0,2075.0,111.0,556.0
1736,Matteo Berrettini,R,196.0,28.2,6-4 6-2,Gstaad,79.0,Daniel Elahi Galan,R,191.0,28.0,82.0,715.0,142.0,444.0
1737,Jan Lennard Struff,R,193.0,34.2,7-6(6) 7-6(1),Gstaad,98.0,Leandro Riedi,R,191.0,22.4,37.0,1235.0,134.0,473.0
1738,Tomas Martin Etcheverry,R,196.0,24.9,6-2 2-6 6-3,Gstaad,137.0,Botic Van De Zandschulp,R,191.0,28.7,32.0,1295.0,87.0,687.0
1739,Quentin Halys,R,191.0,27.7,6-3 6-7(7) 6-4,Gstaad,129.0,Lukas Klein,R,193.0,26.3,192.0,312.0,118.0,511.0
1740,Gustavo Heide,R,191.0,22.3,6-7(2) 6-2 6-3,Gstaad,140.0,Ugo Humbert,L,188.0,26.0,178.0,334.0,15.0,2490.0
1741,Hamad Medjedovic,R,188.0,20.9,6-7(3) 7-6(2) 6-3,Gstaad,140.0,Marc Andrea Huesler,L,196.0,28.0,122.0,506.0,226.0,262.0
1742,Juan Pablo Varillas,R,185.0,28.7,6-3 5-7 7-6(4),Gstaad,172.0,Dominic Thiem,R,185.0,30.8,162.0,367.0,133.0,473.0
1743,Fabio Fognini,R,178.0,37.1,6-4 6-3,Gstaad,83.0,Titouan Droguet,R,191.0,23.0,80.0,727.0,141.0,445.0
1744,Yannick Hanfmann,R,193.0,32.6,7-6(2) 6-7(2) 6-4,Gstaad,156.0,Nicolas Moreno De Alboran,R,185.0,27.0,111.0,556.0,143.0,429.0
1745,Daniel Elahi Galan,R,191.0,28.0,6-3 6-2,Gstaad,80.0,Vit Kopriva,R,178.0,27.0,142.0,444.0,112.0,554.0
1746,Matteo Berrettini,R,196.0,28.2,6-4 7-6(2),Gstaad,101.0,Pedro Cachin,R,185.0,29.2,82.0,715.0,110.0,568.0
1747,Jan Lennard Struff,R,193.0,34.2,7-6(6) 7-6(4),Gstaad,108.0,Albert Ramos,L,188.0,36.4,37.0,1235.0,97.0,635.0
1748,Leandro Riedi,R,191.0,22.4,7-6(2) 7-5,Gstaad,103.0,Gregoire Barrere,R,183.0,30.4,134.0,473.0,131.0,475.0
1749,Botic Van De Zandschulp,R,191.0,28.7,6-3 6-3,Gstaad,81.0,Dominic Stricker,L,183.0,21.9,87.0,687.0,175.0,340.0
1750,Lukas Klein,R,193.0,26.3,7-6(4) 2-6 7-5,Gstaad,121.0,Stan Wawrinka,R,183.0,39.2,118.0,511.0,105.0,593.0
1751,Quentin Halys,R,191.0,27.7,7-6(4) 7-6(5),Gstaad,120.0,Richard Gasquet,R,183.0,38.0,192.0,312.0,132.0,474.0
1752,Gustavo Heide,R,191.0,22.3,7-6(4) 5-7 7-6(3),Gstaad,191.0,Stefano Napolitano,R,196.0,29.2,178.0,334.0,125.0,497.0
1753,Arthur Fils,R,185.0,20.0,6-3 3-6 7-6(1),Hamburg,213.0,Alexander Zverev,R,198.0,27.2,28.0,1450.0,4.0,7015.0
1754,Alexander Zverev,R,198.0,27.2,6-2 6-4,Hamburg,84.0,Pedro Martinez,R,185.0,27.2,4.0,7015.0,49.0,974.0
1755,Arthur Fils,R,185.0,20.0,6-2 6-2,Hamburg,66.0,Sebastian Baez,R,170.0,23.5,28.0,1450.0,19.0,2020.0
1756,Alexander Zverev,R,198.0,27.2,6-4 6-3,Hamburg,66.0,Zhizhen Zhang,R,193.0,27.7,4.0,7015.0,34.0,1261.0
1757,Pedro Martinez,R,185.0,27.2,1-6 6-1 6-4,Hamburg,116.0,Francisco Cerundolo,R,185.0,25.9,49.0,974.0,33.0,1280.0
1758,Sebastian Baez,R,170.0,23.5,2-6 6-4 6-4,Hamburg,137.0,Luciano Darderi,R,183.0,22.4,19.0,2020.0,35.0,1256.0
1760,Alexander Zverev,R,198.0,27.2,4-6 6-2 7-5,Hamburg,157.0,Hugo Gaston,L,173.0,23.8,4.0,7015.0,81.0,715.0
1761,Zhizhen Zhang,R,193.0,27.7,6-1 7-6(5),Hamburg,75.0,Flavio Cobolli,R,183.0,22.1,34.0,1261.0,48.0,1000.0
1762,Francisco Cerundolo,R,185.0,25.9,6-0 6-2,Hamburg,68.0,Maximilian Marterer,L,188.0,29.0,33.0,1280.0,108.0,587.0
1763,Pedro Martinez,R,185.0,27.2,6-4 0-6 7-5,Hamburg,132.0,Ugo Blanchet,R,175.0,25.5,49.0,974.0,161.0,370.0
1764,Luciano Darderi,R,183.0,22.4,6-3 2-6 6-3,Hamburg,113.0,Alexander Shevchenko,R,185.0,23.6,35.0,1256.0,56.0,860.0
1765,Sebastian Baez,R,170.0,23.5,4-6 7-5 6-2,Hamburg,160.0,Dusan Lajovic,R,183.0,34.0,19.0,2020.0,55.0,871.0
1766,Arthur Fils,R,185.0,20.0,7-6(3) 6-2,Hamburg,106.0,Laslo Djere,R,188.0,29.1,28.0,1450.0,57.0,856.0
1767,Holger Rune,R,188.0,21.2,6-4 6-3,Hamburg,79.0,Marco Trungelliti,R,178.0,34.4,17.0,2210.0,151.0,393.0
1768,Alexander Zverev,R,198.0,27.2,6-2 6-2,Hamburg,77.0,Jesper De Jong,R,180.0,24.1,4.0,7015.0,114.0,533.0
1769,Hugo Gaston,L,173.0,23.8,7-6(4) 1-6 6-4,Hamburg,153.0,Facundo Diaz Acosta,L,183.0,23.5,81.0,715.0,77.0,743.0
1770,Flavio Cobolli,R,183.0,22.1,6-4 6-7(6) 6-3,Hamburg,158.0,Daniel Altmaier,R,188.0,25.8,48.0,1000.0,71.0,766.0
1771,Zhizhen Zhang,R,193.0,27.7,7-6(6) 6-0,Hamburg,99.0,Thiago Seyboth Wild,R,185.0,24.3,34.0,1261.0,72.0,755.0
1772,Francisco Cerundolo,R,185.0,25.9,7-5 6-4,Hamburg,99.0,Francisco Comesana,R,178.0,23.7,33.0,1280.0,100.0,612.0
1773,Maximilian Marterer,L,188.0,29.0,6-4 6-7(6) 7-5,Hamburg,169.0,Soon Woo Kwon,R,180.0,26.6,108.0,587.0,349.0,145.0
1774,Ugo Blanchet,R,175.0,25.5,4-6 7-6(6) 6-2,Hamburg,153.0,Alexei Popyrin,R,196.0,24.9,161.0,370.0,43.0,1071.0
1775,Pedro Martinez,R,185.0,27.2,7-6(4) 6-1,Hamburg,100.0,Matteo Arnaldi,R,185.0,23.3,49.0,974.0,39.0,1220.0
1776,Luciano Darderi,R,183.0,22.4,6-1 2-6 6-0,Hamburg,97.0,Nick Hardt,R,185.0,23.8,35.0,1256.0,191.0,313.0
1777,Alexander Shevchenko,R,185.0,23.6,6-4 4-6 6-4,Hamburg,123.0,Rudolf Molleker,R,188.0,23.7,56.0,860.0,197.0,309.0
1778,Dusan Lajovic,R,183.0,34.0,6-2 6-7(5) 6-3,Hamburg,146.0,Felipe Meligeni Alves,R,185.0,26.4,55.0,871.0,144.0,427.0
1779,Sebastian Baez,R,170.0,23.5,6-2 6-3,Hamburg,64.0,Dominik Koepfer,L,180.0,30.2,19.0,2020.0,62.0,811.0
1780,Arthur Fils,R,185.0,20.0,5-7 6-3 6-1,Hamburg,131.0,Jaume Munar,R,183.0,27.1,28.0,1450.0,59.0,840.0
1781,Laslo Djere,R,188.0,29.1,6-3 7-6(4),Hamburg,107.0,Zizou Bergs,R,185.0,25.1,57.0,856.0,73.0,754.0
1783,Holger Rune,R,188.0,21.2,6-4 6-4,Hamburg,80.0,Fabian Marozsan,R,193.0,24.7,17.0,2210.0,45.0,1031.0
1784,Nuno Borges,R,185.0,27.4,6-3 6-2,Bastad,87.0,Rafael Nadal,L,185.0,38.1,51.0,936.0,261.0,215.0
1785,Nuno Borges,R,185.0,27.4,6-3 6-4,Bastad,69.0,Thiago Agustin Tirante,R,185.0,23.2,51.0,936.0,121.0,508.0
1786,Rafael Nadal,L,185.0,38.1,4-6 6-3 6-4,Bastad,132.0,Duje Ajdukovic,R,188.0,23.4,261.0,215.0,130.0,478.0
1787,Thiago Agustin Tirante,R,185.0,23.2,6-3 2-6 7-5,Bastad,135.0,Roberto Carballes Baena,R,183.0,31.3,121.0,508.0,54.0,906.0
1788,Nuno Borges,R,185.0,27.4,6-4 6-3,Bastad,90.0,Timofey Skatov,R,175.0,23.4,51.0,936.0,223.0,265.0
1789,Rafael Nadal,L,185.0,38.1,6-7(2) 7-5 7-5,Bastad,239.0,Mariano Navone,R,178.0,23.3,261.0,215.0,36.0,1242.0
1790,Duje Ajdukovic,R,188.0,23.4,6-2 4-6 6-4,Bastad,129.0,Thiago Monteiro,L,183.0,30.1,130.0,478.0,85.0,700.0
1791,Thiago Agustin Tirante,R,185.0,23.2,7-6(5) 3-6 6-4,Bastad,144.0,Andrey Rublev,R,188.0,26.7,121.0,508.0,8.0,4070.0
1792,Roberto Carballes Baena,R,183.0,31.3,2-6 6-3 6-2,Bastad,137.0,Denis Yevseyev,R,188.0,31.1,54.0,906.0,160.0,370.0
1793,Timofey Skatov,R,175.0,23.4,1-6 6-3 6-4,Bastad,129.0,Tallon Griekspoor,R,188.0,28.0,223.0,265.0,27.0,1510.0
1794,Nuno Borges,R,185.0,27.4,1-6 6-4 6-0,Bastad,128.0,Henrique Rocha,R,180.0,20.2,51.0,936.0,182.0,329.0
1795,Rafael Nadal,L,185.0,38.1,6-4 6-4,Bastad,103.0,Cameron Norrie,L,188.0,28.8,261.0,215.0,42.0,1125.0
1796,Mariano Navone,R,178.0,23.3,6-4 6-2,Bastad,100.0,Sumit Nagal,R,178.0,26.9,36.0,1242.0,68.0,779.0
1797,Duje Ajdukovic,R,188.0,23.4,7-6(7) 3-6 6-3,Bastad,151.0,Pavel Kotov,R,191.0,25.6,130.0,478.0,60.0,821.0
1798,Thiago Monteiro,L,183.0,30.1,6-3 6-3,Bastad,88.0,Casper Ruud,R,183.0,25.5,85.0,700.0,9.0,4030.0
1799,Thiago Agustin Tirante,R,185.0,23.2,3-6 6-1 6-4,Bastad,115.0,Jaime Faria,R,188.0,20.9,121.0,508.0,170.0,349.0
1800,Denis Yevseyev,R,188.0,31.1,7-5 7-5,Bastad,95.0,Alexandre Muller,R,183.0,27.4,160.0,370.0,103.0,606.0
1801,Roberto Carballes Baena,R,183.0,31.3,5-7 7-6(3) 6-3,Bastad,176.0,Roman Safiullin,R,185.0,26.9,54.0,906.0,67.0,785.0
1802,Timofey Skatov,R,175.0,23.4,6-7(7) 6-2 7-6(4),Bastad,211.0,Taro Daniel,R,191.0,31.4,223.0,265.0,90.0,676.0
1803,Henrique Rocha,R,180.0,20.2,4-6 6-2 6-2,Bastad,127.0,Camilo Ugo Carabelli,R,185.0,25.0,182.0,329.0,96.0,645.0
1804,Nuno Borges,R,185.0,27.4,6-2 7-6(3),Bastad,91.0,Andrea Pellegrino,R,185.0,27.3,51.0,936.0,153.0,389.0
1805,Cameron Norrie,L,188.0,28.8,7-6(4) 6-4,Bastad,95.0,Jozef Kovalik,R,183.0,31.6,42.0,1125.0,102.0,607.0
1806,Rafael Nadal,L,185.0,38.1,6-3 6-4,Bastad,85.0,Leo Borg,R,183.0,21.1,261.0,215.0,461.0,91.0
1807,Sumit Nagal,R,178.0,26.9,6-4 6-3,Bastad,98.0,Elias Ymer,R,185.0,28.2,68.0,779.0,202.0,300.0
1808,Pavel Kotov,R,191.0,25.6,6-4 6-7(6) 6-1,Bastad,153.0,Cristian Garin,R,185.0,28.1,60.0,821.0,106.0,590.0
1809,Duje Ajdukovic,R,188.0,23.4,6-3 6-3,Bastad,74.0,Luca Van Assche,R,178.0,20.1,130.0,478.0,104.0,601.0
1810,Thiago Monteiro,L,183.0,30.1,6-1 6-3,Bastad,66.0,Federico Coria,R,180.0,32.3,85.0,700.0,69.0,776.0
1811,Marcos Giron,R,180.0,30.9,6-7(4) 6-3 7-5,Newport,157.0,Alex Michelsen,R,193.0,19.8,46.0,1025.0,61.0,816.0
1812,Alex Michelsen,R,193.0,19.8,6-2 6-0,Newport,59.0,Reilly Opelka,R,211.0,26.8,61.0,816.0,1187.0,7.0
1813,Marcos Giron,R,180.0,30.9,6-4 3-6 6-2,Newport,100.0,Christopher Eubanks,R,201.0,28.1,46.0,1025.0,128.0,485.0
1814,Reilly Opelka,R,211.0,26.8,4-6 6-3 6-4,Newport,108.0,Mackenzie Mcdonald,R,178.0,29.2,1187.0,7.0,99.0,626.0
1815,Alex Michelsen,R,193.0,19.8,6-4 6-4,Newport,85.0,Aleksandar Kovacevic,R,183.0,25.8,61.0,816.0,91.0,668.0
1816,Christopher Eubanks,R,201.0,28.1,6-2 4-6 7-6(3),Newport,125.0,Aleksandar Vukic,R,188.0,28.2,128.0,485.0,65.0,794.0
1817,Marcos Giron,R,180.0,30.9,6-4 6-1,Newport,74.0,Alex Bolt,L,183.0,31.5,46.0,1025.0,210.0,292.0
1818,Reilly Opelka,R,211.0,26.8,6-4 3-6 6-4,Newport,114.0,Adrian Mannarino,L,180.0,36.0,1187.0,7.0,25.0,1590.0
1819,Mackenzie Mcdonald,R,178.0,29.2,6-3 6-4,Newport,82.0,Billy Harris,R,193.0,29.4,99.0,626.0,116.0,529.0
1820,Alex Michelsen,R,193.0,19.8,6-4 6-4,Newport,82.0,Maxime Cressy,R,201.0,27.1,61.0,816.0,180.0,333.0
1821,Aleksandar Kovacevic,R,183.0,25.8,6-3 3-6 7-5,Newport,136.0,Arthur Rinderknech,R,196.0,28.9,91.0,668.0,66.0,794.0
1822,Aleksandar Vukic,R,188.0,28.2,6-2 7-6(3),Newport,88.0,Eliot Spizzirri,R,183.0,22.5,65.0,794.0,393.0,123.0
1823,Christopher Eubanks,R,201.0,28.1,7-6(4) 3-6 6-3,Newport,145.0,Ethan Quinn,R,191.0,20.3,128.0,485.0,254.0,225.0
1824,Alex Bolt,L,183.0,31.5,7-6(2) 6-4,Newport,95.0,Brandon Nakashima,R,188.0,22.9,210.0,292.0,53.0,915.0
1825,Marcos Giron,R,180.0,30.9,4-6 7-5 6-4,Newport,132.0,Benoit Paire,R,196.0,35.1,46.0,1025.0,227.0,261.0
1826,Reilly Opelka,R,211.0,26.8,6-1 2-6 7-6(2),Newport,125.0,Constant Lestienne,R,180.0,32.1,1187.0,7.0,94.0,650.0
1827,Billy Harris,R,193.0,29.4,7-6(4) 7-5,Newport,145.0,Gabriel Diallo,R,203.0,22.8,116.0,529.0,165.0,355.0
1828,Mackenzie Mcdonald,R,178.0,29.2,4-6 7-6(4) 6-2,Newport,132.0,Rinky Hijikata,R,178.0,23.3,99.0,626.0,74.0,751.0
1829,Maxime Cressy,R,201.0,27.1,6-4 4-6 7-6(4),Newport,171.0,Radu Albot,R,175.0,34.6,180.0,333.0,149.0,411.0
1830,Aleksandar Kovacevic,R,183.0,25.8,7-6(1) 6-4,Newport,89.0,Harold Mayot,R,180.0,22.4,91.0,668.0,124.0,499.0
1831,Arthur Rinderknech,R,196.0,28.9,6-3 7-6(5),Newport,111.0,Shintaro Mochizuki,R,175.0,21.1,66.0,794.0,156.0,385.0
1832,Aleksandar Vukic,R,188.0,28.2,6-1 6-2,Newport,66.0,Coleman Wong,R,191.0,20.1,65.0,794.0,179.0,333.0
1833,Eliot Spizzirri,R,183.0,22.5,6-1 7-6(4),Newport,80.0,Li Tu,R,183.0,28.1,393.0,123.0,208.0,294.0
1834,Ethan Quinn,R,191.0,20.3,6-3 6-7(3) 6-1,Newport,137.0,Marc Polmans,R,188.0,27.2,254.0,225.0,217.0,278.0
1835,Brandon Nakashima,R,188.0,22.9,7-5 6-2,Newport,77.0,Emilio Nava,R,185.0,22.6,53.0,915.0,148.0,415.0
1836,Alex Bolt,L,183.0,31.5,6-2 6-4,Newport,101.0,Jakub Mensik,R,193.0,18.8,210.0,292.0,79.0,728.0
1837,Benoit Paire,R,196.0,35.1,6-3 3-6 7-6(4),Newport,109.0,Zachary Svajda,R,175.0,21.6,227.0,261.0,113.0,541.0
1838,Yoshihito Nishioka,L,170.0,28.8,4-6 7-6(2) 6-2,Atlanta,160.0,Jordan Thompson,R,183.0,30.2,86.0,699.0,41.0,1191.0
1839,Jordan Thompson,R,183.0,30.2,6-3 4-6 6-3,Atlanta,141.0,Juncheng Shang,L,180.0,19.4,41.0,1191.0,89.0,678.0
1840,Yoshihito Nishioka,L,170.0,28.8,6-3 4-6 6-4,Atlanta,139.0,Arthur Rinderknech,R,196.0,28.9,86.0,699.0,64.0,806.0
1841,Juncheng Shang,L,180.0,19.4,7-6(3) 6-4,Atlanta,121.0,Max Purcell,R,185.0,26.3,89.0,678.0,66.0,795.0
1842,Jordan Thompson,R,183.0,30.2,7-6(5) 4-6 6-3,Atlanta,183.0,Alejandro Davidovich Fokina,R,183.0,25.1,41.0,1191.0,43.0,1150.0
1843,Yoshihito Nishioka,L,170.0,28.8,7-6(2) 6-2,Atlanta,84.0,Frances Tiafoe,R,188.0,26.5,86.0,699.0,29.0,1365.0
1844,Arthur Rinderknech,R,196.0,28.9,7-6(5) 3-6 6-1,Atlanta,143.0,Mattia Bellucci,L,175.0,23.1,64.0,806.0,146.0,418.0
1845,Juncheng Shang,L,180.0,19.4,7-6(6) 6-4,Atlanta,98.0,Ben Shelton,L,193.0,21.7,89.0,678.0,14.0,2750.0
1846,Max Purcell,R,185.0,26.3,6-3 6-3,Atlanta,61.0,David Goffin,R,180.0,33.6,66.0,795.0,98.0,630.0
1847,Jordan Thompson,R,183.0,30.2,6-2 7-5,Atlanta,85.0,Harold Mayot,R,180.0,22.4,41.0,1191.0,122.0,499.0
1848,Alejandro Davidovich Fokina,R,183.0,25.1,7-5 7-5,Atlanta,106.0,Reilly Opelka,R,211.0,26.8,43.0,1150.0,430.0,107.0
1849,Yoshihito Nishioka,L,170.0,28.8,6-3 6-4,Atlanta,87.0,Mackenzie Mcdonald,R,178.0,29.2,86.0,699.0,97.0,631.0
1850,Frances Tiafoe,R,188.0,26.5,6-4 3-6 6-3,Atlanta,125.0,Aslan Karatsev,R,185.0,30.8,29.0,1365.0,107.0,580.0
1851,Arthur Rinderknech,R,196.0,28.9,7-6(4) 6-3,Atlanta,92.0,Adam Walton,R,183.0,25.2,64.0,806.0,95.0,648.0
1852,Mattia Bellucci,L,175.0,23.1,7-6(6) 4-6 6-3,Atlanta,161.0,Adrian Mannarino,L,180.0,36.0,146.0,418.0,32.0,1340.0
1853,Juncheng Shang,L,180.0,19.4,6-1 6-1,Atlanta,55.0,Andres Martin,R,183.0,23.0,89.0,678.0,483.0,86.0
1854,David Goffin,R,180.0,33.6,6-4 3-6 6-1,Atlanta,124.0,Denis Shapovalov,L,185.0,25.2,98.0,630.0,140.0,450.0
1855,Max Purcell,R,185.0,26.3,4-6 7-5 6-2,Atlanta,136.0,Christopher Oconnell,R,183.0,30.1,66.0,795.0,93.0,653.0
1856,Harold Mayot,R,180.0,22.4,7-6(9) 6-3,Atlanta,123.0,Borna Coric,R,188.0,27.6,122.0,499.0,84.0,704.0
1857,Reilly Opelka,R,211.0,26.8,6-3 7-6(5),Atlanta,83.0,Aleksandar Kovacevic,R,183.0,25.8,430.0,107.0,82.0,718.0
1858,Alejandro Davidovich Fokina,R,183.0,25.1,6-2 7-6(4),Atlanta,111.0,Arthur Cazaux,R,183.0,21.9,43.0,1150.0,92.0,657.0
1859,Mackenzie Mcdonald,R,178.0,29.2,6-2 6-4,Atlanta,72.0,Brandon Nakashima,R,188.0,22.9,97.0,631.0,55.0,915.0
1860,Yoshihito Nishioka,L,170.0,28.8,7-6(4) 6-3,Atlanta,85.0,Zachary Svajda,R,175.0,21.6,86.0,699.0,115.0,541.0
1861,Aslan Karatsev,R,185.0,30.8,6-2 6-2,Atlanta,70.0,Billy Harris,R,193.0,29.4,107.0,580.0,114.0,551.0
1862,Adam Walton,R,183.0,25.2,6-4 6-4,Atlanta,78.0,Miomir Kecmanovic,R,183.0,24.8,95.0,648.0,52.0,935.0
1863,Arthur Rinderknech,R,196.0,28.9,6-3 6-2,Atlanta,72.0,J J Wolf,R,183.0,25.5,64.0,806.0,120.0,519.0
1865,Matteo Berrettini,R,196.0,28.2,7-5 6-3,Kitzbuhel,81.0,Hugo Gaston,L,173.0,23.8,50.0,965.0,91.0,665.0
1867,Matteo Berrettini,R,196.0,28.2,6-4 6-4,Kitzbuhel,90.0,Yannick Hanfmann,R,193.0,32.6,50.0,965.0,116.0,536.0
1868,Hugo Gaston,L,173.0,23.8,7-5 5-7 7-6(6),Kitzbuhel,188.0,Sebastian Baez,R,170.0,23.5,91.0,665.0,18.0,2210.0
1869,Facundo Diaz Acosta,L,183.0,23.6,6-7(2) 6-3 6-4,Kitzbuhel,212.0,Pedro Martinez,R,185.0,27.2,77.0,737.0,45.0,1138.0
1870,Yannick Hanfmann,R,193.0,32.6,7-6(2) 6-4,Kitzbuhel,108.0,Thiago Seyboth Wild,R,185.0,24.3,116.0,536.0,72.0,755.0
1871,Matteo Berrettini,R,196.0,28.2,7-6(5) 6-3,Kitzbuhel,111.0,Nicolas Moreno De Alboran,R,185.0,27.0,50.0,965.0,143.0,430.0
1872,Sebastian Baez,R,170.0,23.5,6-3 6-3,Kitzbuhel,82.0,Thiago Agustin Tirante,R,185.0,23.2,18.0,2210.0,101.0,608.0
1873,Hugo Gaston,L,173.0,23.8,6-2 7-6(5),Kitzbuhel,94.0,Roberto Carballes Baena,R,183.0,31.3,91.0,665.0,51.0,940.0
1874,Pedro Martinez,R,185.0,27.2,7-5 7-5,Kitzbuhel,156.0,Sumit Nagal,R,178.0,26.9,45.0,1138.0,80.0,729.0
1875,Facundo Diaz Acosta,L,183.0,23.6,6-2 4-6 6-3,Kitzbuhel,140.0,Daniel Elahi Galan,R,191.0,28.0,77.0,737.0,137.0,459.0
1876,Thiago Seyboth Wild,R,185.0,24.3,4-6 6-3 6-2,Kitzbuhel,128.0,Laslo Djere,R,188.0,29.1,72.0,755.0,57.0,896.0
1877,Yannick Hanfmann,R,193.0,32.6,6-3 1-6 6-2,Kitzbuhel,112.0,Gustavo Heide,R,191.0,22.3,116.0,536.0,155.0,397.0
1878,Nicolas Moreno De Alboran,R,185.0,27.0,6-4 6-4,Kitzbuhel,84.0,Lukas Neumayer,R,183.0,21.8,143.0,430.0,289.0,190.0
1879,Matteo Berrettini,R,196.0,28.2,7-6(4) 7-6(5),Kitzbuhel,108.0,Alejandro Tabilo,L,188.0,27.1,50.0,965.0,21.0,1918.0
1880,Thiago Agustin Tirante,R,185.0,23.2,6-2 6-4,Kitzbuhel,73.0,Dominic Thiem,R,185.0,30.8,101.0,608.0,138.0,453.0
1881,Hugo Gaston,L,173.0,23.8,6-4 6-7(5) 6-4,Kitzbuhel,154.0,Daniel Altmaier,R,188.0,25.8,91.0,665.0,71.0,756.0
1882,Roberto Carballes Baena,R,183.0,31.3,4-6 6-2 6-3,Kitzbuhel,142.0,Marton Fucsovics,R,188.0,32.4,51.0,940.0,83.0,705.0
1883,Sumit Nagal,R,178.0,26.9,6-4 1-6 7-6(3),Kitzbuhel,138.0,Lukas Klein,R,193.0,26.3,80.0,729.0,119.0,520.0
1884,Facundo Diaz Acosta,L,183.0,23.6,2-6 6-3 6-0,Kitzbuhel,104.0,Federico Coria,R,180.0,32.3,77.0,737.0,73.0,747.0
1885,Daniel Elahi Galan,R,191.0,28.0,6-4 5-7 6-3,Kitzbuhel,173.0,Hamad Medjedovic,R,188.0,21.0,137.0,459.0,144.0,429.0
1886,Laslo Djere,R,188.0,29.1,7-6(6) 6-3,Kitzbuhel,100.0,Vit Kopriva,R,178.0,27.1,57.0,896.0,113.0,553.0
1887,Thiago Seyboth Wild,R,185.0,24.3,6-2 7-6(6),Kitzbuhel,115.0,Joel Schwaerzler,L,188.0,18.4,72.0,755.0,392.0,123.0
1888,Yannick Hanfmann,R,193.0,32.6,6-3 6-4,Kitzbuhel,93.0,Jaume Munar,R,183.0,27.2,116.0,536.0,65.0,805.0
1889,Lukas Neumayer,R,183.0,21.8,6-4 4-6 7-6(3),Kitzbuhel,135.0,Sebastian Ofner,R,191.0,28.1,289.0,190.0,56.0,904.0
1890,Nicolas Moreno De Alboran,R,185.0,27.0,6-4 6-4,Kitzbuhel,87.0,Andrea Collarini,L,183.0,32.4,143.0,430.0,264.0,213.0
1891,Matteo Berrettini,R,196.0,28.2,7-6(6) 7-6(5),Kitzbuhel,136.0,Pavel Kotov,R,191.0,25.6,50.0,965.0,62.0,814.0
1892,Francisco Cerundolo,R,185.0,25.9,2-6 6-4 7-6(5),Umag,180.0,Lorenzo Musetti,R,185.0,22.3,37.0,1290.0,17.0,2265.0
1893,Francisco Cerundolo,R,185.0,25.9,7-6(6) 6-4,Umag,113.0,Andrey Rublev,R,188.0,26.7,37.0,1290.0,9.0,3830.0
1894,Lorenzo Musetti,R,185.0,22.3,6-4 6-1,Umag,76.0,Jakub Mensik,R,193.0,18.8,17.0,2265.0,81.0,721.0
1895,Andrey Rublev,R,188.0,26.7,5-7 6-3 6-2,Umag,114.0,Fabian Marozsan,R,193.0,24.7,9.0,3830.0,49.0,995.0
1896,Francisco Cerundolo,R,185.0,25.9,6-4 2-6 7-6(2),Umag,153.0,Lorenzo Sonego,R,191.0,29.1,37.0,1290.0,54.0,921.0
1897,Jakub Mensik,R,193.0,18.8,6-0 6-4,Umag,80.0,Chun Hsin Tseng,R,175.0,22.9,81.0,721.0,159.0,388.0
1898,Lorenzo Musetti,R,185.0,22.3,5-7 6-3 6-0,Umag,136.0,Dusan Lajovic,R,183.0,34.0,17.0,2265.0,53.0,921.0
1899,Andrey Rublev,R,188.0,26.7,6-4 7-5,Umag,106.0,Camilo Ugo Carabelli,R,185.0,25.0,9.0,3830.0,96.0,645.0
1900,Fabian Marozsan,R,193.0,24.7,6-2 7-6(7),Umag,93.0,Thiago Monteiro,L,183.0,30.1,49.0,995.0,79.0,730.0
1901,Francisco Cerundolo,R,185.0,25.9,6-3 6-4,Umag,89.0,Matej Dodig,R,188.0,19.0,37.0,1290.0,310.0,172.0
1902,Lorenzo Sonego,R,191.0,29.1,7-5 6-1,Umag,94.0,Alexandre Muller,R,183.0,27.4,54.0,921.0,102.0,606.0
1903,Jakub Mensik,R,193.0,18.8,6-4 6-3,Umag,87.0,Luciano Darderi,R,183.0,22.4,81.0,721.0,33.0,1331.0
1904,Chun Hsin Tseng,R,175.0,22.9,6-1 6-0,Umag,55.0,Fabio Fognini,R,178.0,37.1,159.0,388.0,70.0,769.0
1905,Dusan Lajovic,R,183.0,34.0,7-6(5) 7-6(3),Umag,131.0,Flavio Cobolli,R,183.0,22.2,53.0,921.0,48.0,1025.0
1906,Lorenzo Musetti,R,185.0,22.3,6-4 6-3,Umag,112.0,Marco Trungelliti,R,178.0,34.4,17.0,2265.0,136.0,461.0
1907,Camilo Ugo Carabelli,R,185.0,25.0,6-2 7-5,Umag,100.0,Luka Mikrut,R,188.0,20.2,96.0,645.0,350.0,143.0
1908,Fabian Marozsan,R,193.0,24.7,6-4 4-6 7-6(8),Umag,137.0,Alexander Shevchenko,R,185.0,23.6,49.0,995.0,58.0,885.0
1909,Thiago Monteiro,L,183.0,30.1,3-6 6-3 6-4,Umag,136.0,Tomas Machac,R,183.0,23.7,79.0,730.0,39.0,1229.0
1910,Matej Dodig,R,188.0,19.0,3-6 6-3 6-2,Umag,130.0,Enzo Couacaud,R,183.0,29.3,310.0,172.0,205.0,292.0
1911,Lorenzo Sonego,R,191.0,29.1,6-2 6-7(1) 7-6(9),Umag,196.0,Mili Poljicak,R,185.0,20.0,54.0,921.0,481.0,87.0
1912,Alexandre Muller,R,183.0,27.4,7-6(8) 6-4,Umag,139.0,Matteo Arnaldi,R,185.0,23.4,102.0,606.0,40.0,1220.0
1913,Luciano Darderi,R,183.0,22.4,6-1 6-4,Umag,69.0,Duje Ajdukovic,R,188.0,23.4,33.0,1331.0,110.0,571.0
1914,Jakub Mensik,R,193.0,18.8,6-3 6-2,Umag,83.0,Alexei Popyrin,R,196.0,24.9,81.0,721.0,46.0,1071.0
1915,Fabio Fognini,R,178.0,37.1,6-4 6-3,Umag,111.0,Luca Van Assche,R,178.0,20.1,70.0,769.0,104.0,589.0
1916,Flavio Cobolli,R,183.0,22.2,6-2 6-3,Umag,85.0,Mariano Navone,R,178.0,23.3,48.0,1025.0,36.0,1292.0
1917,Dusan Lajovic,R,183.0,34.0,6-4 3-6 6-2,Umag,137.0,Filip Misolic,R,180.0,22.9,53.0,921.0,228.0,258.0
1918,Marco Trungelliti,R,178.0,34.4,4-6 6-3 6-2,Umag,122.0,Guido Andreozzi,R,183.0,32.9,136.0,461.0,406.0,118.0
1919,Sebastian Korda,R,196.0,24.0,4-6 6-2 6-0,Washington,94.0,Flavio Cobolli,R,183.0,22.2,22.0,1795.0,48.0,1018.0
1920,Sebastian Korda,R,196.0,24.0,6-4 6-4,Washington,85.0,Frances Tiafoe,R,188.0,26.5,22.0,1795.0,29.0,1405.0
1921,Flavio Cobolli,R,183.0,22.2,4-6 7-5 6-3,Washington,124.0,Ben Shelton,L,193.0,21.8,48.0,1018.0,14.0,2750.0
1922,Frances Tiafoe,R,188.0,26.5,6-4 7-6(3),Washington,98.0,Andrey Rublev,R,188.0,26.7,29.0,1405.0,8.0,3885.0
1923,Sebastian Korda,R,196.0,24.0,6-4 6-2,Washington,71.0,Jordan Thompson,R,183.0,30.2,22.0,1795.0,33.0,1331.0
1924,Flavio Cobolli,R,183.0,22.2,7-5 3-6 7-6(2),Washington,159.0,Alex Michelsen,R,193.0,19.9,48.0,1018.0,60.0,831.0
1926,Andrey Rublev,R,188.0,26.7,7-6(4) 6-4,Washington,88.0,Arthur Rinderknech,R,196.0,29.0,8.0,3885.0,68.0,781.0
1927,Frances Tiafoe,R,188.0,26.5,7-6(3) 4-6 6-3,Washington,149.0,Aleksandar Kovacevic,R,183.0,25.9,29.0,1405.0,82.0,718.0
1929,Jordan Thompson,R,183.0,30.2,7-5 6-4,Washington,103.0,Giovanni Mpetshi Perricard,R,203.0,21.0,33.0,1331.0,49.0,1002.0
1930,Flavio Cobolli,R,183.0,22.2,1-6 7-6(0) 7-6(7),Washington,194.0,Alejandro Davidovich Fokina,R,183.0,25.1,48.0,1018.0,44.0,1155.0
1931,Alex Michelsen,R,193.0,19.9,6-3 6-3,Washington,80.0,Seong Chan Hong,R,175.0,27.0,60.0,831.0,175.0,343.0
1932,Denis Shapovalov,L,185.0,25.2,4-6 6-4 6-2,Washington,103.0,Miomir Kecmanovic,R,183.0,24.9,139.0,450.0,51.0,935.0
1933,Ben Shelton,L,193.0,21.8,7-6(5) 7-6(4),Washington,105.0,Brandon Nakashima,R,188.0,22.9,14.0,2750.0,54.0,915.0
1934,Andrey Rublev,R,188.0,26.7,4-6 6-3 6-4,Washington,102.0,Luca Van Assche,R,178.0,20.2,8.0,3885.0,118.0,499.0
1936,Aleksandar Kovacevic,R,183.0,25.9,7-6(4) 7-6(3),Washington,125.0,Roberto Carballes Baena,R,183.0,31.3,82.0,718.0,53.0,920.0
1937,Frances Tiafoe,R,188.0,26.5,6-7(8) 6-3 6-3,Washington,142.0,Daniel Elahi Galan,R,191.0,28.1,29.0,1405.0,124.0,486.0
1938,Sebastian Korda,R,196.0,24.0,6-3 6-2,Washington,71.0,Cristian Garin,R,185.0,28.1,22.0,1795.0,115.0,518.0
1939,Thanasi Kokkinakis,R,193.0,28.3,6-4 7-6(4),Washington,109.0,Aleksandar Vukic,R,188.0,28.3,91.0,667.0,85.0,694.0
1940,Giovanni Mpetshi Perricard,R,203.0,21.0,7-6(6) 7-6(6),Washington,110.0,Emil Ruusuvuori,R,188.0,25.3,49.0,1002.0,71.0,773.0
1941,Jordan Thompson,R,183.0,30.2,6-4 6-3,Washington,80.0,Reilly Opelka,R,211.0,26.9,33.0,1331.0,371.0,132.0
1942,Alejandro Davidovich Fokina,R,183.0,25.1,3-6 7-6(3) 6-4,Washington,151.0,Mitchell Krueger,R,188.0,30.5,44.0,1155.0,192.0,308.0
1943,Flavio Cobolli,R,183.0,22.2,7-6(4) 6-3,Washington,99.0,David Goffin,R,180.0,33.6,48.0,1018.0,100.0,619.0
1944,Alex Michelsen,R,193.0,19.9,6-3 7-6(1),Washington,97.0,Mattia Bellucci,L,175.0,23.1,60.0,831.0,125.0,481.0
1945,Seong Chan Hong,R,175.0,27.0,6-2 6-4,Washington,70.0,Karen Khachanov,R,198.0,28.1,175.0,343.0,21.0,1830.0
1946,Denis Shapovalov,L,185.0,25.2,6-2 6-1,Washington,58.0,Adrian Mannarino,L,180.0,36.0,139.0,450.0,32.0,1340.0
1947,Miomir Kecmanovic,R,183.0,24.9,6-2 6-3,Washington,85.0,J J Wolf,R,183.0,25.6,51.0,935.0,143.0,436.0
1948,Brandon Nakashima,R,188.0,22.9,6-2 6-2,Washington,66.0,Christopher Oconnell,R,183.0,30.1,54.0,915.0,94.0,653.0
1949,Ben Shelton,L,193.0,21.8,6-4 6-7(5) 6-3,Washington,137.0,Radu Albot,R,175.0,34.7,14.0,2750.0,152.0,411.0
1950,Luca Van Assche,R,178.0,20.2,6-4 6-3,Washington,90.0,Arthur Cazaux,R,183.0,21.9,118.0,499.0,95.0,651.0
1951,Juncheng Shang,L,180.0,19.4,6-4 6-3,Washington,89.0,Elias Ymer,R,185.0,28.3,73.0,759.0,216.0,280.0
1952,Aleksandar Kovacevic,R,183.0,25.9,4-6 6-4 6-2,Washington,143.0,Yoshihito Nishioka,L,170.0,28.8,82.0,718.0,50.0,939.0
1953,Daniel Elahi Galan,R,191.0,28.1,6-4 6-3,Washington,88.0,Maxime Cressy,R,201.0,27.2,124.0,486.0,173.0,345.0
1954,Cristian Garin,R,185.0,28.1,6-4 6-2,Washington,93.0,Aslan Karatsev,R,185.0,30.8,115.0,518.0,102.0,605.0
1955,Thanasi Kokkinakis,R,193.0,28.3,6-7(4) 6-4 6-3,Washington,133.0,Max Purcell,R,185.0,26.3,91.0,667.0,59.0,835.0
1956,Emil Ruusuvuori,R,188.0,25.3,6-7(4) 7-6(8) 6-4,Washington,178.0,Borna Coric,R,188.0,27.7,71.0,773.0,83.0,704.0
1957,Reilly Opelka,R,211.0,26.9,6-7(12) 7-5 6-4,Washington,141.0,James Duckworth,R,183.0,32.5,371.0,132.0,81.0,734.0
1959,David Goffin,R,180.0,33.6,6-2 7-5,Washington,88.0,Camilo Ugo Carabelli,R,185.0,25.1,100.0,619.0,92.0,663.0
1960,Mattia Bellucci,L,175.0,23.1,7-6(4) 7-6(3),Washington,123.0,Mackenzie Mcdonald,R,178.0,29.2,125.0,481.0,93.0,656.0
1961,Seong Chan Hong,R,175.0,27.0,7-6(6) 7-6(4),Washington,123.0,Adam Walton,R,183.0,25.2,175.0,343.0,89.0,671.0
1962,Denis Shapovalov,L,185.0,25.2,6-1 6-4,Washington,88.0,Roberto Bautista Agut,R,183.0,36.2,139.0,450.0,76.0,745.0
1963,J J Wolf,R,183.0,25.6,6-4 7-5,Washington,99.0,Zachary Svajda,R,175.0,21.6,143.0,436.0,109.0,547.0
1964,Christopher Oconnell,R,183.0,30.1,6-4 7-6(3),Washington,97.0,Harold Mayot,R,180.0,22.4,94.0,653.0,114.0,520.0
1965,Radu Albot,R,175.0,34.7,7-6(5) 6-3,Washington,133.0,Facundo Diaz Acosta,L,183.0,23.6,152.0,411.0,62.0,827.0
2030,Alexei Popyrin,R,196.0,25.0,6-2 6-4,Canada Masters,89.0,Andrey Rublev,R,188.0,26.7,62.0,821.0,8.0,3975.0
2031,Andrey Rublev,R,188.0,26.7,6-4 6-2,Canada Masters,78.0,Matteo Arnaldi,R,185.0,23.4,8.0,3975.0,46.0,1155.0
2032,Alexei Popyrin,R,196.0,25.0,7-6(0) 6-3,Canada Masters,92.0,Sebastian Korda,R,196.0,24.0,62.0,821.0,18.0,2270.0
2033,Andrey Rublev,R,188.0,26.7,6-3 1-6 6-2,Canada Masters,107.0,Jannik Sinner,R,191.0,22.9,8.0,3975.0,1.0,9570.0
2034,Matteo Arnaldi,R,185.0,23.4,6-4 7-5,Canada Masters,120.0,Kei Nishikori,R,178.0,34.6,46.0,1155.0,576.0,60.0
2035,Alexei Popyrin,R,196.0,25.0,3-6 7-6(5) 7-5,Canada Masters,167.0,Hubert Hurkacz,R,196.0,27.4,62.0,821.0,6.0,4105.0
2036,Sebastian Korda,R,196.0,24.0,7-6(5) 1-6 6-4,Canada Masters,138.0,Alexander Zverev,R,198.0,27.2,18.0,2270.0,4.0,6845.0
2037,Jannik Sinner,R,191.0,22.9,6-4 6-3,Canada Masters,80.0,Alejandro Tabilo,L,188.0,27.1,1.0,9570.0,21.0,1918.0
2038,Andrey Rublev,R,188.0,26.7,6-2 6-2,Canada Masters,62.0,Brandon Nakashima,R,188.0,23.0,8.0,3975.0,52.0,935.0
2040,Kei Nishikori,R,178.0,34.6,6-3 6-4,Canada Masters,88.0,Nuno Borges,R,185.0,27.4,576.0,60.0,43.0,1176.0
2041,Alexei Popyrin,R,196.0,25.0,4-6 7-6(5) 6-3,Canada Masters,158.0,Grigor Dimitrov,R,191.0,33.2,62.0,821.0,10.0,3600.0
2042,Hubert Hurkacz,R,196.0,27.4,4-6 6-3 6-4,Canada Masters,128.0,Arthur Rinderknech,R,196.0,29.0,6.0,4105.0,65.0,786.0
2044,Alexander Zverev,R,198.0,27.2,6-3 7-6(5),Canada Masters,103.0,Holger Rune,R,188.0,21.2,4.0,6845.0,17.0,2300.0
2045,Jannik Sinner,R,191.0,22.9,6-2 6-4,Canada Masters,96.0,Borna Coric,R,188.0,27.7,1.0,9570.0,94.0,622.0
2046,Alejandro Tabilo,L,188.0,27.1,6-4 6-2,Canada Masters,79.0,Lorenzo Sonego,R,191.0,29.2,21.0,1918.0,57.0,881.0
2047,Brandon Nakashima,R,188.0,23.0,6-2 6-7(5) 6-1,Canada Masters,133.0,Tommy Paul,R,185.0,27.2,52.0,935.0,12.0,3375.0
2048,Andrey Rublev,R,188.0,26.7,7-6(3) 6-2,Canada Masters,85.0,Tomas Martin Etcheverry,R,196.0,25.0,8.0,3975.0,38.0,1255.0
2049,Alejandro Davidovich Fokina,R,183.0,25.1,6-4 1-6 6-2,Canada Masters,115.0,Daniil Medvedev,R,198.0,28.4,42.0,1195.0,5.0,6525.0
2050,Matteo Arnaldi,R,185.0,23.4,7-5 7-5,Canada Masters,103.0,Karen Khachanov,R,198.0,28.2,46.0,1155.0,22.0,1830.0
2051,Nuno Borges,R,185.0,27.4,3-6 7-6(2) 7-6(4),Canada Masters,168.0,Ugo Humbert,L,188.0,26.1,43.0,1176.0,15.0,2360.0
2052,Kei Nishikori,R,178.0,34.6,6-4 6-4,Canada Masters,78.0,Stefanos Tsitsipas,R,193.0,25.9,576.0,60.0,11.0,3465.0
2053,Grigor Dimitrov,R,191.0,33.2,6-1 6-0,Canada Masters,55.0,Rinky Hijikata,R,178.0,23.4,10.0,3600.0,74.0,741.0
2054,Alexei Popyrin,R,196.0,25.0,6-4 7-6(4),Canada Masters,99.0,Ben Shelton,L,193.0,21.8,62.0,821.0,14.0,2950.0
2055,Arthur Rinderknech,R,196.0,29.0,6-3 6-2,Canada Masters,71.0,Flavio Cobolli,R,183.0,22.2,65.0,786.0,33.0,1323.0
2056,Hubert Hurkacz,R,196.0,27.4,4-6 6-3 7-6(6),Canada Masters,148.0,Thanasi Kokkinakis,R,193.0,28.3,6.0,4105.0,81.0,697.0
2057,Casper Ruud,R,183.0,25.6,6-2 6-7(5) 6-3,Canada Masters,122.0,James Duckworth,R,183.0,32.5,9.0,3880.0,80.0,723.0
2058,Sebastian Korda,R,196.0,24.0,6-4 7-6(4),Canada Masters,97.0,Taylor Fritz,R,196.0,26.7,18.0,2270.0,13.0,3330.0
2059,Holger Rune,R,188.0,21.2,6-1 6-3,Canada Masters,66.0,Pablo Carreno Busta,R,188.0,33.0,17.0,2300.0,799.0,27.0
2060,Alexander Zverev,R,198.0,27.2,6-1 6-1,Canada Masters,63.0,Jordan Thompson,R,183.0,30.2,4.0,6845.0,30.0,1341.0
2061,Borna Coric,R,188.0,27.7,6-4 6-4,Canada Masters,93.0,Pedro Martinez,R,185.0,27.2,94.0,622.0,45.0,1168.0
2062,Lorenzo Sonego,R,191.0,29.2,7-6(7) 5-7 6-4,Canada Masters,164.0,Tallon Griekspoor,R,188.0,28.0,57.0,881.0,40.0,1220.0
2063,Alejandro Tabilo,L,188.0,27.1,6-4 6-2,Canada Masters,93.0,Frances Tiafoe,R,188.0,26.5,21.0,1918.0,27.0,1515.0
2064,Tommy Paul,R,185.0,27.2,6-4 7-6(2),Canada Masters,105.0,Luciano Darderi,R,183.0,22.4,12.0,3375.0,32.0,1331.0
2065,Brandon Nakashima,R,188.0,23.0,6-4 7-5,Canada Masters,97.0,Denis Shapovalov,L,185.0,25.3,52.0,935.0,106.0,550.0
2066,Tomas Martin Etcheverry,R,196.0,25.0,7-6(5) 6-7(5) 6-2,Canada Masters,165.0,Nicolas Jarry,R,201.0,28.8,38.0,1255.0,24.0,1710.0
2067,Alejandro Davidovich Fokina,R,183.0,25.1,6-2 7-5,Canada Masters,86.0,Roman Safiullin,R,185.0,26.9,42.0,1195.0,66.0,785.0
2068,Matteo Arnaldi,R,185.0,23.4,4-6 6-4 6-4,Canada Masters,142.0,Mackenzie Mcdonald,R,178.0,29.3,46.0,1155.0,93.0,636.0
2069,Karen Khachanov,R,198.0,28.2,6-4 6-4,Canada Masters,87.0,Gabriel Diallo,R,203.0,22.8,22.0,1830.0,141.0,436.0
2070,Ugo Humbert,L,188.0,26.1,6-2 6-2,Canada Masters,76.0,Arthur Fils,R,185.0,20.1,15.0,2360.0,23.0,1770.0
2071,Nuno Borges,R,185.0,27.4,5-7 6-4 6-4,Canada Masters,121.0,Miomir Kecmanovic,R,183.0,24.9,43.0,1176.0,50.0,975.0
2072,Kei Nishikori,R,178.0,34.6,3-6 7-5 6-4,Canada Masters,153.0,Alex Michelsen,R,193.0,19.9,576.0,60.0,55.0,915.0
2073,Rinky Hijikata,R,178.0,23.4,6-1 7-5,Canada Masters,74.0,Taro Daniel,R,191.0,31.5,74.0,741.0,87.0,669.0
2074,Alexei Popyrin,R,196.0,25.0,6-3 6-4,Canada Masters,78.0,Tomas Machac,R,183.0,23.8,62.0,821.0,39.0,1229.0
2075,Ben Shelton,L,193.0,21.8,7-6(4) 6-2,Canada Masters,89.0,Alexander Bublik,R,196.0,27.1,14.0,2950.0,25.0,1650.0
2076,Flavio Cobolli,R,183.0,22.2,6-3 6-2,Canada Masters,67.0,Felix Auger Aliassime,R,193.0,23.9,33.0,1323.0,19.0,2115.0
2077,Arthur Rinderknech,R,196.0,29.0,6-4 2-6 6-4,Canada Masters,126.0,Adrian Mannarino,L,180.0,36.1,65.0,786.0,31.0,1340.0
2078,Thanasi Kokkinakis,R,193.0,28.3,6-3 6-3,Canada Masters,77.0,Gael Monfils,R,193.0,37.9,81.0,697.0,34.0,1315.0
2079,James Duckworth,R,183.0,32.5,6-4 6-1,Canada Masters,73.0,Marcos Giron,R,180.0,31.0,80.0,723.0,37.0,1265.0
2081,Taylor Fritz,R,196.0,26.7,6-4 6-1,Canada Masters,74.0,Mariano Navone,R,178.0,23.4,13.0,3330.0,36.0,1292.0
2082,Holger Rune,R,188.0,21.2,6-2 3-6 6-2,Canada Masters,124.0,Roberto Bautista Agut,R,183.0,36.3,17.0,2300.0,72.0,745.0
2083,Pablo Carreno Busta,R,188.0,33.0,6-7(8) 7-6(6) 6-3,Canada Masters,157.0,Fabian Marozsan,R,193.0,24.8,799.0,27.0,49.0,1016.0
2084,Jordan Thompson,R,183.0,30.2,7-5 6-2,Canada Masters,91.0,Jack Draper,L,193.0,22.6,30.0,1341.0,28.0,1511.0
2085,Jannik Sinner,R,191.0,22.9,7-6(4) 6-2,Cincinnati Masters,96.0,Frances Tiafoe,R,188.0,26.5,1.0,8770.0,26.0,1515.0
2086,Jannik Sinner,R,191.0,22.9,7-6(9) 5-7 7-6(4),Cincinnati Masters,187.0,Alexander Zverev,R,198.0,27.3,1.0,8770.0,4.0,6995.0
2087,Frances Tiafoe,R,188.0,26.5,4-6 6-1 7-6(4),Cincinnati Masters,128.0,Holger Rune,R,188.0,21.2,26.0,1515.0,16.0,2390.0
2088,Jannik Sinner,R,191.0,22.9,4-6 7-5 6-4,Cincinnati Masters,146.0,Andrey Rublev,R,188.0,26.8,1.0,8770.0,6.0,4615.0
2089,Alexander Zverev,R,198.0,27.3,3-6 7-6(3) 7-5,Cincinnati Masters,149.0,Ben Shelton,L,193.0,21.8,4.0,6995.0,14.0,2955.0
2091,Holger Rune,R,188.0,21.2,6-4 6-2,Cincinnati Masters,76.0,Jack Draper,L,193.0,22.6,16.0,2390.0,27.0,1511.0
2093,Andrey Rublev,R,188.0,26.8,7-6(5) 6-1,Cincinnati Masters,81.0,Brandon Nakashima,R,188.0,23.0,6.0,4615.0,49.0,1035.0
2094,Alexander Zverev,R,198.0,27.3,7-5 7-6(6),Cincinnati Masters,123.0,Pablo Carreno Busta,R,188.0,33.0,4.0,6995.0,513.0,77.0
2095,Ben Shelton,L,193.0,21.8,6-4 6-3,Cincinnati Masters,69.0,Fabian Marozsan,R,193.0,24.8,14.0,2955.0,50.0,990.0
2096,Hubert Hurkacz,R,196.0,27.4,6-3 3-6 6-1,Cincinnati Masters,118.0,Flavio Cobolli,R,183.0,22.2,7.0,4215.0,31.0,1348.0
2097,Frances Tiafoe,R,188.0,26.5,6-4 6-7(10) 7-6(5),Cincinnati Masters,172.0,Jiri Lehecka,R,185.0,22.7,26.0,1515.0,35.0,1315.0
2098,Jack Draper,L,193.0,22.6,5-7 6-4 6-4,Cincinnati Masters,157.0,Felix Auger Aliassime,R,193.0,24.0,27.0,1511.0,19.0,2115.0
2099,Holger Rune,R,188.0,21.2,3-6 6-3 6-4,Cincinnati Masters,134.0,Gael Monfils,R,193.0,37.9,16.0,2390.0,46.0,1145.0
2100,Jannik Sinner,R,191.0,22.9,6-4 7-5,Cincinnati Masters,111.0,Alex Michelsen,R,193.0,19.9,1.0,8770.0,57.0,905.0
2101,Jordan Thompson,R,183.0,30.3,6-2 6-4,Cincinnati Masters,85.0,Sebastian Baez,R,170.0,23.6,32.0,1346.0,20.0,2000.0
2102,Brandon Nakashima,R,188.0,23.0,7-5 7-6(3),Cincinnati Masters,109.0,Arthur Fils,R,185.0,20.1,49.0,1035.0,23.0,1755.0
2103,Andrey Rublev,R,188.0,26.8,6-4 6-3,Cincinnati Masters,60.0,Zhizhen Zhang,R,193.0,27.8,6.0,4615.0,44.0,1161.0
2104,Alexander Zverev,R,198.0,27.3,6-3 6-2,Cincinnati Masters,81.0,Karen Khachanov,R,198.0,28.2,4.0,6995.0,22.0,1880.0
2105,Pablo Carreno Busta,R,188.0,33.0,6-3 6-3,Cincinnati Masters,66.0,Max Purcell,R,185.0,26.3,513.0,77.0,68.0,775.0
2106,Ben Shelton,L,193.0,21.8,6-7(6) 7-6(7) 6-3,Cincinnati Masters,172.0,Tomas Martin Etcheverry,R,196.0,25.0,14.0,2955.0,37.0,1295.0
2107,Fabian Marozsan,R,193.0,24.8,4-6 6-4 6-3,Cincinnati Masters,115.0,Grigor Dimitrov,R,191.0,33.2,50.0,990.0,9.0,3690.0
2108,Hubert Hurkacz,R,196.0,27.4,3-6 7-6(4) 6-1,Cincinnati Masters,132.0,Yoshihito Nishioka,L,170.0,28.8,7.0,4215.0,52.0,939.0
2110,Frances Tiafoe,R,188.0,26.5,6-3 6-2,Cincinnati Masters,67.0,Lorenzo Musetti,R,185.0,22.4,26.0,1515.0,18.0,2250.0
2111,Jiri Lehecka,R,185.0,22.7,7-6(2) 6-4,Cincinnati Masters,99.0,Daniil Medvedev,R,198.0,28.5,35.0,1315.0,5.0,6355.0
2112,Felix Auger Aliassime,R,193.0,24.0,6-3 6-1,Cincinnati Masters,67.0,Casper Ruud,R,183.0,25.6,19.0,2115.0,8.0,3890.0
2113,Jack Draper,L,193.0,22.6,3-6 6-4 7-5,Cincinnati Masters,140.0,Stefanos Tsitsipas,R,193.0,26.0,27.0,1511.0,11.0,3465.0
2114,Holger Rune,R,188.0,21.2,6-3 7-6(8),Cincinnati Masters,110.0,Nuno Borges,R,185.0,27.4,16.0,2390.0,39.0,1265.0
2115,Gael Monfils,R,193.0,37.9,4-6 7-6(5) 6-4,Cincinnati Masters,150.0,Carlos Alcaraz,R,183.0,21.2,46.0,1145.0,3.0,7950.0
2116,Alex Michelsen,R,193.0,19.9,6-1 5-7 6-2,Cincinnati Masters,106.0,Tallon Griekspoor,R,188.0,28.1,57.0,905.0,41.0,1220.0
2117,Sebastian Baez,R,170.0,23.6,6-4 5-7 7-6(6),Cincinnati Masters,155.0,Marcos Giron,R,180.0,31.0,20.0,2000.0,45.0,1160.0
2118,Jordan Thompson,R,183.0,30.3,3-6 6-3 7-6(4),Cincinnati Masters,152.0,Ugo Humbert,L,188.0,26.1,32.0,1346.0,17.0,2365.0
2119,Brandon Nakashima,R,188.0,23.0,6-4 4-6 7-6(4),Cincinnati Masters,137.0,Taylor Fritz,R,196.0,26.7,49.0,1035.0,12.0,3290.0
2120,Arthur Fils,R,185.0,20.1,6-4 6-1,Cincinnati Masters,70.0,Brandon Holt,R,185.0,26.3,23.0,1755.0,227.0,255.0
2121,Zhizhen Zhang,R,193.0,27.8,6-3 7-6(4),Cincinnati Masters,79.0,Giovanni Mpetshi Perricard,R,203.0,21.0,44.0,1161.0,48.0,1052.0
2122,Karen Khachanov,R,198.0,28.2,6-0 6-3,Cincinnati Masters,64.0,Francisco Cerundolo,R,185.0,25.9,22.0,1880.0,28.0,1495.0
2123,Max Purcell,R,185.0,26.3,6-4 7-6(1),Cincinnati Masters,93.0,Tomas Machac,R,183.0,23.8,68.0,775.0,40.0,1230.0
2124,Pablo Carreno Busta,R,188.0,33.0,7-5 6-1,Cincinnati Masters,77.0,Sebastian Korda,R,196.0,24.1,513.0,77.0,15.0,2625.0
2125,Ben Shelton,L,193.0,21.8,7-6(3) 7-6(3),Cincinnati Masters,98.0,Reilly Opelka,R,211.0,26.9,14.0,2955.0,322.0,157.0
2126,Tomas Martin Etcheverry,R,196.0,25.0,6-3 6-7(3) 6-2,Cincinnati Masters,154.0,Matteo Arnaldi,R,185.0,23.4,37.0,1295.0,29.0,1485.0
2127,Fabian Marozsan,R,193.0,24.8,6-4 7-6(2),Cincinnati Masters,108.0,Corentin Moutet,L,180.0,25.3,50.0,990.0,71.0,762.0
2128,Yoshihito Nishioka,L,170.0,28.8,6-4 7-5,Cincinnati Masters,80.0,Miomir Kecmanovic,R,183.0,24.9,52.0,939.0,51.0,940.0
2129,Luciano Darderi,R,183.0,22.4,6-3 7-6(5),Cincinnati Masters,115.0,Alejandro Tabilo,L,188.0,27.1,34.0,1316.0,21.0,1993.0
2130,Flavio Cobolli,R,183.0,22.2,6-2 4-6 7-5,Cincinnati Masters,126.0,Tommy Paul,R,185.0,27.2,31.0,1348.0,13.0,3065.0
2131,Lorenzo Musetti,R,185.0,22.4,4-6 7-6(5) 7-6(4),Cincinnati Masters,167.0,Nicolas Jarry,R,201.0,28.8,18.0,2250.0,24.0,1710.0
2132,Frances Tiafoe,R,188.0,26.5,6-3 7-6(6),Cincinnati Masters,103.0,Alejandro Davidovich Fokina,R,183.0,25.1,26.0,1515.0,53.0,935.0
2133,Jiri Lehecka,R,185.0,22.7,7-6(3) 6-3,Cincinnati Masters,87.0,Mariano Navone,R,178.0,23.4,35.0,1315.0,38.0,1293.0
2134,Felix Auger Aliassime,R,193.0,24.0,6-3 6-1,Cincinnati Masters,73.0,Aleksandar Kovacevic,R,183.0,25.9,19.0,2115.0,79.0,723.0
2135,Jack Draper,L,193.0,22.6,7-5 3-6 7-6(5),Cincinnati Masters,153.0,Jaume Munar,R,183.0,27.2,27.0,1511.0,89.0,642.0
2136,Stefanos Tsitsipas,R,193.0,26.0,4-6 6-4 6-3,Cincinnati Masters,117.0,Jan Lennard Struff,R,193.0,34.2,11.0,3465.0,36.0,1310.0
2137,Holger Rune,R,188.0,21.2,2-6 6-1 6-4,Cincinnati Masters,109.0,Matteo Berrettini,R,196.0,28.3,16.0,2390.0,42.0,1170.0
2138,Nuno Borges,R,185.0,27.4,6-4 3-6 6-1,Cincinnati Masters,123.0,Adrian Mannarino,L,180.0,36.1,39.0,1265.0,33.0,1340.0
2139,Gael Monfils,R,193.0,37.9,7-5 6-3,Cincinnati Masters,81.0,Alexei Popyrin,R,196.0,25.0,46.0,1145.0,30.0,1471.0
2140,Lorenzo Sonego,R,191.0,29.2,6-0 6-3,Winston-Salem,63.0,Alex Michelsen,R,193.0,19.9,58.0,886.0,52.0,960.0
2141,Lorenzo Sonego,R,191.0,29.2,6-3 6-2,Winston-Salem,79.0,David Goffin,R,180.0,33.7,58.0,886.0,90.0,635.0
2143,David Goffin,R,180.0,33.7,6-1 6-3,Winston-Salem,63.0,Rinky Hijikata,R,178.0,23.4,90.0,635.0,65.0,811.0
2144,Lorenzo Sonego,R,191.0,29.2,6-3 7-5,Winston-Salem,102.0,Pavel Kotov,R,191.0,25.7,58.0,886.0,63.0,814.0
2145,Pablo Carreno Busta,R,188.0,33.1,6-4 6-2,Winston-Salem,85.0,Learner Tien,L,180.0,18.7,299.0,177.0,230.0,251.0
2146,Alex Michelsen,R,193.0,19.9,7-5 6-7(6) 7-6(5),Winston-Salem,149.0,Christopher Eubanks,R,201.0,28.2,52.0,960.0,120.0,495.0
2147,Rinky Hijikata,R,178.0,23.4,3-6 6-3 7-5,Winston-Salem,157.0,Borna Coric,R,188.0,27.7,65.0,811.0,87.0,647.0
2148,David Goffin,R,180.0,33.7,6-3 6-3,Winston-Salem,81.0,Arthur Rinderknech,R,196.0,29.0,90.0,635.0,56.0,903.0
2149,Pavel Kotov,R,191.0,25.7,3-6 6-3 6-4,Winston-Salem,128.0,Zachary Svajda,R,175.0,21.7,63.0,814.0,107.0,533.0
2151,Learner Tien,L,180.0,18.7,6-4 6-3,Winston-Salem,88.0,Thiago Seyboth Wild,R,185.0,24.4,230.0,251.0,69.0,765.0
2152,Pablo Carreno Busta,R,188.0,33.1,6-3 4-6 6-3,Winston-Salem,116.0,Aleksandar Vukic,R,188.0,28.3,299.0,177.0,94.0,604.0
2153,Alex Michelsen,R,193.0,19.9,6-1 6-2,Winston-Salem,76.0,Zizou Bergs,R,185.0,25.2,52.0,960.0,85.0,672.0
2154,Christopher Eubanks,R,201.0,28.2,6-3 1-6 7-6(8),Winston-Salem,126.0,Roman Safiullin,R,185.0,27.0,120.0,495.0,59.0,885.0
2155,Borna Coric,R,188.0,27.7,6-3 6-4,Winston-Salem,81.0,Sebastian Baez,R,170.0,23.6,87.0,647.0,21.0,2040.0
2156,Rinky Hijikata,R,178.0,23.4,4-6 6-3 7-6(4),Winston-Salem,163.0,Arthur Cazaux,R,183.0,21.9,65.0,811.0,97.0,596.0
2157,Arthur Rinderknech,R,196.0,29.0,6-3 6-4,Winston-Salem,88.0,Christopher Oconnell,R,183.0,30.2,56.0,903.0,86.0,668.0
2158,David Goffin,R,180.0,33.7,6-2 6-4,Winston-Salem,77.0,Luciano Darderi,R,183.0,22.5,90.0,635.0,38.0,1291.0
2159,Zachary Svajda,R,175.0,21.7,6-4 6-4,Winston-Salem,94.0,Francisco Cerundolo,R,185.0,26.0,107.0,533.0,29.0,1495.0
2160,Pavel Kotov,R,191.0,25.7,6-4 5-7 6-2,Winston-Salem,150.0,Alexandre Muller,R,183.0,27.5,63.0,814.0,76.0,732.0
2161,Lorenzo Sonego,R,191.0,29.2,6-4 6-1,Winston-Salem,80.0,Dominic Stricker,L,183.0,22.0,58.0,886.0,181.0,332.0
2162,Juncheng Shang,L,180.0,19.5,7-5 6-3,Winston-Salem,92.0,Mariano Navone,R,178.0,23.4,77.0,729.0,37.0,1303.0
2163,Thiago Seyboth Wild,R,185.0,24.4,7-6(2) 6-2,Winston-Salem,88.0,Nuno Borges,R,185.0,27.4,69.0,765.0,35.0,1325.0
2164,Learner Tien,L,180.0,18.7,6-2 6-7(1) 7-6(2),Winston-Salem,129.0,Fabian Marozsan,R,193.0,24.8,230.0,251.0,49.0,1090.0
2165,Pablo Carreno Busta,R,188.0,33.1,6-2 6-2,Winston-Salem,69.0,Alexander Shevchenko,R,185.0,23.7,299.0,177.0,60.0,855.0
2166,Aleksandar Vukic,R,188.0,28.3,7-6(5) 2-6 6-1,Winston-Salem,119.0,Adrian Mannarino,L,180.0,36.1,94.0,604.0,42.0,1170.0
2167,Zizou Bergs,R,185.0,25.2,4-6 7-5 6-3,Winston-Salem,158.0,Tomas Martin Etcheverry,R,196.0,25.0,85.0,672.0,34.0,1335.0
2168,Alex Michelsen,R,193.0,19.9,7-6(3) 6-4,Winston-Salem,113.0,Marton Fucsovics,R,188.0,32.5,52.0,960.0,79.0,701.0
2169,Christopher Eubanks,R,201.0,28.2,6-1 6-4,Winston-Salem,56.0,Hugo Gaston,L,173.0,23.8,120.0,495.0,61.0,830.0
2170,Roman Safiullin,R,185.0,27.0,6-1 7-5,Winston-Salem,79.0,Corentin Moutet,L,180.0,25.3,59.0,885.0,68.0,767.0
2171,Borna Coric,R,188.0,27.7,6-4 6-2,Winston-Salem,70.0,Sumit Nagal,R,178.0,27.0,87.0,647.0,72.0,747.0
2172,Arthur Cazaux,R,183.0,21.9,6-1 7-6(3),Winston-Salem,100.0,Botic Van De Zandschulp,R,191.0,28.8,97.0,596.0,73.0,739.0
2173,Christopher Oconnell,R,183.0,30.2,7-5 6-4,Winston-Salem,98.0,Strong Kirchheimer,R,185.0,29.3,86.0,668.0,511.0,77.0
2174,David Goffin,R,180.0,33.7,7-5 4-6 6-3,Winston-Salem,154.0,Jaume Munar,R,183.0,27.2,90.0,635.0,82.0,682.0
2175,Zachary Svajda,R,175.0,21.7,6-4 6-1,Winston-Salem,65.0,Laslo Djere,R,188.0,29.2,107.0,533.0,100.0,566.0
2176,Alexandre Muller,R,183.0,27.5,6-3 6-2,Winston-Salem,77.0,Constant Lestienne,R,180.0,32.2,76.0,732.0,110.0,527.0
2177,Dominic Stricker,L,183.0,22.0,7-5 6-2,Winston-Salem,84.0,Federico Coria,R,180.0,32.4,181.0,332.0,78.0,714.0
2178,Juncheng Shang,L,180.0,19.5,6-2 6-1,Winston-Salem,68.0,Francisco Comesana,R,178.0,23.8,77.0,729.0,108.0,532.0
2179,Thiago Seyboth Wild,R,185.0,24.4,3-6 6-3 6-4,Winston-Salem,121.0,James Duckworth,R,183.0,32.5,69.0,765.0,70.0,764.0
2180,Learner Tien,L,180.0,18.7,3-6 6-2 6-3,Winston-Salem,116.0,Tristan Schoolkate,R,183.0,23.4,230.0,251.0,195.0,306.0
2181,Pablo Carreno Busta,R,188.0,33.1,6-2 6-0,Winston-Salem,57.0,Omni Kumar,L,173.0,22.8,299.0,177.0,433.0,101.0
2182,Aleksandar Vukic,R,188.0,28.3,2-6 6-4 6-1,Winston-Salem,118.0,Daniel Evans,R,175.0,34.2,94.0,604.0,186.0,324.0
2183,Zizou Bergs,R,185.0,25.2,6-4 3-6 7-6(1),Winston-Salem,140.0,Reilly Opelka,R,211.0,26.9,85.0,672.0,322.0,157.0
2184,Marton Fucsovics,R,188.0,32.5,4-6 6-1 6-2,Winston-Salem,114.0,Taro Daniel,R,191.0,31.5,79.0,701.0,88.0,639.0
2185,Christopher Eubanks,R,201.0,28.2,2-6 7-5 6-4,Winston-Salem,124.0,Adam Walton,R,183.0,25.3,120.0,495.0,96.0,601.0
2186,Corentin Moutet,L,180.0,25.3,7-6(5) 6-1,Winston-Salem,100.0,Nicolas Mejia,R,183.0,24.5,68.0,767.0,235.0,245.0
2187,Jannik Sinner,R,191.0,23.0,2-6 6-2 6-1 6-2,Us Open,144.0,Mackenzie Mcdonald,R,178.0,29.3,1.0,9360.0,140.0,422.0
2188,Alex Michelsen,R,193.0,20.0,6-1 7-5 6-3,Us Open,118.0,Eliot Spizzirri,R,183.0,22.6,49.0,1115.0,341.0,145.0
2189,Mattia Bellucci,L,175.0,23.2,6-4 7-6(5) 6-3,Us Open,133.0,Stan Wawrinka,R,183.0,39.4,101.0,555.0,176.0,333.0
2190,Christopher Oconnell,R,183.0,30.2,6-4 6-3 4-6 6-3,Us Open,176.0,Nicolas Jarry,R,201.0,28.8,87.0,671.0,26.0,1675.0
2191,Arthur Fils,R,185.0,20.2,6-4 3-6 6-1 6-2,Us Open,155.0,Learner Tien,L,180.0,18.7,24.0,1770.0,191.0,309.0
2192,Gabriel Diallo,R,203.0,22.9,6-4 3-6 6-3 7-5,Us Open,203.0,Jaume Munar,R,183.0,27.3,143.0,413.0,84.0,682.0
2193,Max Purcell,R,185.0,26.3,7-5 6-4 6-3,Us Open,135.0,Aleksandar Vukic,R,188.0,28.3,97.0,585.0,92.0,609.0
2194,Tommy Paul,R,185.0,27.2,6-4 6-2 5-7 6-2,Us Open,181.0,Lorenzo Sonego,R,191.0,29.2,14.0,2985.0,48.0,1116.0
2195,Thanasi Kokkinakis,R,193.0,28.3,7-6(5) 4-6 6-3 7-5,Us Open,234.0,Stefanos Tsitsipas,R,193.0,26.0,86.0,672.0,11.0,3425.0
2196,Nuno Borges,R,185.0,27.5,6-2 6-4 6-1,Us Open,101.0,Federico Coria,R,180.0,32.4,34.0,1325.0,79.0,714.0
2197,Tristan Schoolkate,R,183.0,23.4,4-6 4-6 6-4 7-6(6) 6-4,Us Open,230.0,Taro Daniel,R,191.0,31.5,193.0,308.0,88.0,639.0
2198,Jakub Mensik,R,193.0,18.9,6-2 6-4 6-2,Us Open,123.0,Felix Auger Aliassime,R,193.0,24.0,65.0,812.0,19.0,2170.0
2199,Flavio Cobolli,R,183.0,22.3,6-1 4-6 6-4 6-4,Us Open,156.0,James Duckworth,R,183.0,32.5,31.0,1418.0,70.0,764.0
2200,Zizou Bergs,R,185.0,25.2,6-2 4-6 6-2 3-6 7-6(7),Us Open,263.0,Pavel Kotov,R,191.0,25.7,80.0,697.0,60.0,864.0
2201,Fabian Marozsan,R,193.0,24.8,2-6 6-1 3-6 6-1 6-4,Us Open,196.0,Hamad Medjedovic,R,188.0,21.1,51.0,1090.0,137.0,431.0
2202,Daniil Medvedev,R,198.0,28.5,6-3 3-6 6-3 6-1,Us Open,153.0,Dusan Lajovic,R,183.0,34.1,5.0,6275.0,66.0,811.0
2203,Carlos Alcaraz,R,183.0,21.3,6-2 4-6 6-3 6-1,Us Open,162.0,Li Tu,R,183.0,28.2,3.0,7360.0,186.0,322.0
2204,Botic Van De Zandschulp,R,191.0,28.8,6-4 7-5 6-4,Us Open,140.0,Denis Shapovalov,L,185.0,25.3,74.0,739.0,105.0,550.0
2205,Facundo Diaz Acosta,L,183.0,23.6,6-1 6-4 6-2,Us Open,107.0,Hugo Gaston,L,173.0,23.9,64.0,827.0,63.0,830.0
2207,David Goffin,R,180.0,33.7,7-6(7) 6-1 7-5,Us Open,141.0,Alejandro Tabilo,L,188.0,27.2,78.0,725.0,21.0,1978.0
2208,Adrian Mannarino,L,180.0,36.1,7-5 6-2 6-3,Us Open,138.0,Borna Coric,R,188.0,27.7,42.0,1170.0,98.0,582.0
2209,Tomas Machac,R,183.0,23.8,7-5 6-1 6-3,Us Open,106.0,Fabio Fognini,R,178.0,37.2,39.0,1224.0,71.0,759.0
2210,Sebastian Korda,R,196.0,24.1,7-6(3) 6-1 6-0,Us Open,133.0,Corentin Moutet,L,180.0,25.3,16.0,2545.0,69.0,780.0
2211,Alex De Minaur,R,183.0,25.5,6-3 6-4 5-7 6-4,Us Open,210.0,Marcos Giron,R,180.0,31.0,10.0,3435.0,46.0,1150.0
2212,Otto Virtanen,R,193.0,23.1,6-3 6-3 6-7(4) 6-2,Us Open,163.0,Quentin Halys,R,191.0,27.8,125.0,476.0,119.0,498.0
2213,Mariano Navone,R,178.0,23.4,1-6 6-2 6-4 6-1,Us Open,157.0,Daniel Altmaier,R,188.0,25.9,36.0,1303.0,89.0,637.0
2214,Daniel Evans,R,175.0,34.2,6-7(6) 7-6(2) 7-6(4) 4-6 6-4,Us Open,335.0,Karen Khachanov,R,198.0,28.2,184.0,324.0,22.0,1930.0
2215,Matteo Arnaldi,R,185.0,23.5,6-3 6-2 6-1,Us Open,104.0,Zachary Svajda,R,175.0,21.7,30.0,1470.0,102.0,554.0
2217,Jordan Thompson,R,183.0,30.3,6-1 6-3 6-2,Us Open,119.0,Constant Lestienne,R,180.0,32.2,32.0,1376.0,111.0,527.0
2218,Hubert Hurkacz,R,196.0,27.5,6-3 7-6(4) 7-6(3),Us Open,175.0,Timofey Skatov,R,175.0,23.5,7.0,4055.0,188.0,315.0
2219,Casper Ruud,R,183.0,25.6,7-6(2) 6-2 6-2,Us Open,134.0,Bu Yunchaokete,R,185.0,22.6,8.0,3855.0,123.0,483.0
2220,Gael Monfils,R,193.0,37.9,6-7(2) 6-2 6-2 6-1,Us Open,162.0,Diego Schwartzman,R,170.0,32.0,45.0,1155.0,244.0,236.0
2221,Roberto Carballes Baena,R,183.0,31.4,6-2 6-3 5-7 6-7(5) 6-3,Us Open,271.0,Jan Choinski,R,196.0,28.2,55.0,916.0,276.0,199.0
2222,Juncheng Shang,L,180.0,19.5,6-4 3-6 5-7 6-3 6-4,Us Open,214.0,Alexander Bublik,R,196.0,27.1,72.0,754.0,27.0,1650.0
2223,Ugo Humbert,L,188.0,26.1,6-3 6-4 6-4,Us Open,137.0,Thiago Monteiro,L,183.0,30.2,17.0,2330.0,75.0,739.0
2224,Francisco Comesana,R,178.0,23.8,4-6 6-3 7-6(4) 6-3,Us Open,186.0,Dominic Stricker,L,183.0,22.0,108.0,532.0,169.0,345.0
2225,Matteo Berrettini,R,196.0,28.3,7-6(2) 6-2 6-3,Us Open,141.0,Albert Ramos,L,188.0,36.6,44.0,1160.0,122.0,483.0
2226,Taylor Fritz,R,196.0,26.8,7-5 6-1 6-2,Us Open,111.0,Camilo Ugo Carabelli,R,185.0,25.1,12.0,3120.0,93.0,608.0
2227,Brandon Nakashima,R,188.0,23.0,6-2 6-1 6-4,Us Open,115.0,Holger Rune,R,188.0,21.3,50.0,1105.0,15.0,2780.0
2228,Arthur Cazaux,R,183.0,22.0,6-1 6-3 6-3,Us Open,132.0,Pablo Carreno Busta,R,188.0,33.1,91.0,609.0,213.0,277.0
2230,Lorenzo Musetti,R,185.0,22.4,7-6(3) 1-6 6-1 7-5,Us Open,174.0,Reilly Opelka,R,211.0,26.9,18.0,2255.0,324.0,157.0
2231,Francisco Cerundolo,R,185.0,26.0,5-7 6-4 6-4 6-2,Us Open,146.0,Sebastian Ofner,R,191.0,28.2,29.0,1495.0,58.0,904.0
2232,Tomas Martin Etcheverry,R,196.0,25.1,6-4 6-2 6-3,Us Open,118.0,Giovanni Mpetshi Perricard,R,203.0,21.1,33.0,1335.0,52.0,1062.0
2233,Alexandre Muller,R,183.0,27.5,3-6 7-6(7) 6-3 6-4,Us Open,183.0,Adam Walton,R,183.0,25.3,77.0,732.0,95.0,601.0
2234,Alexander Zverev,R,198.0,27.3,6-2 6-7(5) 6-3 6-2,Us Open,173.0,Maximilian Marterer,L,188.0,29.1,4.0,7035.0,100.0,561.0
2235,Andrey Rublev,R,188.0,26.8,6-3 7-6(3) 7-5,Us Open,140.0,Thiago Seyboth Wild,R,185.0,24.4,6.0,4805.0,68.0,790.0
2236,Arthur Rinderknech,R,196.0,29.0,6-4 4-6 3-6 6-3 7-6(8),Us Open,229.0,Christopher Eubanks,R,201.0,28.3,56.0,915.0,106.0,545.0
2237,Mitchell Krueger,R,188.0,30.6,4-6 6-3 6-4 7-5,Us Open,217.0,Hugo Grenier,R,196.0,28.4,179.0,332.0,173.0,341.0
2239,Sebastian Baez,R,170.0,23.6,6-4 6-7(3) 6-0 7-6(4),Us Open,214.0,Luciano Darderi,R,183.0,22.5,23.0,1800.0,37.0,1291.0
2240,Tallon Griekspoor,R,188.0,28.1,6-1 6-3 7-6(6),Us Open,140.0,Sumit Nagal,R,178.0,27.0,40.0,1210.0,73.0,747.0
2241,Rinky Hijikata,R,178.0,23.5,7-6(1) 3-6 6-4 6-3,Us Open,197.0,Alejandro Davidovich Fokina,R,183.0,25.2,62.0,848.0,59.0,900.0
2242,Grigor Dimitrov,R,191.0,33.2,6-3 6-4 6-2,Us Open,105.0,Kyrian Jacquet,R,178.0,23.2,9.0,3655.0,209.0,285.0
2243,Ben Shelton,L,193.0,21.8,6-4 6-2 6-2,Us Open,110.0,Dominic Thiem,R,185.0,30.9,13.0,3110.0,210.0,283.0
2244,Roberto Bautista Agut,R,183.0,36.3,7-5 7-6(3) 7-6(5),Us Open,196.0,Luca Nardi,R,185.0,21.0,67.0,791.0,90.0,612.0
2245,Alexander Shevchenko,R,185.0,23.7,6-3 7-5 5-7 6-2,Us Open,174.0,Dominik Koepfer,L,180.0,30.3,61.0,855.0,83.0,686.0
2246,Frances Tiafoe,R,188.0,26.5,6-4 6-3 4-6 7-5,Us Open,196.0,Aleksandar Kovacevic,R,183.0,25.9,20.0,2120.0,76.0,738.0
2247,Alexei Popyrin,R,196.0,25.0,7-5 6-2 6-3,Us Open,121.0,Soon Woo Kwon,R,180.0,26.7,28.0,1635.0,340.0,145.0
2248,Pedro Martinez,R,185.0,27.3,6-7(6) 6-1 6-2 3-6 7-6(6),Us Open,261.0,Maks Kasnikowski,R,180.0,21.1,43.0,1168.0,194.0,308.0
2249,Laslo Djere,R,188.0,29.2,6-7(7) 6-1 6-7(7) 6-4 6-2,Us Open,233.0,Jan Lennard Struff,R,193.0,34.3,109.0,531.0,35.0,1320.0
2250,Novak Djokovic,R,188.0,37.2,6-2 6-2 6-4,Us Open,127.0,Radu Albot,R,175.0,34.7,2.0,7460.0,138.0,424.0
2251,Jannik Sinner,R,191.0,23.0,6-4 6-0 6-2,Us Open,99.0,Alex Michelsen,R,193.0,20.0,1.0,9360.0,49.0,1115.0
2252,Christopher Oconnell,R,183.0,30.2,6-3 6-4 3-6 6-3,Us Open,168.0,Mattia Bellucci,L,175.0,23.2,87.0,671.0,101.0,555.0
2253,Gabriel Diallo,R,203.0,22.9,7-5 6-7(3) 6-4 6-4,Us Open,209.0,Arthur Fils,R,185.0,20.2,143.0,413.0,24.0,1770.0
2255,Nuno Borges,R,185.0,27.5,6-4 7-5 7-5,Us Open,169.0,Thanasi Kokkinakis,R,193.0,28.3,34.0,1325.0,86.0,672.0
2256,Jakub Mensik,R,193.0,18.9,6-7(4) 2-6 6-2 7-6(5) 7-6(3),Us Open,254.0,Tristan Schoolkate,R,183.0,23.4,65.0,812.0,193.0,308.0
2257,Flavio Cobolli,R,183.0,22.3,4-6 6-3 7-5 6-3,Us Open,204.0,Zizou Bergs,R,185.0,25.2,31.0,1418.0,80.0,697.0
2258,Daniil Medvedev,R,198.0,28.5,6-3 6-2 7-6(5),Us Open,124.0,Fabian Marozsan,R,193.0,24.8,5.0,6275.0,51.0,1090.0
2259,Botic Van De Zandschulp,R,191.0,28.8,6-1 7-5 6-4,Us Open,139.0,Carlos Alcaraz,R,183.0,21.3,74.0,739.0,3.0,7360.0
2260,Jack Draper,L,193.0,22.6,6-4 6-2 6-2,Us Open,125.0,Facundo Diaz Acosta,L,183.0,23.6,25.0,1695.0,64.0,827.0
2261,David Goffin,R,180.0,33.7,6-7(8) 6-3 6-2 7-6(1),Us Open,227.0,Adrian Mannarino,L,180.0,36.1,78.0,725.0,42.0,1170.0
2262,Tomas Machac,R,183.0,23.8,6-4 6-2 6-4,Us Open,125.0,Sebastian Korda,R,196.0,24.1,39.0,1224.0,16.0,2545.0
2263,Alex De Minaur,R,183.0,25.5,7-5 6-1 7-6(3),Us Open,137.0,Otto Virtanen,R,193.0,23.1,10.0,3435.0,125.0,476.0
2264,Daniel Evans,R,175.0,34.2,6-4 6-3 6-3,Us Open,157.0,Mariano Navone,R,178.0,23.4,184.0,324.0,36.0,1303.0
2265,Matteo Arnaldi,R,185.0,23.5,6-2 6-4 6-4,Us Open,124.0,Roman Safiullin,R,185.0,27.0,30.0,1470.0,57.0,910.0
2266,Jordan Thompson,R,183.0,30.3,7-6(2) 6-1 7-5,Us Open,143.0,Hubert Hurkacz,R,196.0,27.5,32.0,1376.0,7.0,4055.0
2267,Casper Ruud,R,183.0,25.6,6-4 6-2 2-6 7-6(3),Us Open,175.0,Gael Monfils,R,193.0,37.9,8.0,3855.0,45.0,1155.0
2268,Juncheng Shang,L,180.0,19.5,6-2 6-3 7-6(2),Us Open,164.0,Roberto Carballes Baena,R,183.0,31.4,72.0,754.0,55.0,916.0
2269,Francisco Comesana,R,178.0,23.8,5-7 6-4 6-4 6-4,Us Open,181.0,Ugo Humbert,L,188.0,26.1,108.0,532.0,17.0,2330.0
2270,Taylor Fritz,R,196.0,26.8,6-3 7-6(1) 6-1,Us Open,129.0,Matteo Berrettini,R,196.0,28.3,12.0,3120.0,44.0,1160.0
2271,Brandon Nakashima,R,188.0,23.0,6-4 6-4 6-2,Us Open,123.0,Arthur Cazaux,R,183.0,22.0,50.0,1105.0,91.0,609.0
2272,Lorenzo Musetti,R,185.0,22.4,3-6 6-4 6-4 2-6 7-5,Us Open,227.0,Miomir Kecmanovic,R,183.0,24.9,18.0,2255.0,54.0,940.0
2273,Tomas Martin Etcheverry,R,196.0,25.1,6-3 4-6 6-4 1-6 6-3,Us Open,244.0,Francisco Cerundolo,R,185.0,26.0,33.0,1335.0,29.0,1495.0
2274,Alexander Zverev,R,198.0,27.3,6-4 7-6(5) 6-1,Us Open,146.0,Alexandre Muller,R,183.0,27.5,4.0,7035.0,77.0,732.0
2275,Andrey Rublev,R,188.0,26.8,4-6 5-7 6-1 6-2 6-2,Us Open,246.0,Arthur Rinderknech,R,196.0,29.0,6.0,4805.0,56.0,915.0
2276,Jiri Lehecka,R,185.0,22.7,6-7(5) 0-6 6-4 6-4 7-5,Us Open,239.0,Mitchell Krueger,R,188.0,30.6,38.0,1255.0,179.0,332.0
2278,Grigor Dimitrov,R,191.0,33.2,6-1 6-1 7-6(4),Us Open,130.0,Rinky Hijikata,R,178.0,23.5,9.0,3655.0,62.0,848.0
2279,Ben Shelton,L,193.0,21.8,6-3 6-4 6-4,Us Open,128.0,Roberto Bautista Agut,R,183.0,36.3,13.0,3110.0,67.0,791.0
2281,Alexei Popyrin,R,196.0,25.0,6-2 6-4 6-0,Us Open,109.0,Pedro Martinez,R,185.0,27.3,28.0,1635.0,43.0,1168.0
2283,Jannik Sinner,R,191.0,23.0,6-1 6-4 6-2,Us Open,113.0,Christopher Oconnell,R,183.0,30.2,1.0,9360.0,87.0,671.0
2284,Tommy Paul,R,185.0,27.2,6-7(5) 6-3 6-1 7-6(3),Us Open,206.0,Gabriel Diallo,R,203.0,22.9,14.0,2985.0,143.0,413.0
2285,Nuno Borges,R,185.0,27.5,6-7(5) 6-1 3-6 7-6(6) 6-0,Us Open,228.0,Jakub Mensik,R,193.0,18.9,34.0,1325.0,65.0,812.0
2286,Daniil Medvedev,R,198.0,28.5,6-3 6-4 6-3,Us Open,138.0,Flavio Cobolli,R,183.0,22.3,5.0,6275.0,31.0,1418.0
2287,Jack Draper,L,193.0,22.6,6-3 6-4 6-2,Us Open,134.0,Botic Van De Zandschulp,R,191.0,28.8,25.0,1695.0,74.0,739.0
2288,Tomas Machac,R,183.0,23.8,6-3 6-1 6-2,Us Open,94.0,David Goffin,R,180.0,33.7,39.0,1224.0,78.0,725.0
2289,Alex De Minaur,R,183.0,25.5,6-3 6-7(4) 6-0 6-0,Us Open,168.0,Daniel Evans,R,175.0,34.2,10.0,3435.0,184.0,324.0
2290,Jordan Thompson,R,183.0,30.3,7-5 6-2 7-6(5),Us Open,153.0,Matteo Arnaldi,R,185.0,23.5,32.0,1376.0,30.0,1470.0
2291,Casper Ruud,R,183.0,25.6,6-7(1) 3-6 6-0 6-3 6-1,Us Open,224.0,Juncheng Shang,L,180.0,19.5,8.0,3855.0,72.0,754.0
2292,Taylor Fritz,R,196.0,26.8,6-3 6-4 6-2,Us Open,120.0,Francisco Comesana,R,178.0,23.8,12.0,3120.0,108.0,532.0
2293,Brandon Nakashima,R,188.0,23.0,6-2 3-6 6-3 7-6(4),Us Open,192.0,Lorenzo Musetti,R,185.0,22.4,50.0,1105.0,18.0,2255.0
2294,Alexander Zverev,R,198.0,27.3,5-7 7-5 6-1 6-3,Us Open,216.0,Tomas Martin Etcheverry,R,196.0,25.1,4.0,7035.0,33.0,1335.0
2295,Andrey Rublev,R,188.0,26.8,6-3 7-5 6-4,Us Open,123.0,Jiri Lehecka,R,185.0,22.7,6.0,4805.0,38.0,1255.0
2296,Grigor Dimitrov,R,191.0,33.2,6-3 6-3 6-1,Us Open,99.0,Tallon Griekspoor,R,188.0,28.1,9.0,3655.0,40.0,1210.0
2297,Frances Tiafoe,R,188.0,26.5,4-6 7-5 6-7(5) 6-4 6-3,Us Open,243.0,Ben Shelton,L,193.0,21.8,20.0,2120.0,13.0,3110.0
2298,Alexei Popyrin,R,196.0,25.0,6-4 6-4 2-6 6-4,Us Open,199.0,Novak Djokovic,R,188.0,37.2,28.0,1635.0,2.0,7460.0
2299,Jannik Sinner,R,191.0,23.0,7-6(3) 7-6(5) 6-1,Us Open,162.0,Tommy Paul,R,185.0,27.2,1.0,9360.0,14.0,2985.0
2300,Daniil Medvedev,R,198.0,28.5,6-0 6-1 6-3,Us Open,111.0,Nuno Borges,R,185.0,27.5,5.0,6275.0,34.0,1325.0
2301,Jack Draper,L,193.0,22.6,6-3 6-1 6-2,Us Open,102.0,Tomas Machac,R,183.0,23.8,25.0,1695.0,39.0,1224.0
2302,Alex De Minaur,R,183.0,25.5,6-0 3-6 6-3 7-5,Us Open,177.0,Jordan Thompson,R,183.0,30.3,10.0,3435.0,32.0,1376.0
2303,Taylor Fritz,R,196.0,26.8,3-6 6-4 6-3 6-2,Us Open,163.0,Casper Ruud,R,183.0,25.6,12.0,3120.0,8.0,3855.0
2304,Alexander Zverev,R,198.0,27.3,3-6 6-1 6-2 6-2,Us Open,156.0,Brandon Nakashima,R,188.0,23.0,4.0,7035.0,50.0,1105.0
2305,Grigor Dimitrov,R,191.0,33.2,6-3 7-6(3) 1-6 3-6 6-3,Us Open,219.0,Andrey Rublev,R,188.0,26.8,9.0,3655.0,6.0,4805.0
2306,Frances Tiafoe,R,188.0,26.5,6-4 7-6(3) 2-6 6-3,Us Open,182.0,Alexei Popyrin,R,196.0,25.0,20.0,2120.0,28.0,1635.0
2307,Jannik Sinner,R,191.0,23.0,6-2 1-6 6-1 6-4,Us Open,159.0,Daniil Medvedev,R,198.0,28.5,1.0,9360.0,5.0,6275.0
2308,Jack Draper,L,193.0,22.6,6-3 7-5 6-2,Us Open,127.0,Alex De Minaur,R,183.0,25.5,25.0,1695.0,10.0,3435.0
2309,Taylor Fritz,R,196.0,26.8,7-6(2) 3-6 6-4 7-6(3),Us Open,206.0,Alexander Zverev,R,198.0,27.3,12.0,3120.0,4.0,7035.0
2311,Jannik Sinner,R,191.0,23.0,7-5 7-6(3) 6-2,Us Open,183.0,Jack Draper,L,193.0,22.6,1.0,9360.0,25.0,1695.0
2312,Taylor Fritz,R,196.0,26.8,4-6 7-5 4-6 6-4 6-1,Us Open,198.0,Frances Tiafoe,R,188.0,26.5,12.0,3120.0,20.0,2120.0
2313,Jannik Sinner,R,191.0,23.0,6-3 6-4 7-5,Us Open,136.0,Taylor Fritz,R,196.0,26.8,1.0,9360.0,12.0,3120.0
2314,Juncheng Shang,L,180.0,19.6,7-6(4) 6-1,Chengdu,99.0,Lorenzo Musetti,R,185.0,22.5,67.0,795.0,19.0,2345.0
2315,Lorenzo Musetti,R,185.0,22.5,6-4 6-2,Chengdu,101.0,Alibek Kachmazov,R,185.0,22.0,19.0,2345.0,252.0,226.0
2316,Juncheng Shang,L,180.0,19.6,6-4 6-4,Chengdu,89.0,Yannick Hanfmann,R,193.0,32.8,67.0,795.0,95.0,594.0
2317,Lorenzo Musetti,R,185.0,22.5,6-2 5-7 6-2,Chengdu,136.0,Adrian Mannarino,L,180.0,36.2,19.0,2345.0,46.0,1144.0
2318,Juncheng Shang,L,180.0,19.6,6-4 7-6(8),Chengdu,111.0,Alexander Bublik,R,196.0,27.2,67.0,795.0,27.0,1650.0
2319,Alibek Kachmazov,R,185.0,22.0,6-3 6-4,Chengdu,93.0,Nicolas Jarry,R,201.0,28.9,252.0,226.0,28.0,1595.0
2320,Yannick Hanfmann,R,193.0,32.8,7-6(1) 6-2,Chengdu,112.0,Pedro Martinez,R,185.0,27.3,95.0,594.0,42.0,1167.0
2321,Lorenzo Musetti,R,185.0,22.5,6-7(5) 6-4 7-6(4),Chengdu,157.0,Christopher Oconnell,R,183.0,30.2,19.0,2345.0,75.0,720.0
2322,Alexander Bublik,R,196.0,27.2,6-4 6-4,Chengdu,87.0,Federico Agustin Gomez,R,191.0,27.8,27.0,1650.0,174.0,346.0
2323,Nicolas Jarry,R,201.0,28.9,7-6(2) 3-6 6-4,Chengdu,138.0,Lukas Klein,R,193.0,26.4,28.0,1595.0,127.0,468.0
2324,Pedro Martinez,R,185.0,27.3,6-3 6-4,Chengdu,84.0,Aleksandar Vukic,R,188.0,28.4,42.0,1167.0,92.0,609.0
2325,Adrian Mannarino,L,180.0,36.2,7-6(3) 2-6 6-4,Chengdu,165.0,Yi Zhou,R,193.0,19.5,46.0,1144.0,531.0,72.0
2326,Yannick Hanfmann,R,193.0,32.8,6-4 3-6 6-3,Chengdu,109.0,Giovanni Mpetshi Perricard,R,203.0,21.1,95.0,594.0,51.0,1048.0
2327,Juncheng Shang,L,180.0,19.6,5-7 6-3 6-3,Chengdu,138.0,Roman Safiullin,R,185.0,27.1,67.0,795.0,56.0,915.0
2328,Alibek Kachmazov,R,185.0,22.0,7-6(1) 6-1,Chengdu,80.0,Taro Daniel,R,191.0,31.6,252.0,226.0,90.0,614.0
2329,Adrian Mannarino,L,180.0,36.2,6-7(9) 6-1 6-3,Chengdu,151.0,Terence Atmane,L,193.0,22.6,46.0,1144.0,164.0,363.0
2330,Taro Daniel,R,191.0,31.6,6-4 7-5,Chengdu,89.0,Lorenzo Sonego,R,191.0,29.3,90.0,614.0,50.0,1081.0
2331,Giovanni Mpetshi Perricard,R,203.0,21.1,6-7(5) 7-5 6-4,Chengdu,148.0,Fajing Sun,R,178.0,27.9,51.0,1048.0,359.0,139.0
2332,Roman Safiullin,R,185.0,27.1,6-3 4-6 6-4,Chengdu,128.0,Fabio Fognini,R,178.0,37.3,56.0,915.0,79.0,694.0
2333,Federico Agustin Gomez,R,191.0,27.8,6-4 7-5,Chengdu,92.0,Alexandre Muller,R,183.0,27.6,174.0,346.0,70.0,755.0
2334,Yannick Hanfmann,R,193.0,32.8,6-4 7-6(4),Chengdu,106.0,Shintaro Mochizuki,R,175.0,21.2,95.0,594.0,147.0,395.0
2335,Alibek Kachmazov,R,185.0,22.0,6-4 7-6(7),Chengdu,120.0,Aleksandar Kovacevic,R,183.0,26.0,252.0,226.0,72.0,740.0
2336,Lukas Klein,R,193.0,26.4,7-6(3) 6-4,Chengdu,100.0,Adam Walton,R,183.0,25.4,127.0,468.0,94.0,604.0
2337,Christopher Oconnell,R,183.0,30.2,6-4 7-5,Chengdu,98.0,Pavel Kotov,R,191.0,25.8,75.0,720.0,61.0,864.0
2338,Juncheng Shang,L,180.0,19.6,6-4 6-4,Chengdu,103.0,Kei Nishikori,R,178.0,34.7,67.0,795.0,201.0,288.0
2339,Aleksandar Vukic,R,188.0,28.4,3-6 7-6(9) 6-4,Chengdu,156.0,Borna Coric,R,188.0,27.8,92.0,609.0,97.0,582.0
2341,Marin Cilic,R,198.0,35.9,7-6(5) 7-6(5),Hangzhou,110.0,Zhizhen Zhang,R,193.0,27.9,777.0,28.0,48.0,1105.0
2342,Marin Cilic,R,198.0,35.9,6-4 7-6(6),Hangzhou,104.0,Brandon Nakashima,R,188.0,23.1,777.0,28.0,39.0,1295.0
2343,Zhizhen Zhang,R,193.0,27.9,7-6(3) 6-4,Hangzhou,101.0,Bu Yunchaokete,R,185.0,22.6,48.0,1105.0,124.0,484.0
2344,Brandon Nakashima,R,188.0,23.1,7-5 6-3,Hangzhou,89.0,Rinky Hijikata,R,178.0,23.5,39.0,1295.0,81.0,681.0
2345,Zhizhen Zhang,R,193.0,27.9,6-3 6-3,Hangzhou,72.0,Roberto Carballes Baena,R,183.0,31.4,48.0,1105.0,55.0,921.0
2346,Bu Yunchaokete,R,185.0,22.6,6-4 6-2,Hangzhou,83.0,Mikhail Kukushkin,R,183.0,36.7,124.0,484.0,112.0,515.0
2347,Marin Cilic,R,198.0,35.9,6-2 6-7(4) 7-6(5),Hangzhou,165.0,Yasutaka Uchiyama,R,183.0,32.1,777.0,28.0,160.0,370.0
2348,Yasutaka Uchiyama,R,183.0,32.1,7-5 6-4,Hangzhou,100.0,Holger Rune,R,188.0,21.3,160.0,370.0,14.0,2780.0
2349,Bu Yunchaokete,R,185.0,22.6,7-6(7) 4-6 6-3,Hangzhou,147.0,Karen Khachanov,R,198.0,28.3,124.0,484.0,23.0,1930.0
2350,Brandon Nakashima,R,188.0,23.1,6-7(7) 7-6(4) 6-1,Hangzhou,160.0,Coleman Wong,R,191.0,20.2,39.0,1295.0,141.0,409.0
2351,Zhizhen Zhang,R,193.0,27.9,6-3 6-0,Hangzhou,77.0,Mattia Bellucci,L,175.0,23.2,48.0,1105.0,108.0,529.0
2353,Marin Cilic,R,198.0,35.9,6-4 6-1,Hangzhou,69.0,Yoshihito Nishioka,L,170.0,28.9,777.0,28.0,54.0,974.0
2354,Roberto Carballes Baena,R,183.0,31.4,3-6 6-3 6-4,Hangzhou,150.0,Mitchell Krueger,R,188.0,30.6,55.0,921.0,140.0,409.0
2355,Mikhail Kukushkin,R,183.0,36.7,6-4 7-6(3),Hangzhou,103.0,Alexander Shevchenko,R,185.0,23.7,112.0,515.0,58.0,870.0
2356,Mikhail Kukushkin,R,183.0,36.7,6-3 6-4,Hangzhou,99.0,Luciano Darderi,R,183.0,22.5,112.0,515.0,41.0,1271.0
2357,Zhizhen Zhang,R,193.0,27.9,6-2 1-6 6-4,Hangzhou,121.0,Denis Yevseyev,R,188.0,31.3,48.0,1105.0,207.0,282.0
2358,Fabian Marozsan,R,193.0,24.9,6-0 6-2,Hangzhou,70.0,Luca Nardi,R,185.0,21.1,49.0,1095.0,87.0,647.0
2359,Yoshihito Nishioka,L,170.0,28.9,6-4 6-2,Hangzhou,76.0,Maximilian Marterer,L,188.0,29.2,54.0,974.0,105.0,543.0
2360,Mattia Bellucci,L,175.0,23.2,6-4 6-0,Hangzhou,69.0,Aslan Karatsev,R,185.0,31.0,108.0,529.0,115.0,508.0
2361,Bu Yunchaokete,R,185.0,22.6,7-5 6-3,Hangzhou,101.0,Hugo Gaston,L,173.0,23.9,124.0,484.0,77.0,714.0
2362,Roberto Carballes Baena,R,183.0,31.4,7-6(6) 6-1,Hangzhou,129.0,Corentin Moutet,L,180.0,25.4,55.0,921.0,69.0,771.0
2363,Marin Cilic,R,198.0,35.9,5-7 6-3 6-0,Hangzhou,119.0,Zachary Svajda,R,175.0,21.7,777.0,28.0,135.0,452.0
2364,Rinky Hijikata,R,178.0,23.5,2-6 7-6(6) 6-2,Hangzhou,150.0,Damir Dzumhur,R,175.0,32.3,81.0,681.0,86.0,655.0
2365,Alexander Shevchenko,R,185.0,23.7,6-1 6-1,Hangzhou,46.0,Marco Trungelliti,R,178.0,34.6,58.0,870.0,138.0,423.0
2366,Yasutaka Uchiyama,R,183.0,32.1,6-4 6-4,Hangzhou,101.0,James Mccabe,R,188.0,21.2,160.0,370.0,302.0,172.0
2368,Carlos Alcaraz,R,183.0,21.3,6-2 7-5,Laver Cup,89.0,Taylor Fritz,R,196.0,26.8,3.0,6690.0,7.0,4060.0
2369,Ben Shelton,L,193.0,21.9,6-7(6) 7-5 [10-7],Laver Cup,123.0,Daniil Medvedev,R,198.0,28.5,17.0,2490.0,5.0,5475.0
2370,Alexander Zverev,R,198.0,27.4,6-7(5) 7-5 [10-5],Laver Cup,154.0,Frances Tiafoe,R,188.0,26.6,2.0,7075.0,16.0,2560.0
2371,Carlos Alcaraz,R,183.0,21.3,6-4 6-4,Laver Cup,103.0,Ben Shelton,L,193.0,21.9,3.0,6690.0,17.0,2490.0
2372,Taylor Fritz,R,196.0,26.8,6-4 7-5,Laver Cup,117.0,Alexander Zverev,R,198.0,27.4,7.0,4060.0,2.0,7075.0
2373,Frances Tiafoe,R,188.0,26.6,3-6 6-4 [10-5],Laver Cup,95.0,Daniil Medvedev,R,198.0,28.5,16.0,2560.0,5.0,5475.0
2374,Francisco Cerundolo,R,185.0,26.0,6-4 6-4,Laver Cup,98.0,Casper Ruud,R,183.0,25.7,31.0,1500.0,9.0,4010.0
2375,Grigor Dimitrov,R,191.0,33.3,7-6(4) 7-6(2),Laver Cup,135.0,Alejandro Tabilo,L,188.0,27.2,10.0,3965.0,22.0,1963.0
2376,Stefanos Tsitsipas,R,193.0,26.0,6-1 6-4,Laver Cup,81.0,Thanasi Kokkinakis,R,193.0,28.4,12.0,3390.0,78.0,712.0
2377,Arthur Fils,R,185.0,20.2,5-7 7-6(6) 6-3,Tokyo,184.0,Ugo Humbert,L,188.0,26.2,24.0,1775.0,18.0,2370.0
2378,Arthur Fils,R,185.0,20.2,7-6(8) 7-6(10),Tokyo,143.0,Holger Rune,R,188.0,21.4,24.0,1775.0,14.0,2780.0
2379,Ugo Humbert,L,188.0,26.2,6-3 3-6 6-2,Tokyo,106.0,Tomas Machac,R,183.0,23.9,18.0,2370.0,34.0,1374.0
2380,Holger Rune,R,188.0,21.4,3-6 6-2 7-5,Tokyo,136.0,Kei Nishikori,R,178.0,34.7,14.0,2780.0,200.0,288.0
2381,Arthur Fils,R,185.0,20.2,7-5 6-7(5) 7-6(2),Tokyo,180.0,Ben Shelton,L,193.0,21.9,24.0,1775.0,17.0,2490.0
2383,Tomas Machac,R,183.0,23.9,7-6(2) 6-3,Tokyo,95.0,Alex Michelsen,R,193.0,20.0,34.0,1374.0,49.0,1115.0
2384,Jack Draper,L,193.0,22.7,6-4 6-4,Tokyo,84.0,Hubert Hurkacz,R,196.0,27.6,20.0,2315.0,8.0,4060.0
2385,Tomas Machac,R,183.0,23.9,2-6 6-3 7-6(4),Tokyo,155.0,Tommy Paul,R,185.0,27.3,34.0,1374.0,13.0,3005.0
2386,Holger Rune,R,188.0,21.4,6-2 6-4,Tokyo,67.0,Yoshihito Nishioka,L,170.0,28.9,14.0,2780.0,59.0,849.0
2387,Ben Shelton,L,193.0,21.9,6-4 6-3,Tokyo,86.0,Mariano Navone,R,178.0,23.5,17.0,2490.0,40.0,1278.0
2389,Ugo Humbert,L,188.0,26.2,6-3 6-2,Tokyo,67.0,Brandon Nakashima,R,188.0,23.1,18.0,2370.0,36.0,1360.0
2390,Alex Michelsen,R,193.0,20.0,6-1 6-4,Tokyo,79.0,Christopher Oconnell,R,183.0,30.3,49.0,1115.0,79.0,700.0
2391,Kei Nishikori,R,178.0,34.7,6-2 6-3,Tokyo,82.0,Jordan Thompson,R,183.0,30.4,200.0,288.0,29.0,1566.0
2392,Arthur Fils,R,185.0,20.2,6-4 3-6 6-3,Tokyo,123.0,Taylor Fritz,R,196.0,26.9,24.0,1775.0,7.0,4060.0
2393,Hubert Hurkacz,R,196.0,27.6,6-4 6-7(5) 6-4,Tokyo,125.0,Marcos Giron,R,180.0,31.1,8.0,4060.0,47.0,1150.0
2394,Jordan Thompson,R,183.0,30.4,7-6(5) 6-1,Tokyo,110.0,Casper Ruud,R,183.0,25.7,29.0,1566.0,9.0,4010.0
2395,Alex Michelsen,R,193.0,20.0,4-6 6-1 6-2,Tokyo,108.0,Stefanos Tsitsipas,R,193.0,26.1,49.0,1115.0,12.0,3390.0
2396,Tommy Paul,R,185.0,27.3,6-3 6-2,Tokyo,68.0,Matteo Arnaldi,R,185.0,23.5,13.0,3005.0,33.0,1390.0
2397,Holger Rune,R,188.0,21.4,6-2 5-7 6-4,Tokyo,135.0,Alejandro Tabilo,L,188.0,27.3,14.0,2780.0,22.0,1963.0
2398,Brandon Nakashima,R,188.0,23.1,7-5 6-3,Tokyo,81.0,Frances Tiafoe,R,188.0,26.6,36.0,1360.0,15.0,2560.0
2399,Ben Shelton,L,193.0,21.9,3-6 6-1 6-4,Tokyo,106.0,Reilly Opelka,R,211.0,27.0,17.0,2490.0,306.0,167.0
2400,Matteo Berrettini,R,196.0,28.4,6-3 6-4,Tokyo,90.0,Botic Van De Zandschulp,R,191.0,28.9,45.0,1165.0,67.0,794.0
2401,Jack Draper,L,193.0,22.7,6-4 6-2,Tokyo,70.0,Mattia Bellucci,L,175.0,23.3,20.0,2315.0,103.0,554.0
2402,Ugo Humbert,L,188.0,26.2,6-1 6-2,Tokyo,76.0,Shintaro Mochizuki,R,175.0,21.3,18.0,2370.0,146.0,408.0
2403,Tomas Machac,R,183.0,23.9,6-3 6-7(5) 7-5,Tokyo,149.0,Alexei Popyrin,R,196.0,25.1,34.0,1374.0,23.0,1825.0
2404,Mariano Navone,R,178.0,23.5,6-4 6-4,Tokyo,107.0,Luciano Darderi,R,183.0,22.6,40.0,1278.0,41.0,1265.0
2405,Kei Nishikori,R,178.0,34.7,6-4 3-6 6-3,Tokyo,124.0,Marin Cilic,R,198.0,35.9,200.0,288.0,373.0,128.0
2406,Yoshihito Nishioka,L,170.0,28.9,7-6(5) 3-6 7-6(5),Tokyo,192.0,Felix Auger Aliassime,R,193.0,24.1,59.0,849.0,21.0,2170.0
2407,Christopher Oconnell,R,183.0,30.3,6-4 7-6(5),Tokyo,145.0,Tomas Martin Etcheverry,R,196.0,25.1,79.0,700.0,35.0,1370.0
2408,Carlos Alcaraz,R,183.0,21.3,6-7(6) 6-4 7-6(3),Beijing,201.0,Jannik Sinner,R,191.0,23.1,3.0,6690.0,1.0,11180.0
2409,Jannik Sinner,R,191.0,23.1,6-3 7-6(3),Beijing,125.0,Bu Yunchaokete,R,185.0,22.6,1.0,11180.0,96.0,584.0
2410,Carlos Alcaraz,R,183.0,21.3,7-5 6-3,Beijing,87.0,Daniil Medvedev,R,198.0,28.6,3.0,6690.0,5.0,5475.0
2411,Jannik Sinner,R,191.0,23.1,6-2 7-6(6),Beijing,104.0,Jiri Lehecka,R,185.0,22.8,1.0,11180.0,37.0,1345.0
2412,Carlos Alcaraz,R,183.0,21.3,7-5 6-2,Beijing,96.0,Karen Khachanov,R,198.0,28.3,3.0,6690.0,27.0,1680.0
2413,Daniil Medvedev,R,198.0,28.6,6-2 6-4,Beijing,88.0,Flavio Cobolli,R,183.0,22.3,5.0,5475.0,32.0,1482.0
2414,Bu Yunchaokete,R,185.0,22.6,7-5 6-4,Beijing,93.0,Andrey Rublev,R,188.0,26.9,96.0,584.0,6.0,4645.0
2415,Jannik Sinner,R,191.0,23.1,3-6 6-2 6-3,Beijing,141.0,Roman Safiullin,R,185.0,27.1,1.0,11180.0,69.0,790.0
2416,Carlos Alcaraz,R,183.0,21.3,6-1 6-2,Beijing,56.0,Tallon Griekspoor,R,188.0,28.2,3.0,6690.0,39.0,1300.0
2417,Daniil Medvedev,R,198.0,28.6,7-6(6) 6-2,Beijing,101.0,Adrian Mannarino,L,180.0,36.2,5.0,5475.0,44.0,1184.0
2418,Andrey Rublev,R,188.0,26.9,6-4 7-5,Beijing,103.0,Alejandro Davidovich Fokina,R,183.0,25.3,6.0,4645.0,64.0,820.0
2419,Bu Yunchaokete,R,185.0,22.6,6-2 6-4,Beijing,89.0,Lorenzo Musetti,R,185.0,22.5,96.0,584.0,19.0,2355.0
2420,Karen Khachanov,R,198.0,28.3,7-6(4) 7-6(9),Beijing,129.0,Francisco Cerundolo,R,185.0,26.1,27.0,1680.0,31.0,1500.0
2421,Flavio Cobolli,R,183.0,22.3,6-4 6-2,Beijing,76.0,Pavel Kotov,R,191.0,25.8,32.0,1482.0,63.0,832.0
2422,Jiri Lehecka,R,185.0,22.8,3-6 6-2 6-1,Beijing,100.0,Roberto Bautista Agut,R,183.0,36.4,37.0,1345.0,61.0,841.0
2423,Jannik Sinner,R,191.0,23.1,4-6 6-3 6-1,Beijing,115.0,Nicolas Jarry,R,201.0,28.9,1.0,11180.0,28.0,1635.0
2424,Carlos Alcaraz,R,183.0,21.3,6-4 6-4,Beijing,81.0,Giovanni Mpetshi Perricard,R,203.0,21.2,3.0,6690.0,51.0,1073.0
2425,Daniil Medvedev,R,198.0,28.6,6-3 6-4,Beijing,92.0,Gael Monfils,R,193.0,38.0,5.0,5475.0,46.0,1160.0
2426,Andrey Rublev,R,188.0,26.9,6-0 4-6 6-4,Beijing,109.0,Pablo Carreno Busta,R,188.0,33.2,6.0,4645.0,201.0,287.0
2427,Lorenzo Musetti,R,185.0,22.5,7-5 4-6 6-3,Beijing,131.0,Zizou Bergs,R,185.0,25.3,19.0,2355.0,74.0,738.0
2428,Karen Khachanov,R,198.0,28.3,6-4 6-4,Beijing,101.0,Roberto Carballes Baena,R,183.0,31.5,27.0,1680.0,53.0,955.0
2429,Flavio Cobolli,R,183.0,22.3,4-6 6-1 7-6(4),Beijing,123.0,Alexander Bublik,R,196.0,27.2,32.0,1482.0,26.0,1690.0
2430,Roberto Bautista Agut,R,183.0,36.4,6-3 6-4,Beijing,83.0,Arthur Rinderknech,R,196.0,29.1,61.0,841.0,60.0,843.0
2431,Bu Yunchaokete,R,185.0,22.6,6-7(3) 6-2 6-4,Beijing,149.0,Juncheng Shang,L,180.0,19.6,96.0,584.0,55.0,895.0
2432,Francisco Cerundolo,R,185.0,26.1,7-6(4) 6-1,Beijing,100.0,Jakub Mensik,R,193.0,19.0,31.0,1500.0,66.0,797.0
2433,Alejandro Davidovich Fokina,R,183.0,25.3,6-3 4-6 6-3,Beijing,121.0,Zhizhen Zhang,R,193.0,27.9,64.0,820.0,43.0,1205.0
2434,Tallon Griekspoor,R,188.0,28.2,6-7(3) 6-4 6-3,Beijing,133.0,Miomir Kecmanovic,R,183.0,25.0,39.0,1300.0,54.0,945.0
2435,Pavel Kotov,R,191.0,25.8,1-6 6-3 7-5,Beijing,140.0,Yi Zhou,R,193.0,19.5,63.0,832.0,446.0,97.0
2436,Jiri Lehecka,R,185.0,22.8,7-6(4) 6-2,Beijing,102.0,Pedro Martinez,R,185.0,27.4,37.0,1345.0,42.0,1207.0
2437,Adrian Mannarino,L,180.0,36.2,1-6 6-2 6-3,Beijing,117.0,Lorenzo Sonego,R,191.0,29.3,44.0,1184.0,50.0,1081.0
2438,Roman Safiullin,R,185.0,27.1,6-3 6-4,Beijing,80.0,Stan Wawrinka,R,183.0,39.4,69.0,790.0,233.0,243.0
2439,Jannik Sinner,R,191.0,23.1,7-6(4) 6-3,Shanghai Masters,97.0,Novak Djokovic,R,188.0,37.3,1.0,11010.0,4.0,5560.0
2440,Jannik Sinner,R,191.0,23.1,6-4 7-5,Shanghai Masters,103.0,Tomas Machac,R,183.0,23.9,1.0,11010.0,33.0,1449.0
2441,Novak Djokovic,R,188.0,37.3,6-4 7-6(6),Shanghai Masters,116.0,Taylor Fritz,R,196.0,26.9,4.0,5560.0,7.0,4060.0
2442,Jannik Sinner,R,191.0,23.1,6-1 6-4,Shanghai Masters,84.0,Daniil Medvedev,R,198.0,28.6,1.0,11010.0,5.0,5375.0
2443,Tomas Machac,R,183.0,23.9,7-6(5) 7-5,Shanghai Masters,114.0,Carlos Alcaraz,R,183.0,21.4,33.0,1449.0,2.0,7010.0
2444,Novak Djokovic,R,188.0,37.3,6-7(4) 6-1 6-4,Shanghai Masters,139.0,Jakub Mensik,R,193.0,19.0,4.0,5560.0,65.0,822.0
2445,Taylor Fritz,R,196.0,26.9,6-3 6-4,Shanghai Masters,82.0,David Goffin,R,180.0,33.8,7.0,4060.0,66.0,800.0
2446,Jannik Sinner,R,191.0,23.1,6-4 7-6(1),Shanghai Masters,88.0,Ben Shelton,L,193.0,21.9,1.0,11010.0,16.0,2580.0
2447,Daniil Medvedev,R,198.0,28.6,7-6(3) 6-3,Shanghai Masters,110.0,Stefanos Tsitsipas,R,193.0,26.1,5.0,5375.0,12.0,3390.0
2448,Carlos Alcaraz,R,183.0,21.4,6-4 7-5,Shanghai Masters,87.0,Gael Monfils,R,193.0,38.0,2.0,7010.0,46.0,1160.0
2449,Tomas Machac,R,183.0,23.9,3-6 6-4 6-3,Shanghai Masters,122.0,Tommy Paul,R,185.0,27.3,33.0,1449.0,13.0,3045.0
2450,Jakub Mensik,R,193.0,19.0,6-3 3-6 6-4,Shanghai Masters,123.0,Grigor Dimitrov,R,191.0,33.3,65.0,822.0,10.0,3840.0
2451,Novak Djokovic,R,188.0,37.3,6-3 6-2,Shanghai Masters,73.0,Roman Safiullin,R,185.0,27.1,4.0,5560.0,61.0,853.0
2452,Taylor Fritz,R,196.0,26.9,6-1 6-2,Shanghai Masters,55.0,Holger Rune,R,188.0,21.4,7.0,4060.0,14.0,2935.0
2453,David Goffin,R,180.0,33.8,6-4 7-5,Shanghai Masters,116.0,Alexander Zverev,R,198.0,27.4,66.0,800.0,3.0,6705.0
2454,Jannik Sinner,R,191.0,23.1,6-7(3) 6-4 6-2,Shanghai Masters,159.0,Tomas Martin Etcheverry,R,196.0,25.2,1.0,11010.0,37.0,1335.0
2455,Ben Shelton,L,193.0,21.9,6-3 6-4,Shanghai Masters,67.0,Roberto Carballes Baena,R,183.0,31.5,16.0,2580.0,54.0,955.0
2456,Stefanos Tsitsipas,R,193.0,26.1,6-3 7-5,Shanghai Masters,88.0,Alexandre Muller,R,183.0,27.6,12.0,3390.0,74.0,748.0
2457,Daniil Medvedev,R,198.0,28.6,5-7 6-4 6-4,Shanghai Masters,164.0,Matteo Arnaldi,R,185.0,23.6,5.0,5375.0,36.0,1350.0
2458,Carlos Alcaraz,R,183.0,21.4,7-6(5) 6-3,Shanghai Masters,100.0,Yibing Wu,R,183.0,24.9,2.0,7010.0,560.0,63.0
2459,Gael Monfils,R,193.0,38.0,7-6(7) 2-6 6-1,Shanghai Masters,135.0,Ugo Humbert,L,188.0,26.2,46.0,1160.0,15.0,2645.0
2460,Tommy Paul,R,185.0,27.3,6-7(2) 7-6(6) 6-2,Shanghai Masters,163.0,Alejandro Tabilo,L,188.0,27.3,13.0,3045.0,23.0,1963.0
2461,Tomas Machac,R,183.0,23.9,6-4 6-2,Shanghai Masters,86.0,Aleksandar Vukic,R,188.0,28.4,33.0,1449.0,91.0,624.0
2462,Jakub Mensik,R,193.0,19.0,6-1 6-7(5) 6-2,Shanghai Masters,116.0,Alexander Shevchenko,R,185.0,23.8,65.0,822.0,58.0,875.0
2463,Grigor Dimitrov,R,191.0,33.3,7-6(5) 6-2,Shanghai Masters,88.0,Alexei Popyrin,R,196.0,25.1,10.0,3840.0,24.0,1825.0
2464,Roman Safiullin,R,185.0,27.1,5-7 7-5 7-6(5),Shanghai Masters,184.0,Frances Tiafoe,R,188.0,26.6,61.0,853.0,17.0,2560.0
2465,Novak Djokovic,R,188.0,37.3,6-1 6-2,Shanghai Masters,63.0,Flavio Cobolli,R,183.0,22.4,4.0,5560.0,30.0,1552.0
2466,Taylor Fritz,R,196.0,26.9,6-3 6-4,Shanghai Masters,75.0,Yosuke Watanuki,R,180.0,26.4,7.0,4060.0,336.0,149.0
2467,Holger Rune,R,188.0,21.4,6-4 7-5,Shanghai Masters,109.0,Jiri Lehecka,R,185.0,22.8,14.0,2935.0,34.0,1400.0
2468,David Goffin,R,180.0,33.8,1-6 6-3 7-5,Shanghai Masters,131.0,Marcos Giron,R,180.0,31.1,66.0,800.0,47.0,1140.0
2469,Alexander Zverev,R,198.0,27.4,7-6(6) 2-6 7-6(5),Shanghai Masters,168.0,Tallon Griekspoor,R,188.0,28.2,3.0,6705.0,40.0,1305.0
2470,Jannik Sinner,R,191.0,23.1,6-1 6-4,Shanghai Masters,77.0,Taro Daniel,R,191.0,31.6,1.0,11010.0,93.0,619.0
2471,Tomas Martin Etcheverry,R,196.0,25.2,7-6(5) 3-6 7-5,Shanghai Masters,223.0,Botic Van De Zandschulp,R,191.0,28.9,37.0,1335.0,67.0,799.0
2472,Roberto Carballes Baena,R,183.0,31.5,7-6(4) 7-6(5),Shanghai Masters,126.0,Arthur Fils,R,185.0,20.3,54.0,955.0,21.0,2250.0
2473,Ben Shelton,L,193.0,21.9,6-3 7-5,Shanghai Masters,77.0,Denis Shapovalov,L,185.0,25.4,16.0,2580.0,102.0,568.0
2474,Stefanos Tsitsipas,R,193.0,26.1,7-6(6) 6-4,Shanghai Masters,105.0,Kei Nishikori,R,178.0,34.7,12.0,3390.0,153.0,388.0
2475,Alexandre Muller,R,183.0,27.6,6-3 6-2,Shanghai Masters,79.0,Felix Auger Aliassime,R,193.0,24.1,74.0,748.0,22.0,2170.0
2476,Matteo Arnaldi,R,185.0,23.6,6-7(2) 6-2 6-4,Shanghai Masters,155.0,Zachary Svajda,R,175.0,21.8,36.0,1350.0,131.0,452.0
2477,Daniil Medvedev,R,198.0,28.6,7-5 7-5,Shanghai Masters,116.0,Thiago Seyboth Wild,R,185.0,24.5,5.0,5375.0,88.0,656.0
2478,Carlos Alcaraz,R,183.0,21.4,6-2 6-2,Shanghai Masters,76.0,Juncheng Shang,L,180.0,19.6,2.0,7010.0,51.0,1045.0
2479,Yibing Wu,R,183.0,24.9,6-2 6-1,Shanghai Masters,61.0,Nicolas Jarry,R,201.0,28.9,560.0,63.0,29.0,1555.0
2480,Gael Monfils,R,193.0,38.0,6-3 4-6 6-4,Shanghai Masters,132.0,Sebastian Baez,R,170.0,23.7,46.0,1160.0,26.0,1760.0
2481,Ugo Humbert,L,188.0,26.2,6-3 6-2,Shanghai Masters,82.0,Arthur Cazaux,R,183.0,22.1,15.0,2645.0,92.0,622.0
2482,Tommy Paul,R,185.0,27.3,6-1 6-3,Shanghai Masters,60.0,Fabio Fognini,R,178.0,37.3,13.0,3045.0,81.0,691.0
2483,Alejandro Tabilo,L,188.0,27.3,6-3 6-2,Shanghai Masters,76.0,Arthur Rinderknech,R,196.0,29.1,23.0,1963.0,62.0,843.0
2484,Tomas Machac,R,183.0,23.9,1-6 7-6(3) 6-4,Shanghai Masters,125.0,Alejandro Davidovich Fokina,R,183.0,25.3,33.0,1449.0,64.0,825.0
2485,Aleksandar Vukic,R,188.0,28.4,6-4 6-4,Shanghai Masters,78.0,Casper Ruud,R,183.0,25.7,91.0,624.0,9.0,3965.0
2486,Jakub Mensik,R,193.0,19.0,6-7(7) 6-4 6-3,Shanghai Masters,150.0,Andrey Rublev,R,188.0,26.9,65.0,822.0,6.0,4700.0
2487,Alexander Shevchenko,R,185.0,23.8,7-6(7) 7-5,Shanghai Masters,111.0,Francisco Cerundolo,R,185.0,26.1,58.0,875.0,31.0,1550.0
2488,Alexei Popyrin,R,196.0,25.1,6-3 6-2,Shanghai Masters,61.0,Miomir Kecmanovic,R,183.0,25.0,24.0,1825.0,55.0,945.0
2489,Grigor Dimitrov,R,191.0,33.3,6-3 3-6 6-2,Shanghai Masters,148.0,Zizou Bergs,R,185.0,25.3,10.0,3840.0,73.0,763.0
2490,Frances Tiafoe,R,188.0,26.6,6-2 6-4,Shanghai Masters,64.0,Yi Zhou,R,193.0,19.5,17.0,2560.0,440.0,97.0
2491,Roman Safiullin,R,185.0,27.1,6-4 6-2,Shanghai Masters,80.0,Alexander Bublik,R,196.0,27.2,61.0,853.0,27.0,1690.0
2492,Flavio Cobolli,R,183.0,22.4,6-7(6) 7-6(4) 6-3,Shanghai Masters,150.0,Stan Wawrinka,R,183.0,39.5,30.0,1552.0,236.0,243.0
2493,Novak Djokovic,R,188.0,37.3,7-6(3) 7-6(9),Shanghai Masters,115.0,Alex Michelsen,R,193.0,20.0,4.0,5560.0,43.0,1215.0
2494,Taylor Fritz,R,196.0,26.9,7-6(4) 7-6(5),Shanghai Masters,122.0,Terence Atmane,L,193.0,22.7,7.0,4060.0,161.0,369.0
2495,Yosuke Watanuki,R,180.0,26.4,7-6(4) 6-3,Shanghai Masters,93.0,Brandon Nakashima,R,188.0,23.1,336.0,149.0,35.0,1375.0
2496,Jiri Lehecka,R,185.0,22.8,7-6(6) 6-4,Shanghai Masters,112.0,Jaume Munar,R,183.0,27.4,34.0,1400.0,63.0,839.0
2497,Holger Rune,R,188.0,21.4,4-6 6-4 6-3,Shanghai Masters,119.0,Matteo Berrettini,R,196.0,28.4,14.0,2935.0,44.0,1215.0
2498,David Goffin,R,180.0,33.8,1-6 7-6(6) 6-2,Shanghai Masters,147.0,Lorenzo Musetti,R,185.0,22.5,66.0,800.0,18.0,2425.0
2499,Marcos Giron,R,180.0,31.1,6-4 6-3,Shanghai Masters,81.0,Karen Khachanov,R,198.0,28.3,47.0,1140.0,25.0,1780.0
2500,Tallon Griekspoor,R,188.0,28.2,6-3 6-2,Shanghai Masters,74.0,Jordan Thompson,R,183.0,30.4,40.0,1305.0,28.0,1571.0
2501,Alexander Zverev,R,198.0,27.4,6-4 6-2,Shanghai Masters,96.0,Mattia Bellucci,L,175.0,23.3,3.0,6705.0,101.0,574.0
2502,Taro Daniel,R,191.0,31.6,6-7(5) 6-3 6-4,Shanghai Masters,135.0,Egor Gerasimov,R,196.0,31.8,93.0,619.0,304.0,170.0
2503,Botic Van De Zandschulp,R,191.0,28.9,7-6(5) 6-2,Shanghai Masters,101.0,Pablo Carreno Busta,R,188.0,33.2,67.0,799.0,203.0,287.0
2504,Roberto Carballes Baena,R,183.0,31.5,3-6 6-3 6-2,Shanghai Masters,157.0,Roberto Bautista Agut,R,183.0,36.4,54.0,955.0,57.0,896.0
2505,Denis Shapovalov,L,185.0,25.4,7-6(5) 7-6(8),Shanghai Masters,129.0,Lorenzo Sonego,R,191.0,29.3,102.0,568.0,49.0,1081.0
2506,Kei Nishikori,R,178.0,34.7,3-6 6-4 6-3,Shanghai Masters,136.0,Mariano Navone,R,178.0,23.5,153.0,388.0,38.0,1328.0
2507,Alexandre Muller,R,183.0,27.6,4-6 6-1 6-1,Shanghai Masters,95.0,Luca Nardi,R,185.0,21.1,74.0,748.0,89.0,649.0
2508,Zachary Svajda,R,175.0,21.8,6-3 1-6 6-0,Shanghai Masters,94.0,Adrian Mannarino,L,180.0,36.2,131.0,452.0,53.0,984.0
2509,Thiago Seyboth Wild,R,185.0,24.5,6-2 4-6 7-6(3),Shanghai Masters,159.0,Daniel Evans,R,175.0,34.3,88.0,656.0,170.0,341.0
2510,Juncheng Shang,L,180.0,19.6,6-4 6-4,Shanghai Masters,96.0,Coleman Wong,R,191.0,20.3,51.0,1045.0,128.0,460.0
2511,Yibing Wu,R,183.0,24.9,6-3 6-3,Shanghai Masters,79.0,Sumit Nagal,R,178.0,27.1,560.0,63.0,83.0,681.0
2512,Gael Monfils,R,193.0,38.0,6-4 6-3,Shanghai Masters,81.0,Damir Dzumhur,R,175.0,32.3,46.0,1160.0,96.0,599.0
2513,Arthur Cazaux,R,183.0,22.1,6-4 6-4,Shanghai Masters,96.0,Marin Cilic,R,198.0,36.0,92.0,622.0,211.0,278.0
2514,Fabio Fognini,R,178.0,37.3,6-4 6-7(5) 6-4,Shanghai Masters,141.0,Luciano Darderi,R,183.0,22.6,81.0,691.0,42.0,1265.0
2515,Arthur Rinderknech,R,196.0,29.1,6-4 7-6(5),Shanghai Masters,112.0,Reilly Opelka,R,211.0,27.0,62.0,843.0,309.0,167.0
2516,Alejandro Davidovich Fokina,R,183.0,25.3,7-5 7-6(7),Shanghai Masters,111.0,Gabriel Diallo,R,203.0,23.0,64.0,825.0,105.0,557.0
2517,Aleksandar Vukic,R,188.0,28.4,2-6 6-3 6-4,Shanghai Masters,121.0,Corentin Moutet,L,180.0,25.4,91.0,624.0,72.0,764.0
2518,Jakub Mensik,R,193.0,19.0,6-1 5-7 6-4,Shanghai Masters,118.0,Pedro Martinez,R,185.0,27.4,65.0,822.0,45.0,1207.0
2519,Alexander Shevchenko,R,185.0,23.8,6-1 7-6(3),Shanghai Masters,72.0,Ramkumar Ramanathan,R,188.0,29.8,58.0,875.0,332.0,153.0
2520,Miomir Kecmanovic,R,183.0,25.0,6-2 6-2,Shanghai Masters,79.0,Rinky Hijikata,R,178.0,23.6,55.0,945.0,78.0,718.0
2521,Zizou Bergs,R,185.0,25.3,6-4 6-3,Shanghai Masters,79.0,Zhizhen Zhang,R,193.0,27.9,73.0,763.0,41.0,1270.0
2523,Roman Safiullin,R,185.0,27.1,7-6(0) 6-4,Shanghai Masters,100.0,Beibit Zhukayev,R,198.0,23.9,61.0,853.0,196.0,298.0
2524,Stan Wawrinka,R,183.0,39.5,7-6(2) 7-6(6),Shanghai Masters,108.0,Giovanni Mpetshi Perricard,R,203.0,21.2,236.0,243.0,50.0,1073.0
2525,Alex Michelsen,R,193.0,20.0,6-3 6-4,Shanghai Masters,77.0,Bu Yunchaokete,R,185.0,22.6,43.0,1215.0,69.0,780.0
2526,Terence Atmane,L,193.0,22.7,6-4 7-6(4),Shanghai Masters,98.0,Aleksandar Kovacevic,R,183.0,26.0,161.0,369.0,76.0,740.0
2527,Yosuke Watanuki,R,180.0,26.4,6-7(6) 6-4 7-5,Shanghai Masters,187.0,Pavel Kotov,R,191.0,25.8,336.0,149.0,56.0,907.0
2528,Jaume Munar,R,183.0,27.4,6-3 6-3,Shanghai Masters,106.0,Hugo Gaston,L,173.0,24.0,63.0,839.0,80.0,703.0
2529,Matteo Berrettini,R,196.0,28.4,7-6(9) 7-6(6),Shanghai Masters,133.0,Christopher Oconnell,R,183.0,30.3,44.0,1215.0,71.0,765.0
2530,David Goffin,R,180.0,33.8,6-4 6-2,Shanghai Masters,87.0,James Duckworth,R,183.0,32.6,66.0,800.0,75.0,748.0
2531,Marcos Giron,R,180.0,31.1,6-1 7-6(4),Shanghai Masters,87.0,Li Tu,R,183.0,28.3,47.0,1140.0,191.0,304.0
2532,Tallon Griekspoor,R,188.0,28.2,6-4 6-7(6) 6-3,Shanghai Masters,134.0,Facundo Diaz Acosta,L,183.0,23.7,40.0,1305.0,59.0,865.0
2533,Mattia Bellucci,L,175.0,23.3,6-3 6-4,Shanghai Masters,78.0,Billy Harris,R,193.0,29.6,101.0,574.0,106.0,552.0
2534,Karen Khachanov,R,198.0,28.3,6-2 5-7 6-3,Almaty,142.0,Gabriel Diallo,R,203.0,23.0,26.0,1745.0,118.0,497.0
2535,Karen Khachanov,R,198.0,28.3,6-7(3) 6-3 6-4,Almaty,134.0,Aleksandar Vukic,R,188.0,28.5,26.0,1745.0,85.0,669.0
2536,Gabriel Diallo,R,203.0,23.0,6-4 6-2,Almaty,67.0,Francisco Cerundolo,R,185.0,26.1,118.0,497.0,31.0,1470.0
2537,Aleksandar Vukic,R,188.0,28.5,6-2 7-6(11),Almaty,88.0,Frances Tiafoe,R,188.0,26.7,85.0,669.0,15.0,2600.0
2538,Karen Khachanov,R,198.0,28.3,6-2 6-4,Almaty,83.0,Beibit Zhukayev,R,198.0,24.0,26.0,1745.0,213.0,272.0
2539,Francisco Cerundolo,R,185.0,26.1,6-2 6-3,Almaty,64.0,Alexander Shevchenko,R,185.0,23.8,31.0,1470.0,61.0,900.0
2540,Gabriel Diallo,R,203.0,23.0,3-6 6-3 6-4,Almaty,119.0,Alejandro Tabilo,L,188.0,27.3,118.0,497.0,23.0,1983.0
2541,Frances Tiafoe,R,188.0,26.7,6-7(10) 7-6(4) 6-3,Almaty,159.0,Daniel Evans,R,175.0,34.3,15.0,2600.0,180.0,326.0
2542,Aleksandar Vukic,R,188.0,28.5,7-6(4) 6-3,Almaty,94.0,Adrian Mannarino,L,180.0,36.2,85.0,669.0,56.0,949.0
2543,Karen Khachanov,R,198.0,28.3,7-6(2) 7-6(3),Almaty,96.0,Otto Virtanen,R,193.0,23.3,26.0,1745.0,116.0,499.0
2545,Alexander Shevchenko,R,185.0,23.8,6-1 6-7(5) 7-5,Almaty,140.0,Aslan Karatsev,R,185.0,31.1,61.0,900.0,139.0,425.0
2547,Gabriel Diallo,R,203.0,23.0,7-6(1) 6-4,Almaty,104.0,Borna Coric,R,188.0,27.9,118.0,497.0,96.0,595.0
2548,Alejandro Tabilo,L,188.0,27.3,6-2 6-4,Almaty,65.0,Maximilian Marterer,L,188.0,29.3,23.0,1983.0,114.0,507.0
2549,Daniel Evans,R,175.0,34.3,6-2 7-6(4),Almaty,111.0,Taro Daniel,R,191.0,31.7,180.0,326.0,89.0,636.0
2550,Aleksandar Vukic,R,188.0,28.5,6-4 7-5,Almaty,82.0,James Duckworth,R,183.0,32.7,85.0,669.0,63.0,848.0
2551,Adrian Mannarino,L,180.0,36.2,5-7 7-6(4) 6-3,Almaty,165.0,Roman Safiullin,R,185.0,27.1,56.0,949.0,58.0,908.0
2552,Otto Virtanen,R,193.0,23.3,6-3 7-6(4),Almaty,83.0,Fabio Fognini,R,178.0,37.3,116.0,499.0,76.0,721.0
2553,Beibit Zhukayev,R,198.0,24.0,6-4 6-1,Almaty,65.0,Benjamin Hassan,R,183.0,29.6,213.0,272.0,245.0,227.0
2554,Tomas Machac,R,183.0,24.0,6-3 6-4,Almaty,79.0,Timofey Skatov,R,175.0,23.7,25.0,1749.0,192.0,299.0
2555,Aslan Karatsev,R,185.0,31.1,6-4 7-6(2),Almaty,90.0,Zhizhen Zhang,R,193.0,27.9,139.0,425.0,46.0,1190.0
2556,Alexander Shevchenko,R,185.0,23.8,7-6(5) 7-6(4),Almaty,142.0,Mikhail Kukushkin,R,183.0,36.8,61.0,900.0,111.0,524.0
2558,Borna Coric,R,188.0,27.9,6-4 7-6(4),Almaty,111.0,Fabian Marozsan,R,193.0,25.0,96.0,595.0,57.0,940.0
2559,Gabriel Diallo,R,203.0,23.0,7-6(5) 6-2,Almaty,96.0,Christopher Oconnell,R,183.0,30.3,118.0,497.0,72.0,762.0
2560,Maximilian Marterer,L,188.0,29.3,7-5 6-4,Almaty,81.0,Damir Dzumhur,R,175.0,32.4,114.0,507.0,100.0,584.0
2561,Roberto Bautista Agut,R,183.0,36.5,7-5 6-1,Antwerp,75.0,Jiri Lehecka,R,185.0,22.9,60.0,906.0,33.0,1440.0
2562,Roberto Bautista Agut,R,183.0,36.5,6-3 6-4,Antwerp,88.0,Hugo Gaston,L,173.0,24.0,60.0,906.0,77.0,693.0
2563,Jiri Lehecka,R,185.0,22.9,6-3 4-6 6-2,Antwerp,116.0,Marcos Giron,R,180.0,31.2,33.0,1440.0,47.0,1165.0
2564,Hugo Gaston,L,173.0,24.0,6-3 3-6 7-5,Antwerp,129.0,Alex De Minaur,R,183.0,25.6,77.0,693.0,9.0,3610.0
2565,Roberto Bautista Agut,R,183.0,36.5,3-6 6-2 7-6(6),Antwerp,162.0,Felix Auger Aliassime,R,193.0,24.1,60.0,906.0,21.0,2155.0
2566,Marcos Giron,R,180.0,31.2,6-2 6-2,Antwerp,74.0,Zizou Bergs,R,185.0,25.3,47.0,1165.0,69.0,793.0
2567,Jiri Lehecka,R,185.0,22.9,6-4 6-4,Antwerp,84.0,Stefanos Tsitsipas,R,193.0,26.1,33.0,1440.0,11.0,3445.0
2568,Alex De Minaur,R,183.0,25.6,2-6 6-4 6-2,Antwerp,138.0,Roberto Carballes Baena,R,183.0,31.5,9.0,3610.0,54.0,980.0
2569,Hugo Gaston,L,173.0,24.0,6-4 6-7(3) 7-6(4),Antwerp,169.0,Mariano Navone,R,178.0,23.6,77.0,693.0,43.0,1238.0
2570,Felix Auger Aliassime,R,193.0,24.1,6-7(4) 6-4 6-2,Antwerp,154.0,Marton Fucsovics,R,188.0,32.6,21.0,2155.0,93.0,614.0
2571,Roberto Bautista Agut,R,183.0,36.5,7-6(2) 6-4,Antwerp,110.0,Tomas Martin Etcheverry,R,196.0,25.2,60.0,906.0,35.0,1375.0
2572,Marcos Giron,R,180.0,31.2,7-6(6) 7-6(4),Antwerp,114.0,Arthur Rinderknech,R,196.0,29.2,47.0,1165.0,62.0,860.0
2573,Zizou Bergs,R,185.0,25.3,6-3 6-4,Antwerp,93.0,Sebastian Baez,R,170.0,23.7,69.0,793.0,27.0,1725.0
2574,Jiri Lehecka,R,185.0,22.9,6-4 6-3,Antwerp,73.0,Daniel Altmaier,R,188.0,26.0,33.0,1440.0,84.0,672.0
2575,Stefanos Tsitsipas,R,193.0,26.1,7-6(5) 4-6 7-5,Antwerp,140.0,Thiago Seyboth Wild,R,185.0,24.5,11.0,3445.0,80.0,686.0
2576,Roberto Carballes Baena,R,183.0,31.5,6-4 6-0,Antwerp,73.0,Dominik Koepfer,L,180.0,30.4,54.0,980.0,81.0,686.0
2577,Hugo Gaston,L,173.0,24.0,3-6 6-3 6-3,Antwerp,107.0,Alexey Vatutin,R,178.0,31.9,77.0,693.0,336.0,148.0
2578,Mariano Navone,R,178.0,23.6,6-3 4-6 7-6(6),Antwerp,161.0,Thiago Monteiro,L,183.0,30.3,43.0,1238.0,88.0,636.0
2579,Marton Fucsovics,R,188.0,32.6,6-2 6-0,Antwerp,62.0,Raphael Collignon,R,191.0,22.7,93.0,614.0,164.0,358.0
2580,Roberto Bautista Agut,R,183.0,36.5,6-2 6-1,Antwerp,73.0,Luca Van Assche,R,178.0,20.4,60.0,906.0,119.0,496.0
2581,Tomas Martin Etcheverry,R,196.0,25.2,7-6(4) 6-4,Antwerp,108.0,Richard Gasquet,R,183.0,38.3,35.0,1375.0,135.0,446.0
2582,Marcos Giron,R,180.0,31.2,6-4 6-1,Antwerp,79.0,Botic Van De Zandschulp,R,191.0,29.0,47.0,1165.0,68.0,804.0
2583,Arthur Rinderknech,R,196.0,29.2,6-3 6-1,Antwerp,80.0,Alexander Blockx,R,191.0,19.5,62.0,860.0,231.0,247.0
2584,Zizou Bergs,R,185.0,25.3,7-5 6-4,Antwerp,105.0,Facundo Diaz Acosta,L,183.0,23.8,69.0,793.0,67.0,830.0
2585,Jiri Lehecka,R,185.0,22.9,6-1 6-4,Antwerp,85.0,Jaume Munar,R,183.0,27.4,33.0,1440.0,65.0,844.0
2586,Daniel Altmaier,R,188.0,26.0,6-4 6-3,Antwerp,76.0,Gilles Arnaud Bailly,R,180.0,19.0,84.0,672.0,869.0,21.0
2587,Thiago Seyboth Wild,R,185.0,24.5,7-6(4) 6-3,Antwerp,78.0,Giovanni Mpetshi Perricard,R,203.0,21.2,80.0,686.0,48.0,1076.0
2588,Tommy Paul,R,185.0,27.4,6-4 6-3,Stockholm,85.0,Grigor Dimitrov,R,191.0,33.4,13.0,3055.0,10.0,3580.0
2589,Tommy Paul,R,185.0,27.4,6-3 6-2,Stockholm,80.0,Stan Wawrinka,R,183.0,39.5,13.0,3055.0,217.0,263.0
2590,Grigor Dimitrov,R,191.0,33.4,2-6 7-5 6-4,Stockholm,145.0,Tallon Griekspoor,R,188.0,28.2,10.0,3580.0,37.0,1345.0
2591,Stan Wawrinka,R,183.0,39.5,7-6(5) 7-6(5),Stockholm,112.0,Andrey Rublev,R,188.0,26.9,217.0,263.0,7.0,4110.0
2592,Tommy Paul,R,185.0,27.4,7-6(9) 6-2,Stockholm,102.0,Miomir Kecmanovic,R,183.0,25.1,13.0,3055.0,55.0,965.0
2593,Grigor Dimitrov,R,191.0,33.4,6-3 6-2,Stockholm,71.0,Dominic Stricker,L,183.0,22.1,10.0,3580.0,317.0,162.0
2594,Tallon Griekspoor,R,188.0,28.2,7-5 7-6(5),Stockholm,117.0,Casper Ruud,R,183.0,25.8,37.0,1345.0,8.0,3885.0
2595,Andrey Rublev,R,188.0,26.9,6-4 6-1,Stockholm,64.0,Alexandre Muller,R,183.0,27.6,7.0,4110.0,70.0,785.0
2596,Stan Wawrinka,R,183.0,39.5,6-4 3-6 7-5,Stockholm,132.0,Alejandro Davidovich Fokina,R,183.0,25.3,217.0,263.0,64.0,845.0
2597,Tommy Paul,R,185.0,27.4,6-2 7-6(2),Stockholm,98.0,Laslo Djere,R,188.0,29.3,13.0,3055.0,113.0,516.0
2598,Miomir Kecmanovic,R,183.0,25.1,6-4 4-6 7-6(2),Stockholm,141.0,Nicolas Jarry,R,201.0,29.0,55.0,965.0,34.0,1385.0
2599,Dominic Stricker,L,183.0,22.1,7-6(6) 6-4,Stockholm,107.0,Matteo Berrettini,R,196.0,28.5,317.0,162.0,42.0,1245.0
2600,Grigor Dimitrov,R,191.0,33.4,7-6(1) 6-3,Stockholm,99.0,Quentin Halys,R,191.0,27.9,10.0,3580.0,95.0,603.0
2601,Tallon Griekspoor,R,188.0,28.2,7-6(0) 6-3,Stockholm,89.0,Jacob Fearnley,R,183.0,23.2,37.0,1345.0,99.0,588.0
2602,Casper Ruud,R,183.0,25.8,6-3 7-6(3),Stockholm,104.0,Lorenzo Sonego,R,191.0,29.4,8.0,3885.0,50.0,1046.0
2603,Alexandre Muller,R,183.0,27.6,6-3 7-6(5),Stockholm,90.0,Leo Borg,R,183.0,21.4,70.0,785.0,590.0,57.0
2604,Alejandro Davidovich Fokina,R,183.0,25.3,7-6(2) 6-2,Stockholm,102.0,Thiago Agustin Tirante,R,185.0,23.5,64.0,845.0,121.0,484.0
2605,Stan Wawrinka,R,183.0,39.5,6-4 6-4,Stockholm,80.0,Brandon Nakashima,R,188.0,23.1,217.0,263.0,38.0,1340.0
2606,Laslo Djere,R,188.0,29.3,6-2 6-0,Stockholm,51.0,Pedro Martinez,R,185.0,27.4,113.0,516.0,39.0,1321.0
2607,Miomir Kecmanovic,R,183.0,25.1,6-4 6-4,Stockholm,77.0,Cameron Norrie,L,188.0,29.1,55.0,965.0,52.0,989.0
2608,Nicolas Jarry,R,201.0,29.0,2-6 6-4 7-6(7),Stockholm,146.0,Elias Ymer,R,185.0,28.5,34.0,1385.0,252.0,219.0
2609,Matteo Berrettini,R,196.0,28.5,6-4 6-3,Stockholm,77.0,Luciano Darderi,R,183.0,22.6,42.0,1245.0,44.0,1228.0
2610,Dominic Stricker,L,183.0,22.1,6-4 5-7 6-4,Stockholm,139.0,Aleksandar Kovacevic,R,183.0,26.1,317.0,162.0,90.0,624.0
2611,Quentin Halys,R,191.0,27.9,6-0 6-4,Stockholm,63.0,Sumit Nagal,R,178.0,27.1,95.0,603.0,78.0,691.0
2612,Tallon Griekspoor,R,188.0,28.2,6-4 6-3,Stockholm,72.0,Pavel Kotov,R,191.0,25.9,37.0,1345.0,59.0,907.0
2613,Jacob Fearnley,R,183.0,23.2,6-2 7-6(5),Stockholm,111.0,Corentin Moutet,L,180.0,25.4,99.0,588.0,71.0,764.0
2614,Lorenzo Sonego,R,191.0,29.4,7-6(1) 7-5,Stockholm,110.0,Marc Andrea Huesler,L,196.0,28.3,50.0,1046.0,152.0,383.0
2615,Giovanni Mpetshi Perricard,R,203.0,21.2,6-4 7-6(4),Basel,86.0,Ben Shelton,L,193.0,22.0,50.0,1026.0,23.0,2010.0
2616,Ben Shelton,L,193.0,22.0,6-3 7-6(9),Basel,77.0,Arthur Fils,R,185.0,20.3,23.0,2010.0,20.0,2090.0
2617,Giovanni Mpetshi Perricard,R,203.0,21.2,7-6(6) 6-4,Basel,78.0,Holger Rune,R,188.0,21.4,50.0,1026.0,14.0,2985.0
2618,Ben Shelton,L,193.0,22.0,7-5 6-7(3) 6-4,Basel,135.0,Andrey Rublev,R,188.0,27.0,23.0,2010.0,7.0,4150.0
2619,Arthur Fils,R,185.0,20.3,7-6(5) 6-3,Basel,83.0,Stefanos Tsitsipas,R,193.0,26.1,20.0,2090.0,11.0,3405.0
2620,Holger Rune,R,188.0,21.4,6-2 6-4,Basel,80.0,David Goffin,R,180.0,33.8,14.0,2985.0,54.0,980.0
2621,Giovanni Mpetshi Perricard,R,203.0,21.2,6-7(7) 6-3 7-6(3),Basel,126.0,Denis Shapovalov,L,185.0,25.5,50.0,1026.0,95.0,618.0
2622,Andrey Rublev,R,188.0,27.0,7-6(3) 6-1,Basel,73.0,Alejandro Tabilo,L,188.0,27.3,7.0,4150.0,21.0,2023.0
2623,Ben Shelton,L,193.0,22.0,7-6(2) 7-5,Basel,95.0,Stan Wawrinka,R,183.0,39.5,23.0,2010.0,169.0,343.0
2624,Stefanos Tsitsipas,R,193.0,26.1,7-6(3) 7-5,Basel,106.0,Botic Van De Zandschulp,R,191.0,29.0,11.0,3405.0,67.0,804.0
2625,Arthur Fils,R,185.0,20.3,7-5 6-3,Basel,90.0,Pedro Martinez,R,185.0,27.4,20.0,2090.0,39.0,1320.0
2626,David Goffin,R,180.0,33.8,3-6 6-1 7-6(7),Basel,147.0,Ugo Humbert,L,188.0,26.3,54.0,980.0,16.0,2515.0
2627,Holger Rune,R,188.0,21.4,6-3 7-6(2),Basel,87.0,Dominic Stricker,L,183.0,22.1,14.0,2985.0,258.0,212.0
2628,Giovanni Mpetshi Perricard,R,203.0,21.2,6-1 7-6(6),Basel,82.0,Felix Auger Aliassime,R,193.0,24.2,50.0,1026.0,19.0,2130.0
2629,Denis Shapovalov,L,185.0,25.5,6-3 7-6(4),Basel,99.0,Roberto Bautista Agut,R,183.0,36.5,95.0,618.0,45.0,1146.0
2630,Andrey Rublev,R,188.0,27.0,6-3 6-2,Basel,64.0,Nuno Borges,R,185.0,27.6,7.0,4150.0,33.0,1446.0
2631,Alejandro Tabilo,L,188.0,27.3,7-6(4) 7-6(2),Basel,125.0,Marin Cilic,R,198.0,36.0,21.0,2023.0,202.0,288.0
2632,Stan Wawrinka,R,183.0,39.5,6-3 3-6 7-5,Basel,121.0,Adrian Mannarino,L,180.0,36.3,169.0,343.0,57.0,929.0
2633,Ben Shelton,L,193.0,22.0,6-3 6-4,Basel,73.0,Tomas Martin Etcheverry,R,196.0,25.2,23.0,2010.0,36.0,1375.0
2634,Stefanos Tsitsipas,R,193.0,26.1,6-3 6-7(3) 7-6(4),Basel,152.0,Francisco Cerundolo,R,185.0,26.1,11.0,3405.0,30.0,1570.0
2636,Pedro Martinez,R,185.0,27.4,6-2 6-2,Basel,67.0,Jiri Lehecka,R,185.0,22.9,39.0,1320.0,28.0,1605.0
2637,Arthur Fils,R,185.0,20.3,7-6(5) 6-3,Basel,99.0,Daniel Altmaier,R,188.0,26.1,20.0,2090.0,82.0,690.0
2638,Ugo Humbert,L,188.0,26.3,6-4 6-7(5) 7-5,Basel,149.0,Jerome Kym,R,198.0,21.6,16.0,2515.0,140.0,421.0
2639,David Goffin,R,180.0,33.8,6-7(5) 6-3 6-2,Basel,150.0,Matteo Arnaldi,R,185.0,23.6,54.0,980.0,37.0,1355.0
2640,Dominic Stricker,L,183.0,22.1,6-4 6-4,Basel,66.0,Tallon Griekspoor,R,188.0,28.3,258.0,212.0,35.0,1400.0
2641,Holger Rune,R,188.0,21.4,6-4 7-6(3),Basel,86.0,Nicolas Jarry,R,201.0,29.0,14.0,2985.0,34.0,1400.0
2642,Felix Auger Aliassime,R,193.0,24.2,7-5 6-1,Basel,74.0,Sebastian Baez,R,170.0,23.8,19.0,2130.0,26.0,1725.0
2643,Giovanni Mpetshi Perricard,R,203.0,21.2,7-6(4) 6-3,Basel,79.0,James Duckworth,R,183.0,32.7,50.0,1026.0,69.0,781.0
2644,Denis Shapovalov,L,185.0,25.5,6-1 6-4,Basel,68.0,Juncheng Shang,L,180.0,19.7,95.0,618.0,47.0,1075.0
2645,Roberto Bautista Agut,R,183.0,36.5,6-3 3-6 6-3,Basel,123.0,Casper Ruud,R,183.0,25.8,45.0,1146.0,8.0,3890.0
2646,Jack Draper,L,193.0,22.8,6-4 7-5,Vienna,95.0,Karen Khachanov,R,198.0,28.4,18.0,2310.0,24.0,1985.0
2647,Jack Draper,L,193.0,22.8,6-2 6-4,Vienna,108.0,Lorenzo Musetti,R,185.0,22.6,18.0,2310.0,17.0,2425.0
2648,Karen Khachanov,R,198.0,28.4,6-2 6-4,Vienna,90.0,Alex De Minaur,R,183.0,25.6,24.0,1985.0,10.0,3570.0
2649,Lorenzo Musetti,R,185.0,22.6,2-6 7-6(5) 6-4,Vienna,157.0,Alexander Zverev,R,198.0,27.5,17.0,2425.0,3.0,6795.0
2650,Jack Draper,L,193.0,22.8,6-3 3-6 6-1,Vienna,127.0,Tomas Machac,R,183.0,24.0,18.0,2310.0,27.0,1723.0
2651,Karen Khachanov,R,198.0,28.4,6-1 6-4,Vienna,78.0,Matteo Berrettini,R,196.0,28.5,24.0,1985.0,41.0,1270.0
2652,Alex De Minaur,R,183.0,25.6,6-7(2) 6-3 6-4,Vienna,154.0,Jakub Mensik,R,193.0,19.1,10.0,3570.0,51.0,1022.0
2653,Alexander Zverev,R,198.0,27.5,6-2 7-5,Vienna,72.0,Marcos Giron,R,180.0,31.2,3.0,6795.0,48.0,1065.0
2655,Tomas Machac,R,183.0,24.0,6-7(5) 6-4 6-3,Vienna,151.0,Grigor Dimitrov,R,191.0,33.4,27.0,1723.0,9.0,3735.0
2656,Jack Draper,L,193.0,22.8,7-5 6-1,Vienna,76.0,Luciano Darderi,R,183.0,22.6,18.0,2310.0,42.0,1228.0
2657,Matteo Berrettini,R,196.0,28.5,6-3 6-7(6) 6-3,Vienna,182.0,Frances Tiafoe,R,188.0,26.7,41.0,1270.0,15.0,2625.0
2658,Karen Khachanov,R,198.0,28.4,1-6 6-3 6-4,Vienna,110.0,Brandon Nakashima,R,188.0,23.2,24.0,1985.0,38.0,1340.0
2659,Jakub Mensik,R,193.0,19.1,6-3 7-6(7),Vienna,113.0,Miomir Kecmanovic,R,183.0,25.1,51.0,1022.0,58.0,925.0
2661,Alexander Zverev,R,198.0,27.5,6-2 6-2,Vienna,68.0,Joel Schwaerzler,L,188.0,18.7,3.0,6795.0,347.0,141.0
2662,Marcos Giron,R,180.0,31.2,7-6(4) 6-3,Vienna,112.0,Alex Michelsen,R,193.0,20.1,48.0,1065.0,43.0,1220.0
2663,Gael Monfils,R,193.0,38.1,7-6(5) 6-3,Vienna,86.0,Quentin Halys,R,191.0,27.9,52.0,1010.0,90.0,628.0
2664,Lorenzo Musetti,R,185.0,22.6,6-3 6-2,Vienna,72.0,Lorenzo Sonego,R,191.0,29.4,17.0,2425.0,49.0,1061.0
2665,Grigor Dimitrov,R,191.0,33.4,6-4 7-5,Vienna,97.0,Zhizhen Zhang,R,193.0,28.0,9.0,3735.0,46.0,1145.0
2666,Tomas Machac,R,183.0,24.0,7-6(5) 6-1,Vienna,72.0,Fabian Marozsan,R,193.0,25.0,27.0,1723.0,56.0,940.0
2667,Luciano Darderi,R,183.0,22.6,7-6(6) 6-2,Vienna,91.0,Dominic Thiem,R,185.0,31.1,42.0,1228.0,318.0,162.0
2668,Jack Draper,L,193.0,22.8,7-6(5) 7-5,Vienna,96.0,Kei Nishikori,R,178.0,34.8,18.0,2310.0,141.0,418.0
2669,Frances Tiafoe,R,188.0,26.7,6-4 7-6(4),Vienna,87.0,Cameron Norrie,L,188.0,29.1,15.0,2625.0,53.0,989.0
2670,Matteo Berrettini,R,196.0,28.5,7-5 6-4,Vienna,107.0,Marton Fucsovics,R,188.0,32.7,41.0,1270.0,88.0,639.0
2671,Karen Khachanov,R,198.0,28.4,6-2 6-4,Vienna,87.0,Thiago Seyboth Wild,R,185.0,24.6,24.0,1985.0,78.0,717.0
2672,Brandon Nakashima,R,188.0,23.2,6-4 6-4,Vienna,106.0,Tommy Paul,R,185.0,27.4,38.0,1340.0,12.0,3215.0
2673,Jakub Mensik,R,193.0,19.1,7-6(3) 6-2,Vienna,102.0,Alexei Popyrin,R,196.0,25.2,51.0,1022.0,25.0,1775.0
2674,Miomir Kecmanovic,R,183.0,25.1,6-2 6-4,Vienna,73.0,Mariano Navone,R,178.0,23.6,58.0,925.0,44.0,1188.0
2675,Flavio Cobolli,R,183.0,22.4,7-6(1) 6-3,Vienna,94.0,Alejandro Davidovich Fokina,R,183.0,25.3,31.0,1482.0,62.0,860.0
2676,Alex De Minaur,R,183.0,25.6,2-6 6-2 6-2,Vienna,101.0,Jan Lennard Struff,R,193.0,34.4,10.0,3570.0,40.0,1285.0
2677,Alexander Zverev,R,198.0,27.5,6-2 6-2,Paris Masters,75.0,Ugo Humbert,L,188.0,26.3,3.0,6805.0,18.0,2385.0
2678,Alexander Zverev,R,198.0,27.5,6-3 7-6(4),Paris Masters,106.0,Holger Rune,R,188.0,21.5,3.0,6805.0,13.0,3005.0
2679,Ugo Humbert,L,188.0,26.3,6-7(6) 6-4 6-3,Paris Masters,165.0,Karen Khachanov,R,198.0,28.4,18.0,2385.0,21.0,2225.0
2680,Holger Rune,R,188.0,21.5,6-4 4-6 7-5,Paris Masters,146.0,Alex De Minaur,R,183.0,25.6,13.0,3005.0,10.0,3725.0
2681,Alexander Zverev,R,198.0,27.5,7-5 6-4,Paris Masters,101.0,Stefanos Tsitsipas,R,193.0,26.2,3.0,6805.0,11.0,3325.0
2682,Karen Khachanov,R,198.0,28.4,6-2 6-3,Paris Masters,68.0,Grigor Dimitrov,R,191.0,33.4,21.0,2225.0,9.0,3740.0
2683,Ugo Humbert,L,188.0,26.3,6-2 7-6(4),Paris Masters,96.0,Jordan Thompson,R,183.0,30.5,18.0,2385.0,28.0,1571.0
2684,Holger Rune,R,188.0,21.5,3-6 6-3 6-4,Paris Masters,125.0,Arthur Cazaux,R,183.0,22.1,13.0,3005.0,85.0,678.0
2685,Alex De Minaur,R,183.0,25.6,5-7 6-2 6-3,Paris Masters,125.0,Jack Draper,L,193.0,22.8,10.0,3725.0,15.0,2800.0
2686,Alexander Zverev,R,198.0,27.5,6-4 3-6 6-3,Paris Masters,129.0,Arthur Fils,R,185.0,20.3,3.0,6805.0,20.0,2265.0
2687,Stefanos Tsitsipas,R,193.0,26.2,6-7(1) 6-4 6-2,Paris Masters,141.0,Francisco Cerundolo,R,185.0,26.2,11.0,3325.0,29.0,1570.0
2688,Grigor Dimitrov,R,191.0,33.4,6-2 4-6 7-6(5),Paris Masters,123.0,Arthur Rinderknech,R,196.0,29.2,9.0,3740.0,60.0,872.0
2689,Karen Khachanov,R,198.0,28.4,7-6(5) 6-4,Paris Masters,116.0,Alexei Popyrin,R,196.0,25.2,21.0,2225.0,24.0,1775.0
2690,Jordan Thompson,R,183.0,30.5,7-5 7-6(5),Paris Masters,140.0,Adrian Mannarino,L,180.0,36.3,28.0,1571.0,58.0,929.0
2691,Ugo Humbert,L,188.0,26.3,6-1 3-6 7-5,Paris Masters,136.0,Carlos Alcaraz,R,183.0,21.4,18.0,2385.0,2.0,7120.0
2692,Arthur Cazaux,R,183.0,22.1,6-3 7-6(4),Paris Masters,81.0,Ben Shelton,L,193.0,22.0,85.0,678.0,19.0,2330.0
2693,Holger Rune,R,188.0,21.5,6-4 6-2,Paris Masters,71.0,Alexander Bublik,R,196.0,27.3,13.0,3005.0,33.0,1460.0
2694,Alex De Minaur,R,183.0,25.6,6-4 7-6(5),Paris Masters,104.0,Miomir Kecmanovic,R,183.0,25.1,10.0,3725.0,55.0,965.0
2695,Jack Draper,L,193.0,22.8,7-6(6) 4-6 6-4,Paris Masters,142.0,Taylor Fritz,R,196.0,27.0,15.0,2800.0,6.0,4335.0
2696,Alexander Zverev,R,198.0,27.5,7-6(2) 6-3,Paris Masters,92.0,Tallon Griekspoor,R,188.0,28.3,3.0,6805.0,39.0,1320.0
2697,Arthur Fils,R,185.0,20.3,6-3 6-4,Paris Masters,93.0,Jan Lennard Struff,R,193.0,34.5,20.0,2265.0,42.0,1265.0
2698,Stefanos Tsitsipas,R,193.0,26.2,6-3 6-4,Paris Masters,66.0,Alejandro Tabilo,L,188.0,27.4,11.0,3325.0,22.0,2043.0
2699,Francisco Cerundolo,R,185.0,26.2,7-6(6) 7-6(5),Paris Masters,138.0,Andrey Rublev,R,188.0,27.0,29.0,1570.0,7.0,4070.0
2700,Grigor Dimitrov,R,191.0,33.4,6-7(9) 6-3 7-5,Paris Masters,164.0,Tomas Martin Etcheverry,R,196.0,25.2,9.0,3740.0,40.0,1310.0
2701,Arthur Rinderknech,R,196.0,29.2,7-6(6) 7-6(7),Paris Masters,134.0,Alex Michelsen,R,193.0,20.1,60.0,872.0,44.0,1220.0
2702,Karen Khachanov,R,198.0,28.4,6-7(12) 6-1 6-4,Paris Masters,114.0,Giovanni Mpetshi Perricard,R,203.0,21.3,21.0,2225.0,31.0,1519.0
2703,Alexei Popyrin,R,196.0,25.2,6-4 2-6 7-6(4),Paris Masters,150.0,Daniil Medvedev,R,198.0,28.7,24.0,1775.0,5.0,5230.0
2704,Jordan Thompson,R,183.0,30.5,7-6(3) 3-6 6-4,Paris Masters,153.0,Casper Ruud,R,183.0,25.8,28.0,1571.0,8.0,3855.0
2705,Adrian Mannarino,L,180.0,36.3,3-6 6-2 6-4,Paris Masters,132.0,Zizou Bergs,R,185.0,25.4,58.0,929.0,65.0,833.0
2706,Ugo Humbert,L,188.0,26.3,6-3 6-2,Paris Masters,59.0,Marcos Giron,R,180.0,31.2,18.0,2385.0,49.0,1105.0
2707,Carlos Alcaraz,R,183.0,21.4,7-5 6-1,Paris Masters,90.0,Nicolas Jarry,R,201.0,29.0,2.0,7120.0,37.0,1365.0
2708,Ben Shelton,L,193.0,22.0,6-3 6-7(8) 6-3,Paris Masters,150.0,Corentin Moutet,L,180.0,25.5,19.0,2330.0,70.0,764.0
2709,Alexander Bublik,R,196.0,27.3,7-5 7-5,Paris Masters,88.0,Fabio Fognini,R,178.0,37.4,33.0,1460.0,79.0,721.0
2710,Holger Rune,R,188.0,21.5,6-4 6-4,Paris Masters,89.0,Matteo Arnaldi,R,185.0,23.6,13.0,3005.0,38.0,1335.0
2711,Alex De Minaur,R,183.0,25.6,7-5 6-1,Paris Masters,79.0,Mariano Navone,R,178.0,23.6,10.0,3725.0,45.0,1188.0
2712,Miomir Kecmanovic,R,183.0,25.1,6-4 6-7(6) 7-5,Paris Masters,148.0,Sebastian Baez,R,170.0,23.8,55.0,965.0,26.0,1690.0
2713,Jack Draper,L,193.0,22.8,7-5 6-2,Paris Masters,68.0,Jiri Lehecka,R,185.0,22.9,15.0,2800.0,30.0,1560.0
2714,Tallon Griekspoor,R,188.0,28.3,6-3 6-4,Paris Masters,57.0,Luciano Darderi,R,183.0,22.7,39.0,1320.0,43.0,1263.0
2715,Arthur Fils,R,185.0,20.3,7-6(5) 6-4,Paris Masters,94.0,Marin Cilic,R,198.0,36.0,20.0,2265.0,201.0,288.0
2716,Jan Lennard Struff,R,193.0,34.5,6-4 6-2,Paris Masters,76.0,Lorenzo Musetti,R,185.0,22.6,42.0,1265.0,16.0,2600.0
2717,Stefanos Tsitsipas,R,193.0,26.2,4-6 6-3 6-3,Paris Masters,119.0,Roberto Carballes Baena,R,183.0,31.6,11.0,3325.0,54.0,980.0
2718,Alejandro Tabilo,L,188.0,27.4,3-6 7-6(5) 6-3,Paris Masters,130.0,Nuno Borges,R,185.0,27.6,22.0,2043.0,34.0,1446.0
2719,Francisco Cerundolo,R,185.0,26.2,7-6(5) 6-3,Paris Masters,88.0,Quentin Halys,R,191.0,28.0,29.0,1570.0,90.0,653.0
2720,Tomas Martin Etcheverry,R,196.0,25.2,6-3 7-6(6),Paris Masters,96.0,Zhizhen Zhang,R,193.0,28.0,40.0,1310.0,47.0,1145.0
2722,Alex Michelsen,R,193.0,20.1,6-1 6-3,Paris Masters,51.0,Hubert Hurkacz,R,196.0,27.7,44.0,1220.0,14.0,2810.0
2723,Giovanni Mpetshi Perricard,R,203.0,21.3,6-7(5) 7-6(4) 6-3,Paris Masters,121.0,Frances Tiafoe,R,188.0,26.7,31.0,1519.0,17.0,2585.0
2724,Karen Khachanov,R,198.0,28.4,6-4 3-6 7-6(6),Paris Masters,142.0,Christopher Oconnell,R,183.0,30.4,21.0,2225.0,71.0,755.0
2725,Alexei Popyrin,R,196.0,25.2,7-5 7-6(2),Paris Masters,116.0,Matteo Berrettini,R,196.0,28.5,24.0,1775.0,36.0,1370.0
2726,Jordan Thompson,R,183.0,30.5,6-4 6-4,Paris Masters,106.0,Pedro Martinez,R,185.0,27.5,28.0,1571.0,41.0,1270.0
2727,Zizou Bergs,R,185.0,25.4,6-3 6-4,Paris Masters,80.0,Richard Gasquet,R,183.0,38.3,65.0,833.0,133.0,452.0
2728,Adrian Mannarino,L,180.0,36.3,6-3 7-5,Paris Masters,102.0,Tommy Paul,R,185.0,27.4,58.0,929.0,12.0,3180.0
2729,Ugo Humbert,L,188.0,26.3,6-3 4-6 6-4,Paris Masters,124.0,Brandon Nakashima,R,188.0,23.2,18.0,2385.0,35.0,1375.0
2730,Marcos Giron,R,180.0,31.2,7-6(6) 7-6(6),Paris Masters,125.0,Juncheng Shang,L,180.0,19.7,49.0,1105.0,51.0,1075.0
2731,Nicolas Jarry,R,201.0,29.0,7-6(4) 6-3,Paris Masters,100.0,Lorenzo Sonego,R,191.0,29.4,37.0,1365.0,52.0,1022.0
2732,Denis Shapovalov,L,185.0,25.5,6-4 6-4,Belgrade,74.0,Hamad Medjedovic,R,188.0,21.3,78.0,718.0,156.0,378.0
2733,Hamad Medjedovic,R,188.0,21.3,6-2 3-6 7-6(2),Belgrade,147.0,Laslo Djere,R,188.0,29.4,156.0,378.0,141.0,419.0
2734,Denis Shapovalov,L,185.0,25.5,6-2 6-1,Belgrade,56.0,Jiri Lehecka,R,185.0,22.9,78.0,718.0,31.0,1560.0
2735,Laslo Djere,R,188.0,29.4,6-4 6-2,Belgrade,68.0,Fabian Marozsan,R,193.0,25.0,141.0,419.0,59.0,930.0
2736,Hamad Medjedovic,R,188.0,21.3,6-4 6-2,Belgrade,73.0,Francisco Cerundolo,R,185.0,26.2,156.0,378.0,29.0,1580.0
2737,Jiri Lehecka,R,185.0,22.9,3-6 7-6(3) 6-3,Belgrade,120.0,Lukas Klein,R,193.0,26.6,31.0,1560.0,153.0,380.0
2738,Denis Shapovalov,L,185.0,25.5,6-2 6-2,Belgrade,71.0,Christopher Oconnell,R,183.0,30.4,78.0,718.0,71.0,765.0
2739,Laslo Djere,R,188.0,29.4,6-1 7-6(8),Belgrade,85.0,Duje Ajdukovic,R,188.0,23.7,141.0,419.0,115.0,506.0
2740,Fabian Marozsan,R,193.0,25.0,6-3 7-5,Belgrade,73.0,Dusan Lajovic,R,183.0,34.3,59.0,930.0,86.0,685.0
2741,Francisco Cerundolo,R,185.0,26.2,6-4 6-4,Belgrade,91.0,Roman Safiullin,R,185.0,27.2,29.0,1580.0,60.0,898.0
2742,Hamad Medjedovic,R,188.0,21.3,7-6(5) 6-4,Belgrade,80.0,Aleksandar Kovacevic,R,183.0,26.1,156.0,378.0,101.0,607.0
2743,Lukas Klein,R,193.0,26.6,6-4 7-6(6),Belgrade,106.0,Tomas Martin Etcheverry,R,196.0,25.3,153.0,380.0,39.0,1315.0
2744,Jiri Lehecka,R,185.0,22.9,6-4 7-6(4),Belgrade,103.0,Marin Cilic,R,198.0,36.1,31.0,1560.0,196.0,298.0
2745,Christopher Oconnell,R,183.0,30.4,6-3 6-1,Belgrade,78.0,Daniel Altmaier,R,188.0,26.1,71.0,765.0,93.0,625.0
2746,Denis Shapovalov,L,185.0,25.5,6-2 6-4,Belgrade,64.0,Nuno Borges,R,185.0,27.7,78.0,718.0,33.0,1446.0
2747,Laslo Djere,R,188.0,29.4,6-4 6-4,Belgrade,83.0,Stan Wawrinka,R,183.0,39.6,141.0,419.0,148.0,391.0
2748,Fabian Marozsan,R,193.0,25.0,2-6 7-6(5) 7-5,Belgrade,127.0,Juncheng Shang,L,180.0,19.7,59.0,930.0,50.0,1115.0
2749,Dusan Lajovic,R,183.0,34.3,6-0 7-6(3),Belgrade,84.0,Mariano Navone,R,178.0,23.6,86.0,685.0,45.0,1198.0
2750,Roman Safiullin,R,185.0,27.2,6-3 6-3,Belgrade,74.0,Fabio Fognini,R,178.0,37.4,60.0,898.0,74.0,745.0
2751,Aleksandar Kovacevic,R,183.0,26.1,6-2 6-2,Belgrade,62.0,Branko Djuric,R,188.0,19.7,101.0,607.0,781.0,30.0
2752,Hamad Medjedovic,R,188.0,21.3,3-6 7-5 6-3,Belgrade,119.0,Brandon Nakashima,R,188.0,23.2,156.0,378.0,37.0,1350.0
2753,Tomas Martin Etcheverry,R,196.0,25.3,6-3 6-4,Belgrade,84.0,Pavel Kotov,R,191.0,25.9,39.0,1315.0,75.0,745.0
2754,Lukas Klein,R,193.0,26.6,6-4 6-2,Belgrade,77.0,James Duckworth,R,183.0,32.7,153.0,380.0,77.0,731.0
2755,Marin Cilic,R,198.0,36.1,7-6(2) 6-3,Belgrade,93.0,Alexandre Muller,R,183.0,27.7,196.0,298.0,68.0,790.0
2756,Daniel Altmaier,R,188.0,26.1,7-6(1) 6-3,Belgrade,76.0,Luciano Darderi,R,183.0,22.7,93.0,625.0,43.0,1248.0
2757,Christopher Oconnell,R,183.0,30.4,6-1 6-1,Belgrade,62.0,Miomir Kecmanovic,R,183.0,25.1,71.0,765.0,53.0,1021.0
2758,Denis Shapovalov,L,185.0,25.5,6-7(6) 7-5 6-1,Belgrade,156.0,Marton Fucsovics,R,188.0,32.7,78.0,718.0,91.0,629.0
2759,Benjamin Bonzi,R,183.0,28.4,7-6(6) 6-4,Metz,114.0,Cameron Norrie,L,188.0,29.2,124.0,473.0,57.0,962.0
2760,Cameron Norrie,L,188.0,29.2,6-2 7-6(5),Metz,92.0,Corentin Moutet,L,180.0,25.5,57.0,962.0,66.0,804.0
2761,Benjamin Bonzi,R,183.0,28.4,4-6 6-0 7-5,Metz,121.0,Alex Michelsen,R,193.0,20.1,124.0,473.0,44.0,1245.0
2763,Cameron Norrie,L,188.0,29.2,6-3 6-7(6) 6-1,Metz,128.0,Zizou Bergs,R,185.0,25.4,57.0,962.0,61.0,886.0
2764,Alex Michelsen,R,193.0,20.1,6-7(6) 6-2 6-4,Metz,142.0,Bu Yunchaokete,R,185.0,22.7,44.0,1245.0,72.0,749.0
2765,Benjamin Bonzi,R,183.0,28.4,6-3 7-6(1),Metz,78.0,Quentin Halys,R,191.0,28.0,124.0,473.0,84.0,693.0
2766,Andrey Rublev,R,188.0,27.0,7-6(3) 7-5,Metz,112.0,Lorenzo Sonego,R,191.0,29.4,9.0,3720.0,51.0,1046.0
2767,Corentin Moutet,L,180.0,25.5,7-6(2) 5-7 6-3,Metz,154.0,Jan Lennard Struff,R,193.0,34.5,66.0,804.0,40.0,1290.0
2768,Cameron Norrie,L,188.0,29.2,6-3 3-6 6-1,Metz,112.0,Luca Van Assche,R,178.0,20.4,57.0,962.0,112.0,509.0
2769,Zizou Bergs,R,185.0,25.4,6-4 7-5,Metz,78.0,Hugo Gaston,L,173.0,24.1,61.0,886.0,81.0,712.0
2770,Alex Michelsen,R,193.0,20.1,6-7(4) 7-6(3) 7-6(8),Metz,164.0,Richard Gasquet,R,183.0,38.3,44.0,1245.0,133.0,445.0
2771,Bu Yunchaokete,R,185.0,22.7,6-4 7-6(1),Metz,100.0,Jesper De Jong,R,180.0,24.4,72.0,749.0,109.0,541.0
2772,Quentin Halys,R,191.0,28.0,6-1 4-6 6-4,Metz,128.0,Pierre Hugues Herbert,R,188.0,33.6,84.0,693.0,127.0,471.0
2773,Benjamin Bonzi,R,183.0,28.4,6-4 6-4,Metz,77.0,Casper Ruud,R,183.0,25.8,124.0,473.0,7.0,3855.0
2774,Lorenzo Sonego,R,191.0,29.4,6-4 7-5,Metz,95.0,Gregoire Barrere,R,183.0,30.7,51.0,1046.0,166.0,362.0
2776,Jan Lennard Struff,R,193.0,34.5,3-6 6-4 6-4,Metz,101.0,Alexander Shevchenko,R,185.0,23.9,40.0,1290.0,64.0,840.0
2777,Cameron Norrie,L,188.0,29.2,3-6 6-4 6-3,Metz,136.0,Roberto Carballes Baena,R,183.0,31.6,57.0,962.0,56.0,981.0
2778,Zizou Bergs,R,185.0,25.4,6-4 6-4,Metz,82.0,Manuel Guinard,R,198.0,28.9,61.0,886.0,264.0,204.0
2779,Hugo Gaston,L,173.0,24.1,7-6(6) 4-6 6-3,Metz,122.0,Titouan Droguet,R,191.0,23.3,81.0,712.0,174.0,338.0
2780,Alex Michelsen,R,193.0,20.1,6-3 6-1,Metz,76.0,Harold Mayot,R,180.0,22.7,44.0,1245.0,107.0,567.0
2781,Richard Gasquet,R,183.0,38.3,4-6 6-4 7-6(6),Metz,139.0,Thiago Monteiro,L,183.0,30.4,133.0,445.0,100.0,609.0
2782,Bu Yunchaokete,R,185.0,22.7,7-6(4) 6-4,Metz,95.0,Adrian Mannarino,L,180.0,36.3,72.0,749.0,54.0,1019.0
2783,Pierre Hugues Herbert,R,188.0,33.6,6-3 3-6 7-6(4),Metz,151.0,Pedro Martinez,R,185.0,27.5,127.0,471.0,42.0,1270.0
2784,Quentin Halys,R,191.0,28.0,6-3 6-1,Metz,64.0,Theo Papamalamis,R,183.0,18.8,84.0,693.0,721.0,37.0
2785,Benjamin Bonzi,R,183.0,28.4,7-6(3) 6-3,Metz,98.0,Roberto Bautista Agut,R,183.0,36.5,124.0,473.0,47.0,1151.0
2786,Jannik Sinner,R,191.0,23.2,6-4 6-4,Tour Finals,84.0,Taylor Fritz,R,196.0,27.0,1.0,10330.0,5.0,4300.0
2787,Jannik Sinner,R,191.0,23.2,6-1 6-2,Tour Finals,69.0,Casper Ruud,R,183.0,25.8,1.0,10330.0,7.0,3855.0
2788,Taylor Fritz,R,196.0,27.0,6-3 3-6 7-6(3),Tour Finals,141.0,Alexander Zverev,R,198.0,27.5,5.0,4300.0,2.0,7315.0
2789,Jannik Sinner,R,191.0,23.2,6-3 6-4,Tour Finals,73.0,Daniil Medvedev,R,198.0,28.7,1.0,10330.0,4.0,4830.0
2790,Jannik Sinner,R,191.0,23.2,6-4 6-4,Tour Finals,100.0,Taylor Fritz,R,196.0,27.0,1.0,10330.0,5.0,4300.0
2791,Jannik Sinner,R,191.0,23.2,6-3 6-4,Tour Finals,85.0,Alex De Minaur,R,183.0,25.7,1.0,10330.0,9.0,3745.0
2792,Taylor Fritz,R,196.0,27.0,6-4 6-3,Tour Finals,80.0,Daniil Medvedev,R,198.0,28.7,5.0,4300.0,4.0,4830.0
2793,Daniil Medvedev,R,198.0,28.7,6-2 6-4,Tour Finals,78.0,Alex De Minaur,R,183.0,25.7,4.0,4830.0,9.0,3745.0
2794,Taylor Fritz,R,196.0,27.0,5-7 6-4 6-3,Tour Finals,128.0,Alex De Minaur,R,183.0,25.7,5.0,4300.0,9.0,3745.0
2795,Alexander Zverev,R,198.0,27.5,7-6(5) 6-4,Tour Finals,117.0,Carlos Alcaraz,R,183.0,21.5,2.0,7315.0,3.0,6810.0
2796,Alexander Zverev,R,198.0,27.5,7-6(3) 6-3,Tour Finals,86.0,Casper Ruud,R,183.0,25.8,2.0,7315.0,7.0,3855.0
2797,Alexander Zverev,R,198.0,27.5,6-4 6-4,Tour Finals,72.0,Andrey Rublev,R,188.0,27.0,2.0,7315.0,8.0,3760.0
2798,Casper Ruud,R,183.0,25.8,6-1 7-5,Tour Finals,85.0,Carlos Alcaraz,R,183.0,21.5,7.0,3855.0,3.0,6810.0
2799,Carlos Alcaraz,R,183.0,21.5,6-3 7-6(8),Tour Finals,96.0,Andrey Rublev,R,188.0,27.0,3.0,6810.0,8.0,3760.0
2800,Casper Ruud,R,183.0,25.8,6-4 5-7 6-2,Tour Finals,104.0,Andrey Rublev,R,188.0,27.0,7.0,3855.0,8.0,3760.0
2801,Joao Fonseca,R,185.0,18.3,2-4 4-3(8) 4-0 4-2,Next Gen Finals,87.0,Learner Tien,L,180.0,19.0,145.0,409.0,122.0,493.0
2802,Joao Fonseca,R,185.0,18.3,4-2 4-2 4-1,Next Gen Finals,60.0,Luca Van Assche,R,178.0,20.5,145.0,409.0,128.0,471.0
2803,Learner Tien,L,180.0,19.0,2-4 4-2 1-4 4-0 4-1,Next Gen Finals,95.0,Alex Michelsen,R,193.0,20.3,122.0,493.0,41.0,1245.0
2804,Arthur Fils,R,185.0,20.5,4-2 4-3(4) 4-2,Next Gen Finals,77.0,Jakub Mensik,R,193.0,19.2,20.0,2355.0,48.0,1136.0
2805,Learner Tien,L,180.0,19.0,4-2 4-2 3-4(4) 4-3(5),Next Gen Finals,102.0,Arthur Fils,R,185.0,20.5,122.0,493.0,20.0,2355.0
2806,Joao Fonseca,R,185.0,18.3,3-4(9) 4-2 4-1 1-4 4-1,Next Gen Finals,110.0,Arthur Fils,R,185.0,20.5,145.0,409.0,20.0,2355.0
2807,Learner Tien,L,180.0,19.0,4-3(6) 4-3(3) 2-4 2-4 4-3(8),Next Gen Finals,137.0,Jakub Mensik,R,193.0,19.2,122.0,493.0,48.0,1136.0
2808,Joao Fonseca,R,185.0,18.3,3-4(4) 4-3(8) 4-3(5) 3-4(4) 4-3(5),Next Gen Finals,131.0,Jakub Mensik,R,193.0,19.2,145.0,409.0,48.0,1136.0
2809,Joao Fonseca,R,185.0,18.3,4-0 4-0 1-4 4-2,Next Gen Finals,67.0,Learner Tien,L,180.0,19.0,145.0,409.0,122.0,493.0
2811,Alex Michelsen,R,193.0,20.3,1-4 4-2 4-3(6) 4-3(5),Next Gen Finals,102.0,Luca Van Assche,R,178.0,20.5,41.0,1245.0,128.0,471.0
2812,Alex Michelsen,R,193.0,20.3,2-4 4-3(5) 4-3(4) 4-2,Next Gen Finals,112.0,Nishesh Basavareddy,R,180.0,19.6,41.0,1245.0,138.0,440.0
2813,Luca Van Assche,R,178.0,20.5,4-3(3) 2-4 4-1 4-3(5),Next Gen Finals,116.0,Juncheng Shang,L,180.0,19.8,128.0,471.0,50.0,1115.0
2814,Nishesh Basavareddy,R,180.0,19.6,3-4(4) 4-2 4-2 4-1,Next Gen Finals,93.0,Juncheng Shang,L,180.0,19.8,138.0,440.0,50.0,1115.0
2815,Luca Van Assche,R,178.0,20.5,3-4(2) 4-3(7) 4-2 4-2,Next Gen Finals,120.0,Nishesh Basavareddy,R,180.0,19.6,128.0,471.0,138.0,440.0
2816,Joao Fonseca,R,185.0,18.0,6-3 6-7(2) 6-3,Davis Cup Finals RR: BEL vs BRA,111.0,Raphael Collignon,R,191.0,22.6,158.0,374.0,194.0,309.0
2817,Thiago Monteiro,L,183.0,30.2,4-6 7-6(5) 7-5,Davis Cup Finals RR: BEL vs BRA,164.0,Zizou Bergs,R,185.0,25.2,76.0,720.0,72.0,747.0
2818,Matteo Berrettini,R,196.0,28.4,3-6 6-2 7-5,Davis Cup Finals RR: ITA vs BEL,118.0,Alexander Blockx,R,191.0,19.4,43.0,1165.0,253.0,224.0
2819,Zizou Bergs,R,185.0,25.2,6-3 6-7(5) 6-0,Davis Cup Finals RR: ITA vs BEL,147.0,Flavio Cobolli,R,183.0,22.3,72.0,747.0,32.0,1482.0
2820,Matteo Berrettini,R,196.0,28.4,6-1 7-6(5),Davis Cup Finals RR: ITA vs BRA,82.0,Joao Fonseca,R,185.0,18.0,43.0,1165.0,158.0,374.0
2821,Matteo Arnaldi,R,185.0,23.5,7-5 6-7(4) 7-6(5),Davis Cup Finals RR: ITA vs BRA,219.0,Thiago Monteiro,L,183.0,30.2,33.0,1390.0,76.0,720.0
2822,Matteo Berrettini,R,196.0,28.4,3-6 6-4 6-4,Davis Cup Finals RR: ITA vs NED,142.0,Botic Van De Zandschulp,R,191.0,28.9,43.0,1165.0,68.0,794.0
2823,Flavio Cobolli,R,183.0,22.3,7-6(4) 4-6 6-3,Davis Cup Finals RR: ITA vs NED,127.0,Tallon Griekspoor,R,188.0,28.1,32.0,1482.0,39.0,1300.0
2824,Botic Van De Zandschulp,R,191.0,28.9,7-5 7-6(6),Davis Cup Finals RR: NED vs BEL,119.0,Raphael Collignon,R,191.0,22.6,68.0,794.0,194.0,309.0
2825,Zizou Bergs,R,185.0,25.2,6-2 6-7(2) 6-3,Davis Cup Finals RR: NED vs BEL,132.0,Tallon Griekspoor,R,188.0,28.1,72.0,747.0,39.0,1300.0
2826,Joao Fonseca,R,185.0,18.0,6-4 7-6(3),Davis Cup Finals RR: NED vs BRA,92.0,Botic Van De Zandschulp,R,191.0,28.9,158.0,374.0,68.0,794.0
2827,Tallon Griekspoor,R,188.0,28.1,7-6(2) 6-4,Davis Cup Finals RR: NED vs BRA,88.0,Thiago Monteiro,L,183.0,30.2,39.0,1300.0,76.0,720.0
2828,Thanasi Kokkinakis,R,193.0,28.4,6-2 6-7(2) 6-3,Davis Cup Finals RR: AUS vs CZE,141.0,Jakub Mensik,R,193.0,19.0,78.0,712.0,67.0,797.0
2830,Pablo Carreno Busta,R,188.0,33.1,2-6 6-2 7-6(3),Davis Cup Finals RR: AUS vs ESP,156.0,Jordan Thompson,R,183.0,30.3,207.0,287.0,29.0,1566.0
2831,Alexei Popyrin,R,196.0,25.0,6-4 6-4,Davis Cup Finals RR: AUS vs ESP,89.0,Pedro Martinez,R,185.0,27.3,24.0,1825.0,42.0,1167.0
2832,Thanasi Kokkinakis,R,193.0,28.4,7-6(4) 7-6(3),Davis Cup Finals RR: AUS vs FRA,128.0,Arthur Fils,R,185.0,20.2,78.0,712.0,25.0,1775.0
2833,Ugo Humbert,L,188.0,26.2,6-3 6-2,Davis Cup Finals RR: AUS vs FRA,71.0,Alexei Popyrin,R,196.0,25.0,18.0,2370.0,24.0,1825.0
2834,Roberto Bautista Agut,R,183.0,36.4,7-6(1) 6-4,Davis Cup Finals RR: CZE vs ESP,108.0,Jiri Lehecka,R,185.0,22.8,62.0,841.0,37.0,1345.0
2836,Jakub Mensik,R,193.0,19.0,2-6 6-3 7-5,Davis Cup Finals RR: CZE vs FRA,122.0,Arthur Rinderknech,R,196.0,29.1,67.0,797.0,58.0,875.0
2837,Arthur Fils,R,185.0,20.2,6-7(5) 7-5 6-4,Davis Cup Finals RR: CZE vs FRA,139.0,Jiri Lehecka,R,185.0,22.8,25.0,1775.0,37.0,1345.0
2838,Roberto Bautista Agut,R,183.0,36.4,2-6 7-5 6-3,Davis Cup Finals RR: FRA vs ESP,174.0,Arthur Fils,R,185.0,20.2,62.0,841.0,25.0,1775.0
2839,Carlos Alcaraz,R,183.0,21.3,6-3 6-3,Davis Cup Finals RR: FRA vs ESP,80.0,Ugo Humbert,L,188.0,26.2,3.0,6690.0,18.0,2370.0
2840,Maximilian Marterer,L,188.0,29.2,6-1 6-3,Davis Cup Finals RR: GER vs CHI,84.0,Tomas Barrios Vera,R,191.0,26.7,104.0,543.0,162.0,370.0
2841,Yannick Hanfmann,R,193.0,32.8,7-5 6-4,Davis Cup Finals RR: GER vs CHI,98.0,Alejandro Tabilo,L,188.0,27.2,96.0,594.0,22.0,1963.0
2842,Maximilian Marterer,L,188.0,29.2,6-4 7-5,Davis Cup Finals RR: GER vs SVK,91.0,Lukas Klein,R,193.0,26.4,104.0,543.0,127.0,468.0
2843,Yannick Hanfmann,R,193.0,32.8,3-6 6-3 7-6(3),Davis Cup Finals RR: GER vs SVK,135.0,Jozef Kovalik,R,183.0,31.8,96.0,594.0,113.0,511.0
2844,Reilly Opelka,R,211.0,27.0,6-7(4) 7-6(9) 6-3,Davis Cup Finals RR: GER vs USA,142.0,Henri Squire,R,196.0,23.9,309.0,167.0,187.0,314.0
2845,Brandon Nakashima,R,188.0,23.1,6-4 6-2,Davis Cup Finals RR: GER vs USA,86.0,Maximilian Marterer,L,188.0,29.2,40.0,1295.0,104.0,543.0
2846,Cristian Garin,R,185.0,28.2,2-6 6-1 6-2,Davis Cup Finals RR: SVK vs CHI,95.0,Norbert Gombos,R,193.0,34.0,115.0,508.0,408.0,114.0
2847,Jozef Kovalik,R,183.0,31.8,6-4 6-7(5) 6-1,Davis Cup Finals RR: SVK vs CHI,123.0,Alejandro Tabilo,L,188.0,27.2,113.0,511.0,22.0,1963.0
2848,Reilly Opelka,R,211.0,27.0,6-3 4-6 7-6(3),Davis Cup Finals RR: USA vs CHI,146.0,Cristian Garin,R,185.0,28.2,309.0,167.0,115.0,508.0
2849,Brandon Nakashima,R,188.0,23.1,7-6(5) 2-6 7-6(3),Davis Cup Finals RR: USA vs CHI,164.0,Alejandro Tabilo,L,188.0,27.2,40.0,1295.0,22.0,1963.0
2850,Mackenzie Mcdonald,R,178.0,29.4,6-4 6-3,Davis Cup Finals RR: USA vs SVK,76.0,Lukas Klein,R,193.0,26.4,149.0,387.0,127.0,468.0
2851,Brandon Nakashima,R,188.0,23.1,6-3 6-3,Davis Cup Finals RR: USA vs SVK,74.0,Jozef Kovalik,R,183.0,31.8,40.0,1295.0,113.0,511.0
2852,Denis Shapovalov,L,185.0,25.4,7-5 6-3,Davis Cup Finals RR: CAN vs ARG,96.0,Francisco Cerundolo,R,185.0,26.0,100.0,560.0,31.0,1500.0
2853,Felix Auger Aliassime,R,193.0,24.0,6-3 6-3,Davis Cup Finals RR: CAN vs ARG,86.0,Sebastian Baez,R,170.0,23.6,21.0,2170.0,26.0,1760.0
2854,Denis Shapovalov,L,185.0,25.4,7-6(2) 6-2,Davis Cup Finals RR: CAN vs FIN,74.0,Eero Vasa,R,185.0,27.6,100.0,560.0,703.0,39.0
2855,Felix Auger Aliassime,R,193.0,24.0,6-2 6-3,Davis Cup Finals RR: CAN vs FIN,71.0,Otto Virtanen,R,193.0,23.2,21.0,2170.0,109.0,521.0
2856,Denis Shapovalov,L,185.0,25.4,6-0 7-5,Davis Cup Finals RR: CAN vs GBR,81.0,Daniel Evans,R,175.0,34.2,100.0,560.0,178.0,334.0
2857,Felix Auger Aliassime,R,193.0,24.0,7-6(8) 7-5,Davis Cup Finals RR: CAN vs GBR,125.0,Jack Draper,L,193.0,22.7,21.0,2170.0,20.0,2315.0
2858,Tomas Martin Etcheverry,R,196.0,25.1,7-6(5) 6-3,Davis Cup Finals RR: FIN vs ARG,111.0,Eero Vasa,R,185.0,27.6,34.0,1390.0,703.0,39.0
2859,Francisco Cerundolo,R,185.0,26.0,6-7(4) 6-1 6-0,Davis Cup Finals RR: FIN vs ARG,105.0,Otto Virtanen,R,193.0,23.2,31.0,1500.0,109.0,521.0
2860,Daniel Evans,R,175.0,34.2,7-6(3) 6-2,Davis Cup Finals RR: FIN vs GBR,98.0,Eero Vasa,R,185.0,27.6,178.0,334.0,703.0,39.0
2861,Billy Harris,R,193.0,29.6,6-4 7-6(4),Davis Cup Finals RR: FIN vs GBR,102.0,Otto Virtanen,R,193.0,23.2,101.0,552.0,109.0,521.0
2862,Tomas Martin Etcheverry,R,196.0,25.1,6-2 7-5,Davis Cup Finals RR: GBR vs ARG,126.0,Daniel Evans,R,175.0,34.2,34.0,1390.0,178.0,334.0
2863,Francisco Cerundolo,R,185.0,26.0,7-6(4) 7-5,Davis Cup Finals RR: GBR vs ARG,129.0,Jack Draper,L,193.0,22.7,31.0,1500.0,20.0,2315.0
2864,Daniel Altmaier,R,188.0,26.1,7-6(5) 6-4,Davis Cup Finals QF: GER vs CAN,117.0,Gabriel Diallo,R,203.0,23.1,88.0,640.0,86.0,643.0
2865,Jan Lennard Struff,R,193.0,34.5,4-6 7-5 7-6(5),Davis Cup Finals QF: GER vs CAN,127.0,Denis Shapovalov,L,185.0,25.5,43.0,1240.0,56.0,981.0
2866,Botic Van De Zandschulp,R,191.0,29.1,6-4 6-7(12) 6-3,Davis Cup Finals SF: GER vs NED,162.0,Daniel Altmaier,R,188.0,26.1,80.0,712.0,88.0,640.0
2867,Tallon Griekspoor,R,188.0,28.3,6-7(4) 7-5 6-4,Davis Cup Finals SF: GER vs NED,121.0,Jan Lennard Struff,R,193.0,34.5,40.0,1280.0,43.0,1240.0
2868,Francisco Cerundolo,R,185.0,26.2,6-4 6-1,Davis Cup Finals QF: ITA vs ARG,90.0,Lorenzo Musetti,R,185.0,22.7,30.0,1620.0,17.0,2600.0
2869,Jannik Sinner,R,191.0,23.2,6-2 6-1,Davis Cup Finals QF: ITA vs ARG,72.0,Sebastian Baez,R,170.0,23.8,1.0,11830.0,27.0,1690.0
2870,Matteo Berrettini,R,196.0,28.6,6-7(6) 6-3 7-5,Davis Cup Finals SF: ITA vs AUS,163.0,Thanasi Kokkinakis,R,193.0,28.6,35.0,1380.0,77.0,716.0
2871,Jannik Sinner,R,191.0,23.2,6-3 6-4,Davis Cup Finals SF: ITA vs AUS,88.0,Alex De Minaur,R,183.0,25.7,1.0,11830.0,9.0,3745.0
2872,Matteo Berrettini,R,196.0,28.6,6-4 6-2,Davis Cup Finals F: ITA vs NED,76.0,Botic Van De Zandschulp,R,191.0,29.1,35.0,1380.0,80.0,712.0
2873,Jannik Sinner,R,191.0,23.2,7-6(2) 6-2,Davis Cup Finals F: ITA vs NED,91.0,Tallon Griekspoor,R,188.0,28.3,1.0,11830.0,40.0,1280.0
2874,Botic Van De Zandschulp,R,191.0,29.1,6-4 6-4,Davis Cup Finals QF: NED vs ESP,113.0,Rafael Nadal,L,185.0,38.4,80.0,712.0,154.0,380.0
2875,Carlos Alcaraz,R,183.0,21.5,7-6(0) 6-3,Davis Cup Finals QF: NED vs ESP,85.0,Tallon Griekspoor,R,188.0,28.3,3.0,7010.0,40.0,1280.0
2876,Thanasi Kokkinakis,R,193.0,28.6,6-1 4-6 7-6(14),Davis Cup Finals QF: USA vs AUS,137.0,Ben Shelton,L,193.0,22.1,77.0,716.0,21.0,2330.0
2877,Taylor Fritz,R,196.0,27.0,6-3 6-4,Davis Cup Finals QF: USA vs AUS,69.0,Alex De Minaur,R,183.0,25.7,4.0,5100.0,9.0,3745.0
2878,Francisco Cerundolo,R,185.0,25.4,7-5 6-2,Davis Cup QLS R1: ARG vs KAZ,97.0,Dmitry Popko,R,191.0,27.2,22.0,1720.0,338.0,150.0
2879,Timofey Skatov,R,175.0,23.0,6-4 7-5,Davis Cup QLS R1: ARG vs KAZ,142.0,Tomas Martin Etcheverry,R,196.0,24.5,278.0,205.0,28.0,1430.0
2880,Timofey Skatov,R,175.0,23.0,7-6(1) 6-4,Davis Cup QLS R1: ARG vs KAZ,123.0,Francisco Cerundolo,R,185.0,25.4,278.0,205.0,22.0,1720.0
2881,Sebastian Baez,R,170.0,23.0,6-4 3-6 7-6(6),Davis Cup QLS R1: ARG vs KAZ,168.0,Dmitry Popko,R,191.0,27.2,25.0,1525.0,338.0,150.0
2882,Gabriel Diallo,R,203.0,22.3,6-4 6-4,Davis Cup QLS R1: CAN vs KOR,102.0,Soon Woo Kwon,R,180.0,26.1,132.0,498.0,700.0,40.0
2883,Vasek Pospisil,R,193.0,33.6,6-4 6-3,Davis Cup QLS R1: CAN vs KOR,108.0,Seong Chan Hong,R,175.0,26.5,486.0,84.0,224.0,273.0
2884,Gabriel Diallo,R,203.0,22.3,7-5 4-6 6-1,Davis Cup QLS R1: CAN vs KOR,153.0,Seong Chan Hong,R,175.0,26.5,132.0,498.0,224.0,273.0
2885,Alejandro Tabilo,L,188.0,26.6,4-6 6-2 6-1,Davis Cup QLS R1: CHI vs PER,107.0,Juan Pablo Varillas,R,185.0,28.3,54.0,936.0,87.0,684.0
2886,Ignacio Buse,R,185.0,19.8,6-2 2-6 6-3,Davis Cup QLS R1: CHI vs PER,125.0,Nicolas Jarry,R,201.0,28.3,438.0,98.0,20.0,1810.0
2887,Nicolas Jarry,R,201.0,28.3,6-2 6-4,Davis Cup QLS R1: CHI vs PER,96.0,Juan Pablo Varillas,R,185.0,28.3,20.0,1810.0,87.0,684.0
2888,Alejandro Tabilo,L,188.0,26.6,2-6 6-3 6-2,Davis Cup QLS R1: CHI vs PER,104.0,Ignacio Buse,R,185.0,19.8,54.0,936.0,438.0,98.0
2889,Zizou Bergs,R,185.0,24.6,6-4 4-6 6-4,Davis Cup QLS R1: CRO vs BEL,160.0,Marin Cilic,R,198.0,35.3,131.0,499.0,1044.0,10.0
2890,Duje Ajdukovic,R,188.0,22.9,6-1 6-4,Davis Cup QLS R1: CRO vs BEL,79.0,Joris De Loore,R,191.0,30.7,125.0,510.0,192.0,317.0
2891,Zizou Bergs,R,185.0,24.6,6-1 7-5,Davis Cup QLS R1: CRO vs BEL,95.0,Duje Ajdukovic,R,188.0,22.9,131.0,499.0,125.0,510.0
2892,Jakub Mensik,R,193.0,18.4,6-1 7-6(4),Davis Cup QLS R1: CZE vs ISR,94.0,Yshai Oliel,L,188.0,24.0,127.0,506.0,415.0,109.0
2894,Vit Kopriva,R,178.0,26.6,3-6 6-3 [11-9],Davis Cup QLS R1: CZE vs ISR,93.0,Orel Kimhi,R,173.0,20.4,115.0,546.0,456.0,93.0
2895,Otto Virtanen,R,193.0,22.6,6-2 6-1,Davis Cup QLS R1: FIN vs POR,60.0,Nuno Borges,R,185.0,26.9,166.0,370.0,47.0,1004.0
2896,Emil Ruusuvuori,R,188.0,24.8,6-2 6-3,Davis Cup QLS R1: FIN vs POR,68.0,Joao Sousa,R,185.0,34.8,55.0,926.0,245.0,245.0
2897,Henrique Rocha,R,180.0,19.8,6-4 7-5,Davis Cup QLS R1: FIN vs POR,87.0,Eero Vasa,R,185.0,26.9,243.0,247.0,1005.0,12.0
2898,Dominik Koepfer,L,180.0,29.7,6-2 7-6(4),Davis Cup QLS R1: HUN vs GER,91.0,Fabian Marozsan,R,193.0,24.3,60.0,868.0,57.0,896.0
2899,Marton Fucsovics,R,188.0,31.9,6-3 7-5,Davis Cup QLS R1: HUN vs GER,99.0,Jan Lennard Struff,R,193.0,33.7,82.0,702.0,24.0,1526.0
2900,Jan Lennard Struff,R,193.0,33.7,6-3 6-2,Davis Cup QLS R1: HUN vs GER,59.0,Mate Valkusz,R,183.0,25.4,24.0,1526.0,213.0,290.0
2902,Tallon Griekspoor,R,188.0,27.5,7-6(3) 7-6(3),Davis Cup QLS R1: NED vs SUI,110.0,Marc Andrea Huesler,L,196.0,27.5,29.0,1420.0,199.0,311.0
2903,Leandro Riedi,R,191.0,22.0,6-4 7-6(3),Davis Cup QLS R1: NED vs SUI,101.0,Botic Van De Zandschulp,R,191.0,28.3,175.0,352.0,63.0,855.0
2904,Tallon Griekspoor,R,188.0,27.5,7-6(6) 7-6(3),Davis Cup QLS R1: NED vs SUI,103.0,Leandro Riedi,R,191.0,22.0,29.0,1420.0,175.0,352.0
2905,Botic Van De Zandschulp,R,191.0,28.3,5-7 7-6(5) 6-3,Davis Cup QLS R1: NED vs SUI,149.0,Marc Andrea Huesler,L,196.0,27.5,63.0,855.0,199.0,311.0
2906,Lukas Klein,R,193.0,25.8,7-6(2) 6-2,Davis Cup QLS R1: SRB vs SVK,89.0,Miomir Kecmanovic,R,183.0,24.4,142.0,464.0,41.0,1080.0
2907,Alex Molcan,L,178.0,26.1,4-6 6-2 6-0,Davis Cup QLS R1: SRB vs SVK,115.0,Dusan Lajovic,R,183.0,33.5,122.0,518.0,53.0,939.0
2909,Thiago Monteiro,L,183.0,29.6,6-3 7-6(5),Davis Cup QLS R1: SWE vs BRA,110.0,Karl Friberg,R,191.0,24.8,119.0,535.0,364.0,134.0
2910,Elias Ymer,R,185.0,27.8,4-6 6-1 6-3,Davis Cup QLS R1: SWE vs BRA,107.0,Gustavo Heide,R,191.0,21.9,160.0,399.0,241.0,249.0
2911,Thiago Monteiro,L,183.0,29.6,4-6 6-4 6-2,Davis Cup QLS R1: SWE vs BRA,142.0,Elias Ymer,R,185.0,27.8,119.0,535.0,160.0,399.0
2912,Luca Van Assche,R,178.0,19.7,6-4 6-4,Davis Cup QLS R1: TPE vs FRA,95.0,Yu Hsiou Hsu,R,178.0,24.8,68.0,814.0,230.0,266.0
2913,Adrian Mannarino,L,180.0,35.5,6-3 7-5,Davis Cup QLS R1: TPE vs FRA,102.0,Tung Lin Wu,R,188.0,25.7,17.0,1920.0,238.0,255.0
2914,Quentin Halys,R,191.0,27.2,6-3 7-6(3),Davis Cup QLS R1: TPE vs FRA,83.0,Chun Hsin Tseng,R,175.0,22.4,100.0,615.0,305.0,177.0
2915,Sebastian Korda,R,196.0,23.5,6-3 6-7(3) 6-4,Davis Cup QLS R1: UKR vs USA,132.0,Oleksii Krutykh,R,185.0,23.8,33.0,1220.0,342.0,149.0
2917,Taylor Fritz,R,196.0,26.2,6-3 6-4,Davis Cup QLS R1: UKR vs USA,75.0,Vladyslav Orlov,R,188.0,28.7,9.0,3195.0,598.0,58.0
2956,Nerman Fatic,R,191.0,29.2,3-6 6-3 6-4,Davis Cup WG1 PO: BUL vs BIH,146.0,Dimitar Kuzmanov,R,183.0,30.5,204.0,301.0,225.0,269.0
2957,Damir Dzumhur,R,175.0,31.6,6-3 6-2,Davis Cup WG1 PO: BUL vs BIH,74.0,Yanaki Milev,R,180.0,19.7,147.0,427.0,550.0,68.0
2959,Chris Rodesch,R,198.0,22.5,7-6(3) 6-3,Davis Cup WG1 PO: COL vs LUX,110.0,Nicolas Mejia,R,183.0,23.9,648.0,50.0,411.0,111.0
2960,Alex Knaff,R,193.0,26.1,6-4 2-6 6-4,Davis Cup WG1 PO: COL vs LUX,125.0,Adria Soriano Barrera,R,191.0,24.6,500.0,80.0,593.0,59.0
2961,Nicolas Mejia,R,183.0,23.9,6-2 6-3,Davis Cup WG1 PO: COL vs LUX,82.0,Alex Knaff,R,193.0,26.1,411.0,111.0,500.0,80.0
2962,Adria Soriano Barrera,R,191.0,24.6,6-3 7-6(5),Davis Cup WG1 PO: COL vs LUX,107.0,Chris Rodesch,R,198.0,22.5,593.0,59.0,648.0,50.0
2963,Mohamed Safwat,R,180.0,33.3,4-6 7-6(6) 7-6(6),Davis Cup WG1 PO: EGY vs ECU,216.0,Alvaro Guillen Meza,R,175.0,21.0,358.0,138.0,312.0,173.0
2964,Amr Elsayed Abdou Ahmed Mohamed,R,185.0,24.9,7-5 6-3,Davis Cup WG1 PO: EGY vs ECU,93.0,Emilio Gomez,R,185.0,32.1,735.0,35.0,307.0,175.0
2966,Stefanos Tsitsipas,R,193.0,25.4,6-3 6-4,Davis Cup WG1 PO: GRE vs ROU,77.0,Marius Copil,R,191.0,33.2,10.0,3025.0,283.0,198.0
2969,Dominic Thiem,R,185.0,30.4,7-6(6) 6-3,Davis Cup WG1 PO: IRL vs AUT,106.0,Michael Agwi,R,193.0,20.4,90.0,664.0,935.0,16.0
2970,Sebastian Ofner,R,191.0,27.7,6-4 6-4,Davis Cup WG1 PO: IRL vs AUT,69.0,Osgar Ohoisin,R,193.0,27.4,40.0,1091.0,1015.0,12.0
2971,Lucas Miedler,R,183.0,27.6,6-3 3-6 [8-10],Davis Cup WG1 PO: IRL vs AUT,88.0,Michael Agwi,R,193.0,20.4,1071.0,9.0,935.0,16.0
2972,Yoshihito Nishioka,L,170.0,28.3,6-3 6-4,Davis Cup WG1 PO: LBN vs JPN,90.0,Hady Habib,R,188.0,25.4,84.0,695.0,304.0,179.0
2973,Benjamin Hassan,R,183.0,28.9,6-2 7-6(3),Davis Cup WG1 PO: LBN vs JPN,89.0,Yosuke Watanuki,R,180.0,25.7,152.0,419.0,113.0,550.0
2974,Yoshihito Nishioka,L,170.0,28.3,1-6 7-6(2) 6-4,Davis Cup WG1 PO: LBN vs JPN,130.0,Benjamin Hassan,R,183.0,28.9,84.0,695.0,152.0,419.0
2975,Saba Purtseladze,R,191.0,22.4,6-3 1-6 7-5,Davis Cup WG1 PO: LTU vs GEO,115.0,Vilius Gaubas,R,178.0,19.0,450.0,95.0,366.0,132.0
2976,Ricardas Berankis,R,175.0,33.6,6-2 6-2,Davis Cup WG1 PO: LTU vs GEO,91.0,Zura Tkemaladze,R,188.0,23.6,248.0,238.0,721.0,37.0
2977,Ricardas Berankis,R,175.0,33.6,7-6(5) 3-6 7-6(7),Davis Cup WG1 PO: LTU vs GEO,175.0,Saba Purtseladze,R,191.0,22.4,248.0,238.0,450.0,95.0
2978,Vilius Gaubas,R,178.0,19.0,7-5 6-3,Davis Cup WG1 PO: LTU vs GEO,109.0,Zura Tkemaladze,R,188.0,23.6,366.0,132.0,721.0,37.0
2979,Elmer Moller,R,183.0,20.5,5-7 6-2 6-2,Davis Cup WG1 PO: MEX vs DEN,138.0,Ernesto Escobedo,R,185.0,27.5,361.0,136.0,493.0,82.0
2980,Rodrigo Pacheco Mendez,L,188.0,18.7,7-6(5) 6-7(2) 6-3,Davis Cup WG1 PO: MEX vs DEN,141.0,August Holmgren,R,188.0,25.7,696.0,41.0,292.0,189.0
2981,August Holmgren,R,188.0,25.7,6-4 6-4,Davis Cup WG1 PO: MEX vs DEN,84.0,Ernesto Escobedo,R,185.0,27.5,292.0,189.0,493.0,82.0
2982,Viktor Durasovic,R,185.0,26.8,7-5 6-2,Davis Cup WG1 PO: NOR vs LAT,75.0,Robert Strombachs,R,191.0,24.3,413.0,110.0,346.0,146.0
2983,Casper Ruud,R,183.0,25.1,6-1 6-1,Davis Cup WG1 PO: NOR vs LAT,48.0,Martins Rocens,R,185.0,23.8,12.0,2965.0,1763.0,1.0
2985,Kiranpal Pannu,R,185.0,27.0,6-3 6-2,Davis Cup WG1 PO: NZL vs TUR,104.0,Cem Ilkel,R,185.0,28.4,716.0,37.0,284.0,198.0
2986,Yanki Erel,L,178.0,23.3,6-7(5) 6-2 6-4,Davis Cup WG1 PO: NZL vs TUR,125.0,Ajeet Rai,R,188.0,25.0,325.0,163.0,538.0,70.0
2987,Altug Celikbilek,R,183.0,27.3,6-3 6-2,Davis Cup WG1 PO: NZL vs TUR,116.0,Ajeet Rai,R,188.0,25.0,371.0,131.0,538.0,70.0
2991,Hubert Hurkacz,R,196.0,26.9,6-2 6-1,Davis Cup WG1 PO: UZB vs POL,70.0,Sergey Fomin,R,180.0,22.9,8.0,3540.0,665.0,47.0
2992,Maks Kasnikowski,R,180.0,20.5,6-3 6-1,Davis Cup WG1 PO: UZB vs POL,85.0,Khumoun Sultanov,R,180.0,25.2,271.0,214.0,330.0,156.0
2993,Kamil Majchrzak,R,180.0,28.0,6-1 6-1,Davis Cup WG1 PO: UZB vs POL,49.0,Maxim Shin,R,191.0,20.6,807.0,25.0,1469.0,3.0
2998,Franco Roncadelli,L,185.0,24.5,6-2 6-2,Davis Cup WG2 R1: BOL vs URU,104.0,Murkel Alejandro Dellien Velasco,R,193.0,26.9,366.0,136.0,183.0,324.0
2999,Franco Roncadelli,L,185.0,24.5,2-6 6-3 6-2,Davis Cup WG2 R1: BOL vs URU,130.0,Hugo Dellien,R,180.0,31.2,366.0,136.0,106.0,529.0
3004,Alan Fernando Rubio Fierros,R,175.0,25.5,7-6(3) 6-4,Davis Cup WG2 R1: GEO vs MEX,114.0,Saba Purtseladze,R,191.0,23.0,707.0,38.0,427.0,103.0
3005,Aleksandre Bakshi,L,180.0,27.1,7-6(2) 7-6(5),Davis Cup WG2 R1: GEO vs MEX,126.0,Rodrigo Pacheco Mendez,L,188.0,19.3,512.0,75.0,444.0,97.0
3007,Aleksandre Bakshi,L,180.0,27.1,6-3 7-6(5),Davis Cup WG2 R1: GEO vs MEX,86.0,Alan Fernando Rubio Fierros,R,175.0,25.5,512.0,75.0,707.0,38.0
3010,Coleman Wong,R,191.0,20.2,6-4 6-2,Davis Cup WG2 R1: HKG vs ECU,73.0,Andres Andrade,R,180.0,25.7,137.0,428.0,250.0,229.0
3012,Benjamin Hassan,R,183.0,29.5,6-4 6-2,Davis Cup WG2 R1: LBN vs RSA,75.0,Alec Beckley,R,183.0,23.2,195.0,305.0,641.0,48.0
3018,Alex Knaff,R,193.0,26.7,6-1 6-7(8) 7-5,Davis Cup WG2 R1: NZL vs LUX,170.0,Kiranpal Pannu,R,185.0,27.6,644.0,48.0,454.0,94.0
3019,Chris Rodesch,R,198.0,23.1,6-2 6-4,Davis Cup WG2 R1: NZL vs LUX,67.0,Ajeet Rai,R,188.0,25.6,507.0,77.0,498.0,81.0
3021,Alex Knaff,R,193.0,26.7,6-3 6-2,Davis Cup WG2 R1: NZL vs LUX,70.0,Jose Rubin Statham,R,180.0,37.3,644.0,48.0,837.0,23.0
3022,Cezar Cretu,R,188.0,23.3,3-6 6-4 7-6(4),Davis Cup WG2 R1: ROU vs CHN,186.0,Bu Yunchaokete,R,185.0,22.6,292.0,182.0,112.0,514.0
3023,Gabi Adrian Boitan,R,185.0,25.1,7-6(4) 6-2,Davis Cup WG2 R1: ROU vs CHN,100.0,Yi Zhou,R,193.0,19.4,364.0,136.0,527.0,72.0
3024,Bu Yunchaokete,R,185.0,22.6,6-3 7-6(3),Davis Cup WG2 R1: ROU vs CHN,101.0,Gabi Adrian Boitan,R,185.0,25.1,112.0,514.0,364.0,136.0
3025,Cezar Cretu,R,188.0,23.3,3-6 6-3 6-3,Davis Cup WG2 R1: ROU vs CHN,158.0,Rigele Te,R,188.0,26.9,292.0,182.0,636.0,48.0
3029,Michael Agwi,R,193.0,21.0,7-6(5) 6-3,Davis Cup WG2 R1: TUN vs IRL,89.0,Skander Mansouri,R,193.0,29.1,487.0,83.0,681.0,41.0
3031,Michael Agwi,R,193.0,21.0,6-3 6-4,Davis Cup WG2 R1: TUN vs IRL,98.0,Aziz Dougaz,L,188.0,27.4,487.0,83.0,228.0,252.0
3033,Mark Lajal,R,191.0,21.3,6-4 4-6 7-6(6),Davis Cup WG2 R1: UZB vs EST,164.0,Sergey Fomin,R,180.0,23.6,224.0,260.0,537.0,70.0
3034,Khumoun Sultanov,R,180.0,25.8,7-6(2) 6-4,Davis Cup WG2 R1: UZB vs EST,104.0,Kristjan Tamm,R,185.0,26.2,236.0,243.0,978.0,15.0
3035,Khumoun Sultanov,R,180.0,25.8,6-4 6-1,Davis Cup WG2 R1: UZB vs EST,74.0,Mark Lajal,R,191.0,21.3,236.0,243.0,224.0,260.0
3036,Juan Carlos Prado Angelo,R,185.0,18.8,6-3 6-2,Davis Cup WG2 PO: BOL vs THA,77.0,Maximus Jones,R,185.0,19.3,605.0,56.0,581.0,61.0
3037,Murkel Alejandro Dellien Velasco,R,193.0,26.3,6-1 6-1,Davis Cup WG2 PO: BOL vs THA,48.0,Wishaya Trongcharoenchaikul,R,193.0,28.8,288.0,192.0,780.0,29.0
3040,Yi Zhou,R,193.0,18.8,7-5 6-7(3) 6-3,Davis Cup WG2 PO: CHN vs SLO,128.0,Sebastian Dominko,L,203.0,20.7,877.0,20.0,1107.0,8.0
3041,Sebastian Dominko,L,203.0,20.7,6-3 6-4,Davis Cup WG2 PO: CHN vs SLO,59.0,Zhizhen Zhang,R,193.0,27.2,1107.0,8.0,50.0,951.0
3043,Yassine Dlimi,R,191.0,20.7,7-5 7-6(2),Davis Cup WG2 PO: CYP vs MAR,123.0,Petros Chrysochos,R,185.0,27.8,604.0,56.0,1410.0,3.0
3044,Elliot Benchetrit,R,193.0,25.3,6-3 6-2,Davis Cup WG2 PO: CYP vs MAR,78.0,Menelaos Efstathiou,R,183.0,24.9,614.0,55.0,1222.0,6.0
3052,Oliver Ojakaar,R,191.0,19.0,6-3 6-0,Davis Cup WG2 PO: IRI vs EST,100.0,Hamid Reza Nadaf,R,183.0,31.2,939.0,16.0,1588.0,2.0
3057,Blaise Bicknell,R,191.0,22.1,6-1 6-0,Davis Cup WG2 PO: JAM vs BAR,48.0,Darian King,R,188.0,31.7,319.0,169.0,547.0,68.0
3064,Fitriadi M Rifqi,R,175.0,25.0,6-2 6-3,Davis Cup WG2 PO: TOG vs INA,87.0,Thomas Yaka Kofi Setodji,R,183.0,28.2,569.0,64.0,819.0,24.0
3066,Moez Echargui,R,178.0,31.0,6-2 6-3,Davis Cup WG2 PO: TUN vs CRC,65.0,Jesse Flores,R,188.0,28.8,279.0,205.0,900.0,18.0
3068,Franco Roncadelli,L,185.0,23.9,4-6 6-1 6-1,Davis Cup WG2 PO: URU vs MDA,137.0,Ilya Snitari,R,188.0,21.8,616.0,55.0,740.0,34.0
3070,Radu Albot,R,175.0,34.2,6-3 6-1,Davis Cup WG2 PO: URU vs MDA,95.0,Franco Roncadelli,L,185.0,23.9,136.0,489.0,616.0,55.0
3074,Nam Hoang Ly,R,175.0,26.9,6-4 3-6 6-3,Davis Cup WG2 PO: VIE vs RSA,159.0,Kris Van Wyk,R,185.0,27.3,554.0,67.0,416.0,109.0
