,index,winner_name,winner_hand,winner_ht,winner_age,score,tourney_name,minutes,loser_name,loser_hand,loser_ht,loser_age,winner_rank,winner_rank_points,loser_rank,loser_rank_points
0,1,Iga Swiatek,R,176.0,22.5,4-6 6-1 6-1,United Cup,106.0,Caroline Garcia,R,177.0,30.2,1.0,9505.0,20.0,2330.0
1,7,Iga Swiatek,R,176.0,22.5,6-2 6-1,United Cup,88.0,Sara Sorribes Tormo,R,176.0,27.2,1.0,9505.0,53.0,1126.0
2,8,Iga Swiatek,R,176.0,22.5,6-2 6-2,United Cup,77.0,Beatriz Haddad Maia,L,185.0,27.5,1.0,9505.0,11.0,2940.0
3,9,Beatriz Haddad Maia,L,185.0,27.5,7-6(1) 6-2,United Cup,126.0,Sara Sorribes Tormo,R,176.0,27.2,11.0,2940.0,53.0,1126.0
4,10,Maria Sakkari,R,172.0,28.4,7-6(2) 6-3,United Cup,135.0,Leylah Fernandez,L,168.0,21.3,8.0,3785.0,34.0,1385.0
7,13,Katie Boulter,R,180.0,27.4,5-7 6-4 6-4,United Cup,164.0,Jessica Pegula,R,170.0,29.8,57.0,1075.0,5.0,6180.0
8,14,Jessica Pegula,R,170.0,29.8,7-6(6) 6-3,United Cup,113.0,Ajla Tomljanovic,R,180.0,30.6,5.0,6180.0,292.0,246.0
9,15,Katie Boulter,R,180.0,27.4,6-2 6-4,United Cup,93.0,Ajla Tomljanovic,R,180.0,30.6,57.0,1075.0,292.0,246.0
10,16,Caroline Garcia,R,177.0,30.2,6-4 5-7 6-4,United Cup,136.0,Jasmine Paolini,R,160.0,27.9,20.0,2330.0,29.0,1530.0
11,22,Donna Vekic,R,179.0,27.5,6-2 3-6 6-1,United Cup,112.0,Arantxa Rus,L,180.0,33.0,24.0,1905.0,51.0,1149.0
12,25,Elena Rybakina,R,184.0,24.5,6-0 6-3,Brisbane,73.0,Aryna Sabalenka,R,182.0,25.6,4.0,6366.0,2.0,9050.0
13,26,Aryna Sabalenka,R,182.0,25.6,6-2 6-4,Brisbane,89.0,Victoria Azarenka,R,180.0,34.4,2.0,9050.0,23.0,1916.0
14,28,Aryna Sabalenka,R,182.0,25.6,6-1 6-4,Brisbane,86.0,Daria Kasatkina,R,170.0,26.6,2.0,9050.0,18.0,2715.0
15,29,Victoria Azarenka,R,180.0,34.4,6-3 3-6 7-5,Brisbane,150.0,Jelena Ostapenko,R,177.0,26.5,23.0,1916.0,12.0,2830.0
16,32,Aryna Sabalenka,R,182.0,25.6,6-1 6-0,Brisbane,69.0,Lin Zhu,R,173.0,29.9,2.0,9050.0,33.0,1420.0
17,33,Daria Kasatkina,R,170.0,26.6,6-4 6-2,Brisbane,88.0,Magda Linette,R,171.0,31.8,18.0,2715.0,22.0,1921.0
18,34,Jelena Ostapenko,R,177.0,26.5,6-2 4-6 6-3,Brisbane,137.0,Karolina Pliskova,R,184.0,31.7,12.0,2830.0,39.0,1287.0
19,35,Victoria Azarenka,R,180.0,34.4,7-5 6-2,Brisbane,93.0,Clara Burel,R,176.0,22.7,23.0,1916.0,56.0,1081.0
20,38,Anastasia Potapova,R,175.0,22.7,7-5 6-7(7) 6-4,Brisbane,206.0,Veronika Kudermetova,R,175.0,26.6,28.0,1611.0,16.0,2720.0
21,39,Elena Rybakina,R,184.0,24.5,6-1 6-0,Brisbane,56.0,Elise Mertens,R,179.0,28.1,4.0,6366.0,30.0,1506.0
22,41,Lin Zhu,R,173.0,29.9,1-6 6-3 7-6(7),Brisbane,148.0,Danielle Collins,R,178.0,30.0,33.0,1420.0,54.0,1090.0
23,43,Daria Kasatkina,R,170.0,26.6,6-3 6-4,Brisbane,88.0,Marta Kostyuk,R,175.0,21.5,18.0,2715.0,38.0,1316.0
24,44,Jelena Ostapenko,R,177.0,26.5,6-1 6-4,Brisbane,79.0,Camila Giorgi,R,168.0,32.0,12.0,2830.0,55.0,1089.0
25,46,Clara Burel,R,176.0,22.7,6-4 6-1,Brisbane,81.0,Anhelina Kalinina,R,179.0,26.8,56.0,1081.0,27.0,1630.0
26,47,Victoria Azarenka,R,180.0,34.4,6-1 7-6(8),Brisbane,132.0,Anna Kalinskaya,R,175.0,25.0,23.0,1916.0,80.0,887.0
27,50,Arina Rodionova,R,168.0,34.0,7-5 7-6(7),Brisbane,145.0,Sofia Kenin,R,170.0,25.1,113.0,677.0,37.0,1334.0
28,52,Veronika Kudermetova,R,175.0,26.6,6-2 6-3,Brisbane,74.0,Anna Karolina Schmiedlova,R,176.0,29.3,16.0,2720.0,73.0,918.0
29,53,Anastasia Potapova,R,175.0,22.7,6-4 3-6 6-4,Brisbane,172.0,Daria Saville,R,166.0,29.8,28.0,1611.0,209.0,366.0
30,54,Elise Mertens,R,179.0,28.1,2-6 6-1 6-3,Brisbane,101.0,Sloane Stephens,R,170.0,30.7,30.0,1506.0,44.0,1200.0
31,59,Marta Kostyuk,R,175.0,21.5,4-6 6-3 6-3,Brisbane,124.0,Ana Bogdan,R,171.0,31.0,38.0,1316.0,66.0,956.0
32,63,Anna Kalinskaya,R,175.0,25.0,6-2 6-1,Brisbane,57.0,Bernarda Pera,L,175.0,29.0,80.0,887.0,69.0,943.0
33,66,Arina Rodionova,R,168.0,34.0,6-3 6-2,Brisbane,87.0,Martina Trevisan,L,160.0,30.1,113.0,677.0,46.0,1189.0
34,68,Anna Karolina Schmiedlova,R,176.0,29.3,3-6 6-4 6-2,Brisbane,145.0,Caroline Dolehide,R,178.0,25.3,73.0,918.0,45.0,1193.0
35,69,Daria Saville,R,166.0,29.8,6-0 6-4,Brisbane,90.0,Dayana Yastremska,R,175.0,23.6,209.0,366.0,98.0,767.0
36,70,Sloane Stephens,R,170.0,30.7,7-5 6-3,Brisbane,102.0,Katerina Siniakova,R,174.0,27.6,44.0,1200.0,50.0,1162.0
37,72,Coco Gauff,R,175.0,19.8,6-7(4) 6-3 6-3,Auckland,155.0,Elina Svitolina,R,174.0,29.3,3.0,6690.0,25.0,1809.0
38,78,Elina Svitolina,R,174.0,29.3,6-0 6-3,Auckland,65.0,Marie Bouzkova,R,180.0,25.4,25.0,1809.0,36.0,1353.0
39,82,Petra Martic,R,181.0,32.9,6-2 6-2,Auckland,74.0,Yue Yuan,R,184.0,25.2,41.0,1264.0,77.0,903.0
40,84,Diane Parry,R,170.0,21.3,2-6 6-4 6-1,Auckland,110.0,Lesia Tsurenko,R,174.0,34.5,76.0,904.0,32.0,1451.0
41,85,Marie Bouzkova,R,180.0,25.4,6-0 6-1,Auckland,52.0,Amanda Anisimova,R,180.0,22.3,36.0,1353.0,373.0,169.0
42,86,Elina Svitolina,R,174.0,29.3,6-7(5) 7-6(3) 6-1,Auckland,169.0,Emma Raducanu,R,175.0,21.1,25.0,1809.0,301.0,231.0
43,87,Coco Gauff,R,175.0,19.8,6-4 6-2,Auckland,82.0,Claire Liu,R,170.0,23.6,3.0,6690.0,95.0,797.0
44,93,Yue Yuan,R,184.0,25.2,7-6(1) 6-7(5) 6-1,Auckland,174.0,Kayla Day,L,173.0,24.2,77.0,903.0,89.0,825.0
45,94,Petra Martic,R,181.0,32.9,3-6 6-3 6-3,Auckland,136.0,Rebeka Masarova,R,186.0,24.4,41.0,1264.0,65.0,982.0
46,95,Xin Yu Wang,R,182.0,22.2,6-4 7-5,Auckland,103.0,Yulia Putintseva,R,163.0,28.9,35.0,1383.0,63.0,1002.0
47,98,Lesia Tsurenko,R,174.0,34.5,7-5 6-4,Auckland,88.0,Sachia Vickery,R,162.0,28.6,32.0,1451.0,143.0,537.0
48,99,Marie Bouzkova,R,180.0,25.4,6-0 3-6 6-4,Auckland,134.0,Magdalena Frech,R,171.0,26.0,36.0,1353.0,70.0,937.0
49,100,Amanda Anisimova,R,180.0,22.3,7-5 6-4,Auckland,115.0,Anastasia Pavlyuchenkova,R,177.0,32.4,373.0,169.0,60.0,1045.0
50,102,Elina Svitolina,R,174.0,29.3,6-4 6-3,Auckland,104.0,Caroline Wozniacki,R,177.0,33.4,25.0,1809.0,256.0,301.0
51,103,Jelena Ostapenko,R,177.0,26.5,6-3 6-2,Adelaide,74.0,Daria Kasatkina,R,170.0,26.6,12.0,2883.0,15.0,2758.0
52,104,Jelena Ostapenko,R,177.0,26.5,6-2 7-6(3),Adelaide,101.0,Ekaterina Alexandrova,R,175.0,29.1,12.0,2883.0,21.0,2075.0
53,106,Ekaterina Alexandrova,R,175.0,29.1,6-3 6-3,Adelaide,90.0,Elena Rybakina,R,184.0,24.5,21.0,2075.0,3.0,6811.0
54,107,Jelena Ostapenko,R,177.0,26.5,7-5 6-3,Adelaide,92.0,Marta Kostyuk,R,175.0,21.5,12.0,2883.0,41.0,1223.0
55,109,Jessica Pegula,R,170.0,29.8,6-7(1) 7-5 6-4,Adelaide,146.0,Anastasia Pavlyuchenkova,R,177.0,32.5,5.0,5905.0,59.0,1046.0
56,111,Ekaterina Alexandrova,R,175.0,29.1,6-4 6-4,Adelaide,98.0,Veronika Kudermetova,R,175.0,26.7,21.0,2075.0,16.0,2680.0
57,112,Marta Kostyuk,R,175.0,21.5,6-3 2-6 6-4,Adelaide,134.0,Taylor Townsend,L,170.0,27.7,41.0,1223.0,80.0,870.0
58,113,Jelena Ostapenko,R,177.0,26.5,6-4 5-7 6-4,Adelaide,161.0,Caroline Garcia,R,177.0,30.2,12.0,2883.0,20.0,2330.0
59,114,Laura Siegemund,R,168.0,35.8,6-4 7-5,Adelaide,113.0,Ana Bogdan,R,171.0,31.1,89.0,814.0,66.0,956.0
60,115,Daria Kasatkina,R,170.0,26.6,5-7 6-4 7-5,Adelaide,171.0,Anna Kalinskaya,R,175.0,25.1,15.0,2758.0,75.0,918.0
61,116,Anastasia Pavlyuchenkova,R,177.0,32.5,2-6 6-3 6-2,Adelaide,124.0,Katerina Siniakova,R,174.0,27.6,59.0,1046.0,49.0,1150.0
62,117,Jessica Pegula,R,170.0,29.8,4-6 6-2 6-3,Adelaide,132.0,Bernarda Pera,L,175.0,29.0,5.0,5905.0,69.0,943.0
63,119,Ekaterina Alexandrova,R,175.0,29.1,3-6 7-6(8) 7-5,Adelaide,163.0,Magda Linette,R,171.0,31.9,21.0,2075.0,24.0,1896.0
64,120,Veronika Kudermetova,R,175.0,26.7,6-2 7-5,Adelaide,98.0,Ashlyn Krueger,R,185.0,19.6,16.0,2680.0,78.0,896.0
65,121,Taylor Townsend,L,170.0,27.7,6-3 7-6(4),Adelaide,116.0,Aliaksandra Sasnovich,R,174.0,29.7,80.0,870.0,83.0,831.0
66,122,Marta Kostyuk,R,175.0,21.5,7-6(3) 6-1,Adelaide,86.0,Anhelina Kalinina,R,179.0,26.9,41.0,1223.0,28.0,1630.0
67,124,Jelena Ostapenko,R,177.0,26.5,2-6 6-2 6-4,Adelaide,118.0,Sorana Cirstea,R,176.0,33.7,12.0,2883.0,26.0,1746.0
68,125,Laura Siegemund,R,168.0,35.8,6-7(1) 6-4 6-4,Adelaide,173.0,Liudmila Samsonova,R,180.0,25.1,89.0,814.0,14.0,2760.0
69,126,Ana Bogdan,R,171.0,31.1,6-3 6-4,Adelaide,106.0,Katie Boulter,R,180.0,27.4,66.0,956.0,57.0,1085.0
70,127,Daria Kasatkina,R,170.0,26.6,6-4 6-3,Adelaide,107.0,Claire Liu,R,170.0,23.6,15.0,2758.0,104.0,730.0
71,128,Anna Kalinskaya,R,175.0,25.1,7-5 3-6 7-5,Adelaide,172.0,Barbora Krejcikova,R,178.0,28.0,75.0,918.0,10.0,2945.0
72,129,Anastasia Pavlyuchenkova,R,177.0,32.5,6-3 6-4,Adelaide,97.0,Beatriz Haddad Maia,L,185.0,27.6,59.0,1046.0,11.0,2920.0
73,130,Katerina Siniakova,R,174.0,27.6,6-2 6-1,Adelaide,72.0,Karolina Pliskova,R,184.0,31.8,49.0,1150.0,37.0,1346.0
74,131,Bernarda Pera,L,175.0,29.0,3-6 6-2 6-3,Adelaide,119.0,Paula Badosa,R,180.0,26.1,69.0,943.0,74.0,922.0
75,133,Elise Mertens,R,179.0,28.1,6-4 4-6 7-5,Hobart,178.0,Daria Saville,R,166.0,29.8,29.0,1551.0,195.0,398.0
76,135,Elise Mertens,R,179.0,28.1,7-5 6-0,Hobart,97.0,Arantxa Rus,L,180.0,33.0,29.0,1551.0,50.0,1149.0
77,136,Daria Saville,R,166.0,29.8,3-6 6-1 6-4,Hobart,139.0,Lin Zhu,R,173.0,29.9,195.0,398.0,33.0,1420.0
78,137,Yue Yuan,R,184.0,25.2,7-5 7-6(4),Hobart,142.0,Yulia Putintseva,R,163.0,29.0,73.0,925.0,64.0,1002.0
79,139,Elise Mertens,R,179.0,28.1,6-2 6-3,Hobart,76.0,Anna Karolina Schmiedlova,R,176.0,29.3,29.0,1551.0,67.0,949.0
80,141,Lin Zhu,R,173.0,29.9,5-7 6-3 6-4,Hobart,133.0,Caroline Dolehide,R,178.0,25.3,33.0,1420.0,44.0,1193.0
81,142,Daria Saville,R,166.0,29.8,7-6(3) 6-1,Hobart,97.0,Sofia Kenin,R,170.0,25.1,195.0,398.0,38.0,1305.0
82,143,Yulia Putintseva,R,163.0,29.0,6-4 1-6 6-3,Hobart,138.0,Marie Bouzkova,R,180.0,25.4,64.0,1002.0,35.0,1382.0
83,144,Yue Yuan,R,184.0,25.2,7-5 6-3,Hobart,82.0,Xin Yu Wang,R,182.0,22.2,73.0,925.0,34.0,1395.0
84,145,Viktoriya Tomova,R,170.0,28.8,6-0 6-1,Hobart,59.0,Tatjana Maria,R,172.0,36.4,77.0,906.0,42.0,1215.0
85,147,Elise Mertens,R,179.0,28.1,6-2 6-3,Hobart,74.0,Danielle Collins,R,178.0,30.0,29.0,1551.0,54.0,1121.0
86,148,Anna Karolina Schmiedlova,R,176.0,29.3,1-6 7-6(4) 7-5,Hobart,152.0,Camila Osorio,R,162.0,22.0,67.0,949.0,79.0,876.0
87,152,Caroline Dolehide,R,178.0,25.3,6-1 6-4,Hobart,75.0,Mayar Sherif,R,180.0,27.6,44.0,1193.0,58.0,1053.0
88,153,Daria Saville,R,166.0,29.8,3-6 6-4 6-4,Hobart,136.0,Anna Blinkova,R,179.0,25.3,195.0,398.0,46.0,1170.0
89,155,Marie Bouzkova,R,180.0,25.4,6-2 6-4,Hobart,95.0,Viktorija Golubic,R,169.0,31.2,35.0,1382.0,90.0,812.0
90,157,Yue Yuan,R,184.0,25.2,6-4 3-6 7-6(5),Hobart,170.0,Sloane Stephens,R,170.0,30.8,73.0,925.0,43.0,1202.0
91,160,Viktoriya Tomova,R,170.0,28.8,6-3 6-3,Hobart,104.0,Martina Trevisan,L,160.0,30.1,77.0,906.0,60.0,1045.0
92,161,Magdalena Frech,R,171.0,26.0,0-6 6-1 6-4,Hobart,166.0,Sara Sorribes Tormo,R,176.0,27.2,72.0,937.0,53.0,1126.0
93,163,Iga Swiatek,R,176.0,22.6,7-6(2) 6-2,Australian Open,111.0,Sofia Kenin,R,170.0,25.1,1.0,9880.0,41.0,1225.0
94,164,Danielle Collins,R,178.0,30.0,6-2 3-6 6-1,Australian Open,112.0,Angelique Kerber,L,173.0,35.9,62.0,1022.0,655.0,60.0
95,168,Viktoriya Tomova,R,170.0,28.8,6-4 6-2,Australian Open,112.0,Kayla Day,L,173.0,24.2,70.0,957.0,86.0,825.0
96,169,Katerina Siniakova,R,174.0,27.6,6-2 7-5,Australian Open,87.0,Jaqueline Cristian,R,180.0,25.6,49.0,1155.0,83.0,831.0
97,170,Viktorija Golubic,R,169.0,31.2,7-6(4) 1-6 6-1,Australian Open,141.0,Veronika Kudermetova,R,175.0,26.7,85.0,829.0,17.0,2555.0
98,171,Jelena Ostapenko,R,177.0,26.6,7-6(5) 6-1,Australian Open,100.0,Kimberly Birrell,R,170.0,25.7,10.0,3328.0,116.0,671.0
99,172,Ajla Tomljanovic,R,180.0,30.6,7-6(3) 4-6 6-4,Australian Open,174.0,Petra Martic,R,181.0,32.9,271.0,271.0,40.0,1283.0
100,174,Victoria Azarenka,R,180.0,34.4,6-1 4-6 6-3,Australian Open,146.0,Camila Giorgi,R,168.0,32.0,22.0,2011.0,53.0,1120.0
101,178,Dayana Yastremska,R,175.0,23.6,6-1 6-2,Australian Open,76.0,Marketa Vondrousova,L,173.0,24.5,93.0,777.0,7.0,3966.0
102,179,Elena Rybakina,R,184.0,24.5,7-6(6) 6-4,Australian Open,93.0,Karolina Pliskova,R,184.0,31.8,3.0,6918.0,38.0,1322.0
103,181,Tatjana Maria,R,172.0,36.4,7-5 6-7(4) 6-4,Australian Open,171.0,Camila Osorio,R,162.0,22.0,42.0,1215.0,77.0,893.0
104,183,Arantxa Rus,L,180.0,33.0,6-1 6-0,Australian Open,87.0,Anhelina Kalinina,R,179.0,26.9,45.0,1188.0,30.0,1600.0
105,188,Katie Boulter,R,180.0,27.4,7-5 7-6(1),Australian Open,115.0,Yue Yuan,R,184.0,25.3,54.0,1109.0,61.0,1028.0
106,189,Emma Raducanu,R,175.0,21.1,6-3 6-2,Australian Open,76.0,Shelby Rogers,R,175.0,31.2,296.0,231.0,161.0,476.0
107,190,Yafan Wang,R,170.0,29.7,0-6 7-5 6-2,Australian Open,117.0,Sorana Cirstea,R,176.0,33.7,94.0,771.0,27.0,1722.0
108,193,Clara Burel,R,176.0,22.8,6-4 6-1,Australian Open,65.0,Aleksandra Krunic,R,163.0,30.8,51.0,1140.0,687.0,53.0
109,194,Jessica Pegula,R,170.0,29.8,6-2 6-4,Australian Open,65.0,Rebecca Marino,R,183.0,33.0,5.0,6065.0,182.0,425.0
110,195,Maria Sakkari,R,172.0,28.4,6-4 6-1,Australian Open,71.0,Nao Hibino,R,163.0,29.1,8.0,3770.0,88.0,808.0
111,197,Marta Kostyuk,R,175.0,21.5,6-3 4-6 6-1,Australian Open,123.0,Claire Liu,R,170.0,23.6,37.0,1330.0,99.0,742.0
112,203,Caroline Garcia,R,177.0,30.2,6-4 7-6(2),Australian Open,86.0,Naomi Osaka,R,180.0,26.2,19.0,2330.0,831.0,32.0
113,204,Magdalena Frech,R,171.0,26.0,6-7(5) 6-3 7-5,Australian Open,193.0,Daria Saville,R,166.0,29.8,69.0,965.0,152.0,496.0
114,206,Kaja Juvan,R,170.0,23.1,6-1 6-4,Australian Open,71.0,Anastasia Potapova,R,175.0,22.7,109.0,696.0,29.0,1694.0
115,210,Coco Gauff,R,175.0,19.8,6-3 6-0,Australian Open,60.0,Anna Karolina Schmiedlova,R,176.0,29.3,4.0,6660.0,68.0,996.0
116,214,Diane Parry,R,170.0,21.3,6-3 2-6 6-3,Australian Open,141.0,Xin Yu Wang,R,182.0,22.3,72.0,943.0,36.0,1353.0
117,215,Laura Siegemund,R,168.0,35.8,6-2 3-6 7-6(9),Australian Open,181.0,Ekaterina Alexandrova,R,175.0,29.1,78.0,892.0,20.0,2215.0
118,216,Storm Hunter,L,166.0,29.4,6-4 6-3,Australian Open,89.0,Sara Errani,R,164.0,36.7,180.0,426.0,101.0,738.0
119,219,Amanda Anisimova,R,180.0,22.3,6-3 6-4,Australian Open,84.0,Liudmila Samsonova,R,180.0,25.1,442.0,130.0,14.0,2760.0
120,220,Nadia Podoroska,R,170.0,26.9,6-1 6-0,Australian Open,75.0,Tamara Zidansek,R,168.0,26.0,65.0,1009.0,98.0,745.0
121,221,Paula Badosa,R,180.0,26.1,6-1 6-3,Australian Open,57.0,Taylor Townsend,L,170.0,27.7,100.0,738.0,73.0,942.0
122,222,Anastasia Pavlyuchenkova,R,177.0,32.5,6-4 6-4,Australian Open,109.0,Donna Vekic,R,179.0,27.5,46.0,1178.0,25.0,1865.0
123,224,Rebeka Masarova,R,186.0,24.4,6-3 6-4,Australian Open,97.0,Aliaksandra Sasnovich,R,174.0,29.8,91.0,786.0,81.0,843.0
124,227,Iga Swiatek,R,176.0,22.6,6-4 3-6 6-4,Australian Open,194.0,Danielle Collins,R,178.0,30.0,1.0,9880.0,62.0,1022.0
125,229,Elina Svitolina,R,174.0,29.3,6-1 6-3,Australian Open,65.0,Viktoriya Tomova,R,170.0,28.8,23.0,1972.0,70.0,957.0
126,230,Viktorija Golubic,R,169.0,31.2,6-3 2-6 6-4,Australian Open,137.0,Katerina Siniakova,R,174.0,27.6,85.0,829.0,49.0,1155.0
127,231,Jelena Ostapenko,R,177.0,26.6,6-0 3-6 6-4,Australian Open,102.0,Ajla Tomljanovic,R,180.0,30.6,10.0,3328.0,271.0,271.0
128,232,Victoria Azarenka,R,180.0,34.4,6-4 3-6 6-2,Australian Open,135.0,Clara Tauson,R,182.0,21.0,22.0,2011.0,96.0,749.0
129,235,Anna Blinkova,R,179.0,25.3,6-4 4-6 7-6(20),Australian Open,166.0,Elena Rybakina,R,184.0,24.5,57.0,1072.0,3.0,6918.0
130,236,Jasmine Paolini,R,160.0,28.0,6-2 6-3,Australian Open,70.0,Tatjana Maria,R,172.0,36.4,31.0,1530.0,42.0,1215.0
131,237,Anna Kalinskaya,R,175.0,25.1,6-1 7-5,Australian Open,82.0,Arantxa Rus,L,180.0,33.0,75.0,923.0,45.0,1188.0
132,238,Sloane Stephens,R,170.0,30.8,4-6 6-3 6-3,Australian Open,126.0,Daria Kasatkina,R,170.0,26.6,44.0,1202.0,13.0,2778.0
133,240,Yafan Wang,R,170.0,29.7,6-4 4-6 6-4,Australian Open,174.0,Emma Raducanu,R,175.0,21.1,94.0,771.0,296.0,231.0
134,242,Clara Burel,R,176.0,22.8,6-4 6-2,Australian Open,70.0,Jessica Pegula,R,170.0,29.8,51.0,1140.0,5.0,6065.0
135,244,Marta Kostyuk,R,175.0,21.5,5-7 6-1 7-6(6),Australian Open,173.0,Elise Mertens,R,179.0,28.1,37.0,1330.0,28.0,1713.0
136,247,Magdalena Frech,R,171.0,26.0,6-4 7-6(2),Australian Open,124.0,Caroline Garcia,R,177.0,30.2,69.0,965.0,19.0,2330.0
137,249,Alycia Parks,R,185.0,23.0,7-5 6-4,Australian Open,103.0,Leylah Fernandez,L,168.0,21.3,82.0,838.0,35.0,1355.0
138,250,Coco Gauff,R,175.0,19.8,7-6(2) 6-2,Australian Open,104.0,Caroline Dolehide,R,178.0,25.3,4.0,6660.0,43.0,1208.0
139,253,Storm Hunter,L,166.0,29.4,6-4 3-6 6-3,Australian Open,141.0,Laura Siegemund,R,168.0,35.8,180.0,426.0,78.0,892.0
140,254,Barbora Krejcikova,R,178.0,28.0,6-2 6-2,Australian Open,85.0,Tamara Korpatsch,R,170.0,28.6,11.0,2891.0,80.0,847.0
141,255,Amanda Anisimova,R,180.0,22.3,6-2 6-3,Australian Open,64.0,Nadia Podoroska,R,170.0,26.9,442.0,130.0,65.0,1009.0
142,256,Paula Badosa,R,180.0,26.1,6-2 6-3,Australian Open,72.0,Anastasia Pavlyuchenkova,R,177.0,32.5,100.0,738.0,46.0,1178.0
143,257,Lesia Tsurenko,R,174.0,34.6,6-3 6-4,Australian Open,96.0,Rebeka Masarova,R,186.0,24.4,33.0,1452.0,91.0,786.0
144,260,Elina Svitolina,R,174.0,29.3,6-2 6-3,Australian Open,64.0,Viktorija Golubic,R,169.0,31.2,23.0,1972.0,85.0,829.0
145,261,Victoria Azarenka,R,180.0,34.4,6-1 7-5,Australian Open,83.0,Jelena Ostapenko,R,177.0,26.6,22.0,2011.0,10.0,3328.0
146,263,Jasmine Paolini,R,160.0,28.0,7-6(1) 6-4,Australian Open,86.0,Anna Blinkova,R,179.0,25.3,31.0,1530.0,57.0,1072.0
147,264,Anna Kalinskaya,R,175.0,25.1,6-7(8) 6-1 6-4,Australian Open,165.0,Sloane Stephens,R,170.0,30.8,75.0,923.0,44.0,1202.0
148,270,Coco Gauff,R,175.0,19.8,6-0 6-2,Australian Open,61.0,Alycia Parks,R,185.0,23.0,4.0,6660.0,82.0,838.0
149,272,Barbora Krejcikova,R,178.0,28.0,4-6 7-5 6-3,Australian Open,150.0,Storm Hunter,L,166.0,29.4,11.0,2891.0,180.0,426.0
150,273,Amanda Anisimova,R,180.0,22.3,7-5 6-4,Australian Open,88.0,Paula Badosa,R,180.0,26.1,442.0,130.0,100.0,738.0
151,274,Aryna Sabalenka,R,182.0,25.6,6-0 6-0,Australian Open,52.0,Lesia Tsurenko,R,174.0,34.6,2.0,8905.0,33.0,1452.0
152,276,Dayana Yastremska,R,175.0,23.6,7-6(6) 6-4,Australian Open,127.0,Victoria Azarenka,R,180.0,34.4,93.0,777.0,22.0,2011.0
153,277,Anna Kalinskaya,R,175.0,25.1,6-4 6-2,Australian Open,77.0,Jasmine Paolini,R,160.0,28.0,75.0,923.0,31.0,1530.0
154,280,Coco Gauff,R,175.0,19.8,6-1 6-2,Australian Open,63.0,Magdalena Frech,R,171.0,26.0,4.0,6660.0,69.0,965.0
155,282,Aryna Sabalenka,R,182.0,25.6,6-3 6-2,Australian Open,70.0,Amanda Anisimova,R,180.0,22.3,2.0,8905.0,442.0,130.0
156,285,Coco Gauff,R,175.0,19.8,7-6(6) 6-7(3) 6-2,Australian Open,188.0,Marta Kostyuk,R,175.0,21.5,4.0,6660.0,37.0,1330.0
157,286,Aryna Sabalenka,R,182.0,25.6,6-2 6-3,Australian Open,71.0,Barbora Krejcikova,R,178.0,28.0,2.0,8905.0,11.0,2891.0
158,288,Aryna Sabalenka,R,182.0,25.6,7-6(2) 6-4,Australian Open,102.0,Coco Gauff,R,175.0,19.8,2.0,8905.0,4.0,6660.0
159,292,Lin Zhu,R,173.0,30.0,6-3 6-2,Hua Hin,84.0,Yafan Wang,R,170.0,29.7,45.0,1234.0,78.0,900.0
160,294,Xin Yu Wang,R,182.0,22.3,6-1 3-6 6-3,Hua Hin,132.0,Yulia Putintseva,R,163.0,29.0,40.0,1293.0,70.0,954.0
161,296,Lin Zhu,R,173.0,30.0,6-3 6-3,Hua Hin,75.0,Arina Rodionova,R,168.0,34.1,45.0,1234.0,101.0,722.0
162,299,Xin Yu Wang,R,182.0,22.3,7-5 6-4,Hua Hin,91.0,Nao Hibino,R,163.0,29.1,40.0,1293.0,94.0,788.0
163,300,Yulia Putintseva,R,163.0,29.0,7-6(0) 7-6(1),Hua Hin,131.0,Viktorija Golubic,R,169.0,31.2,70.0,954.0,71.0,949.0
164,301,Yafan Wang,R,170.0,29.7,6-2 6-4,Hua Hin,92.0,Anna Karolina Schmiedlova,R,176.0,29.3,78.0,900.0,79.0,896.0
165,307,Dalma Galfi,R,178.0,25.4,6-3 6-0,Hua Hin,68.0,Ajla Tomljanovic,R,180.0,30.7,137.0,556.0,227.0,341.0
166,311,Viktorija Golubic,R,169.0,31.2,6-1 6-2,Hua Hin,74.0,Laura Pigossi,R,164.0,29.4,71.0,949.0,114.0,641.0
167,317,Arina Rodionova,R,168.0,34.1,7-6(6) 4-6 6-3,Hua Hin,172.0,Yue Yuan,R,184.0,25.3,101.0,722.0,64.0,1028.0
168,321,Jelena Ostapenko,R,177.0,26.6,6-2 6-3,Linz,70.0,Ekaterina Alexandrova,R,175.0,29.2,12.0,3028.0,21.0,2095.0
169,322,Jelena Ostapenko,R,177.0,26.6,6-2 6-3,Linz,73.0,Anastasia Pavlyuchenkova,R,177.0,32.5,12.0,3028.0,42.0,1238.0
170,323,Ekaterina Alexandrova,R,175.0,29.2,5-7 7-6(4) 7-6(6),Linz,186.0,Donna Vekic,R,179.0,27.5,21.0,2095.0,34.0,1445.0
171,325,Anastasia Pavlyuchenkova,R,177.0,32.5,6-3 6-2,Linz,73.0,Elise Mertens,R,179.0,28.1,42.0,1238.0,26.0,1653.0
172,326,Donna Vekic,R,179.0,27.5,6-0 7-6(3),Linz,90.0,Clara Burel,R,176.0,22.8,34.0,1445.0,52.0,1160.0
173,327,Ekaterina Alexandrova,R,175.0,29.2,6-2 7-6(8),Linz,86.0,Anastasia Potapova,R,175.0,22.8,21.0,2095.0,27.0,1634.0
174,328,Jelena Ostapenko,R,177.0,26.6,3-6 6-4 7-6(7),Linz,141.0,Clara Tauson,R,182.0,21.1,12.0,3028.0,91.0,818.0
175,331,Anastasia Pavlyuchenkova,R,177.0,32.5,7-6(2) 6-4,Linz,97.0,Katie Boulter,R,180.0,27.4,42.0,1238.0,53.0,1159.0
176,332,Clara Burel,R,176.0,22.8,6-3 5-7 6-4,Linz,141.0,Katerina Siniakova,R,174.0,27.7,52.0,1160.0,49.0,1215.0
177,333,Donna Vekic,R,179.0,27.5,6-1 6-1,Linz,64.0,Dayana Yastremska,R,175.0,23.7,34.0,1445.0,29.0,1587.0
178,335,Ekaterina Alexandrova,R,175.0,29.2,6-3 6-0,Linz,64.0,Jule Niemeier,R,178.0,24.4,21.0,2095.0,159.0,481.0
179,336,Clara Tauson,R,182.0,21.1,3-6 6-3 6-3,Linz,122.0,Camila Giorgi,R,168.0,32.0,91.0,818.0,68.0,1000.0
180,337,Jaqueline Cristian,R,180.0,25.6,6-3 6-4,Linz,88.0,Nadia Podoroska,R,170.0,26.9,89.0,831.0,67.0,1009.0
181,340,Anastasia Pavlyuchenkova,R,177.0,32.5,6-4 6-0,Linz,66.0,Martina Trevisan,L,160.0,30.2,42.0,1238.0,57.0,1105.0
182,341,Katie Boulter,R,180.0,27.4,6-2 6-2,Linz,75.0,Jasmine Paolini,R,160.0,28.0,53.0,1159.0,24.0,1760.0
183,342,Katerina Siniakova,R,174.0,27.7,4-6 6-3 7-5,Linz,146.0,Petra Martic,R,181.0,33.0,49.0,1215.0,48.0,1223.0
184,345,Anastasia Potapova,R,175.0,22.8,6-4 6-3,Linz,82.0,Sara Errani,R,164.0,36.7,27.0,1634.0,99.0,738.0
185,347,Jule Niemeier,R,178.0,24.4,6-3 6-4,Linz,79.0,Anna Blinkova,R,179.0,25.3,159.0,481.0,50.0,1192.0
186,348,Elena Rybakina,R,184.0,24.6,6-1 6-4,Abu Dhabi,68.0,Daria Kasatkina,R,170.0,26.7,5.0,5688.0,14.0,2838.0
187,349,Elena Rybakina,R,184.0,24.6,6-0 4-6 6-2,Abu Dhabi,111.0,Liudmila Samsonova,R,180.0,25.2,5.0,5688.0,15.0,2700.0
188,350,Daria Kasatkina,R,170.0,26.7,6-3 4-6 7-6(2),Abu Dhabi,179.0,Beatriz Haddad Maia,L,185.0,27.6,14.0,2838.0,13.0,2950.0
189,352,Liudmila Samsonova,R,180.0,25.2,7-5 6-4,Abu Dhabi,104.0,Barbora Krejcikova,R,178.0,28.1,15.0,2700.0,12.0,3081.0
190,353,Daria Kasatkina,R,170.0,26.7,6-2 6-0,Abu Dhabi,74.0,Sorana Cirstea,R,176.0,33.8,14.0,2838.0,26.0,1722.0
191,354,Beatriz Haddad Maia,L,185.0,27.6,6-3 6-4,Abu Dhabi,90.0,Ons Jabeur,R,167.0,29.4,13.0,2950.0,6.0,4076.0
192,355,Elena Rybakina,R,184.0,24.6,4-6 6-3 6-3,Abu Dhabi,137.0,Danielle Collins,R,178.0,30.1,5.0,5688.0,71.0,962.0
193,358,Liudmila Samsonova,R,180.0,25.2,6-1 6-3,Abu Dhabi,68.0,Anhelina Kalinina,R,179.0,26.9,15.0,2700.0,32.0,1480.0
194,359,Daria Kasatkina,R,170.0,26.7,6-3 7-5,Abu Dhabi,92.0,Ashlyn Krueger,R,185.0,19.7,14.0,2838.0,82.0,886.0
195,360,Sorana Cirstea,R,176.0,33.8,6-2 6-1,Abu Dhabi,76.0,Maria Sakkari,R,172.0,28.5,26.0,1722.0,9.0,3710.0
196,361,Beatriz Haddad Maia,L,185.0,27.6,7-6(6) 6-7(1) 6-1,Abu Dhabi,222.0,Magda Linette,R,171.0,31.9,13.0,2950.0,55.0,1126.0
197,362,Ons Jabeur,R,167.0,29.4,6-4 6-1,Abu Dhabi,78.0,Emma Raducanu,R,175.0,21.2,6.0,4076.0,296.0,231.0
198,363,Danielle Collins,R,178.0,30.1,7-5 6-0,Abu Dhabi,83.0,Naomi Osaka,R,180.0,26.3,71.0,962.0,757.0,42.0
199,365,Heather Watson,R,170.0,31.7,6-3 7-5,Abu Dhabi,103.0,Veronika Kudermetova,R,175.0,26.7,156.0,482.0,16.0,2495.0
200,368,Liudmila Samsonova,R,180.0,25.2,6-0 6-1,Abu Dhabi,51.0,Lesia Tsurenko,R,174.0,34.6,15.0,2700.0,37.0,1363.0
201,369,Daria Kasatkina,R,170.0,26.7,6-4 5-7 6-4,Abu Dhabi,155.0,Diane Parry,R,170.0,21.4,14.0,2838.0,59.0,1063.0
202,370,Ashlyn Krueger,R,185.0,19.7,6-2 5-7 6-3,Abu Dhabi,144.0,Bernarda Pera,L,175.0,29.1,82.0,886.0,89.0,836.0
203,371,Sorana Cirstea,R,176.0,33.8,6-7(4) 6-4 6-4,Abu Dhabi,160.0,Caroline Garcia,R,177.0,30.3,26.0,1722.0,21.0,2075.0
204,373,Magda Linette,R,171.0,31.9,7-6(4) 6-1,Abu Dhabi,111.0,Alexandra Eala,L,173.0,18.7,55.0,1126.0,187.0,421.0
205,374,Emma Raducanu,R,175.0,21.2,6-4 6-1,Abu Dhabi,82.0,Marie Bouzkova,R,180.0,25.5,296.0,231.0,36.0,1382.0
206,375,Karolina Pliskova,R,184.0,31.8,6-4 6-3,Cluj-Napoca,85.0,Ana Bogdan,R,171.0,31.1,78.0,902.0,65.0,1016.0
207,376,Ana Bogdan,R,171.0,31.1,6-3 3-6 6-4,Cluj-Napoca,173.0,Jaqueline Cristian,R,180.0,25.6,65.0,1016.0,81.0,891.0
208,377,Karolina Pliskova,R,184.0,31.8,6-3 6-3,Cluj-Napoca,83.0,Harriet Dart,R,175.0,27.5,78.0,902.0,103.0,699.0
209,378,Ana Bogdan,R,171.0,31.1,3-6 7-6(6) 7-6(5),Cluj-Napoca,208.0,Arantxa Rus,L,180.0,33.1,65.0,1016.0,45.0,1238.0
210,379,Jaqueline Cristian,R,180.0,25.6,6-3 7-5,Cluj-Napoca,98.0,Anastasija Sevastova,R,169.0,33.8,81.0,891.0,656.0,58.0
211,380,Harriet Dart,R,175.0,27.5,6-3 6-2,Cluj-Napoca,97.0,Nuria Parrizas Diaz,R,167.0,32.5,103.0,699.0,132.0,556.0
212,381,Karolina Pliskova,R,184.0,31.8,6-2 6-0,Cluj-Napoca,61.0,Sara Errani,R,164.0,36.7,78.0,902.0,98.0,751.0
213,382,Arantxa Rus,L,180.0,33.1,4-6 6-4 6-0,Cluj-Napoca,171.0,Alize Cornet,R,173.0,34.0,45.0,1238.0,104.0,690.0
214,384,Jaqueline Cristian,R,180.0,25.6,6-4 6-0,Cluj-Napoca,81.0,Clara Tauson,R,182.0,21.1,81.0,891.0,80.0,895.0
215,387,Nuria Parrizas Diaz,R,167.0,32.5,6-1 3-6 6-4,Cluj-Napoca,110.0,Anna Blinkova,R,179.0,25.4,132.0,556.0,51.0,1192.0
216,388,Karolina Pliskova,R,184.0,31.8,6-2 6-1,Cluj-Napoca,56.0,Camila Osorio,R,162.0,22.1,78.0,902.0,101.0,724.0
217,389,Sara Errani,R,164.0,36.7,6-0 6-1,Cluj-Napoca,60.0,Tatjana Maria,R,172.0,36.4,98.0,751.0,49.0,1205.0
218,391,Alize Cornet,R,173.0,34.0,7-5 4-6 6-3,Cluj-Napoca,171.0,Yanina Wickmayer,R,182.0,34.2,104.0,690.0,83.0,883.0
219,393,Ana Bogdan,R,171.0,31.1,7-5 7-5,Cluj-Napoca,124.0,Alycia Parks,R,185.0,23.0,65.0,1016.0,110.0,669.0
220,394,Clara Tauson,R,182.0,21.1,6-3 6-1,Cluj-Napoca,74.0,Nadia Podoroska,R,170.0,26.9,80.0,895.0,85.0,867.0
221,395,Jaqueline Cristian,R,180.0,25.6,6-3 6-2,Cluj-Napoca,78.0,Marina Bassols Ribera,R,165.0,24.1,81.0,891.0,105.0,688.0
222,396,Anastasija Sevastova,R,169.0,33.8,6-2 6-3,Cluj-Napoca,89.0,Cristina Andreea Mitu,R,175.0,32.3,656.0,58.0,216.0,350.0
223,400,Nuria Parrizas Diaz,R,167.0,32.5,6-4 6-4,Cluj-Napoca,121.0,Laura Siegemund,R,168.0,35.9,132.0,556.0,90.0,832.0
224,402,Camila Osorio,R,162.0,22.1,6-2 6-4,Cluj-Napoca,78.0,Viktoriya Tomova,R,170.0,28.9,101.0,724.0,64.0,1017.0
225,406,Iga Swiatek,R,176.0,22.7,7-6(8) 6-2,Doha,139.0,Elena Rybakina,R,184.0,24.6,1.0,9770.0,4.0,6088.0
226,408,Elena Rybakina,R,184.0,24.6,6-2 6-4,Doha,89.0,Anastasia Pavlyuchenkova,R,177.0,32.6,4.0,6088.0,32.0,1421.0
227,409,Iga Swiatek,R,176.0,22.7,6-4 6-0,Doha,74.0,Victoria Azarenka,R,180.0,34.5,1.0,9770.0,31.0,1471.0
228,410,Karolina Pliskova,R,184.0,31.8,7-6(6) 7-6(5),Doha,103.0,Naomi Osaka,R,180.0,26.3,59.0,1097.0,747.0,43.0
229,411,Elena Rybakina,R,184.0,24.6,6-4 6-2,Doha,94.0,Leylah Fernandez,L,168.0,21.4,4.0,6088.0,38.0,1355.0
230,412,Anastasia Pavlyuchenkova,R,177.0,32.6,7-5 6-4,Doha,94.0,Danielle Collins,R,178.0,30.1,32.0,1421.0,63.0,1046.0
231,413,Iga Swiatek,R,176.0,22.7,6-1 6-4,Doha,91.0,Ekaterina Alexandrova,R,175.0,29.2,1.0,9770.0,19.0,2410.0
232,414,Victoria Azarenka,R,180.0,34.5,6-0 6-3,Doha,88.0,Jelena Ostapenko,R,177.0,26.6,31.0,1471.0,11.0,3473.0
233,419,Anastasia Pavlyuchenkova,R,177.0,32.6,7-5 6-3,Doha,111.0,Marketa Vondrousova,L,173.0,24.6,32.0,1421.0,8.0,3736.0
234,420,Danielle Collins,R,178.0,30.1,6-4 6-3,Doha,102.0,Katerina Siniakova,R,174.0,27.7,63.0,1046.0,42.0,1274.0
235,421,Iga Swiatek,R,176.0,22.7,6-1 6-1,Doha,61.0,Sorana Cirstea,R,176.0,33.8,1.0,9770.0,22.0,1829.0
236,423,Victoria Azarenka,R,180.0,34.5,7-6(2) 6-2,Doha,101.0,Xin Yu Wang,R,182.0,22.3,31.0,1471.0,41.0,1281.0
237,424,Jelena Ostapenko,R,177.0,26.6,6-0 6-3,Doha,53.0,Anhelina Kalinina,R,179.0,27.0,11.0,3473.0,30.0,1510.0
238,425,Lesia Tsurenko,R,174.0,34.7,6-3 6-2,Doha,81.0,Ons Jabeur,R,167.0,29.4,37.0,1363.0,6.0,4183.0
239,426,Naomi Osaka,R,180.0,26.3,6-3 7-6(9),Doha,105.0,Petra Martic,R,181.0,33.0,747.0,43.0,67.0,1015.0
240,427,Karolina Pliskova,R,184.0,31.8,6-1 5-7 6-4,Doha,129.0,Anastasia Potapova,R,175.0,22.8,59.0,1097.0,34.0,1403.0
241,430,Leylah Fernandez,L,168.0,21.4,0-6 6-2 6-3,Doha,116.0,Paula Badosa,R,180.0,26.2,38.0,1355.0,79.0,898.0
242,432,Elena Rybakina,R,184.0,24.6,6-2 6-1,Doha,58.0,Lin Zhu,R,173.0,30.0,4.0,6088.0,57.0,1117.0
243,435,Danielle Collins,R,178.0,30.1,6-4 7-5,Doha,114.0,Marie Bouzkova,R,180.0,25.5,63.0,1046.0,35.0,1382.0
244,436,Katerina Siniakova,R,174.0,27.7,6-2 6-4,Doha,80.0,Coco Gauff,R,175.0,19.9,42.0,1274.0,3.0,7200.0
245,437,Sorana Cirstea,R,176.0,33.8,6-3 6-2,Doha,81.0,Sloane Stephens,R,170.0,30.8,22.0,1829.0,39.0,1322.0
246,439,Ekaterina Alexandrova,R,175.0,29.2,7-6(5) 6-3,Doha,89.0,Viktoriya Tomova,R,170.0,28.9,19.0,2410.0,68.0,1014.0
247,440,Xin Yu Wang,R,182.0,22.3,6-1 6-3,Doha,69.0,Beatriz Haddad Maia,L,185.0,27.7,41.0,1281.0,14.0,2960.0
248,441,Victoria Azarenka,R,180.0,34.5,6-3 3-6 6-3,Doha,154.0,Magdalena Frech,R,171.0,26.1,31.0,1471.0,52.0,1185.0
249,442,Anhelina Kalinina,R,179.0,27.0,6-0 7-6(6),Doha,99.0,Emma Raducanu,R,175.0,21.2,30.0,1510.0,262.0,291.0
250,444,Petra Martic,R,181.0,33.0,7-5 3-6 7-6(5),Doha,176.0,Arantxa Rus,L,180.0,33.1,67.0,1015.0,43.0,1271.0
251,445,Naomi Osaka,R,180.0,26.3,7-5 6-4,Doha,88.0,Caroline Garcia,R,177.0,30.3,747.0,43.0,21.0,2075.0
252,446,Anastasia Potapova,R,175.0,22.8,6-4 6-4,Doha,103.0,Martina Trevisan,L,160.0,30.2,34.0,1403.0,58.0,1105.0
253,447,Karolina Pliskova,R,184.0,31.8,2-6 7-6(3) 6-4,Doha,134.0,Anna Kalinskaya,R,175.0,25.1,59.0,1097.0,40.0,1314.0
254,449,Magda Linette,R,171.0,32.0,6-1 6-4,Doha,112.0,Nao Hibino,R,163.0,29.2,53.0,1185.0,93.0,788.0
255,450,Paula Badosa,R,180.0,26.2,6-3 4-6 6-4,Doha,143.0,Ashlyn Krueger,R,185.0,19.7,79.0,898.0,74.0,942.0
256,451,Leylah Fernandez,L,168.0,21.4,7-5 7-6(4),Doha,130.0,Liudmila Samsonova,R,180.0,25.2,38.0,1355.0,15.0,2590.0
257,456,Marta Kostyuk,R,175.0,21.6,6-3 7-5,Doha,86.0,Caroline Dolehide,R,178.0,25.4,29.0,1517.0,44.0,1263.0
258,457,Anastasia Pavlyuchenkova,R,177.0,32.6,6-2 7-6(2),Doha,101.0,Daria Kasatkina,R,170.0,26.7,32.0,1421.0,13.0,3063.0
259,458,Danielle Collins,R,178.0,30.1,7-5 6-3,Doha,106.0,Veronika Kudermetova,R,175.0,26.8,63.0,1046.0,18.0,2425.0
260,459,Marie Bouzkova,R,180.0,25.5,7-5 2-6 7-5,Doha,174.0,Sofia Kenin,R,170.0,25.2,35.0,1382.0,45.0,1225.0
261,460,Katerina Siniakova,R,174.0,27.7,7-5 6-1,Doha,78.0,Donna Vekic,R,179.0,27.6,42.0,1274.0,27.0,1580.0
262,461,Jasmine Paolini,R,160.0,28.1,4-6 7-5 7-5,Dubai,133.0,Anna Kalinskaya,R,175.0,25.2,26.0,1735.0,40.0,1323.0
263,462,Anna Kalinskaya,R,175.0,25.2,6-4 6-4,Dubai,101.0,Iga Swiatek,R,176.0,22.7,40.0,1323.0,1.0,10300.0
264,463,Jasmine Paolini,R,160.0,28.1,6-2 7-6(6),Dubai,117.0,Sorana Cirstea,R,176.0,33.8,26.0,1735.0,22.0,1893.0
265,465,Anna Kalinskaya,R,175.0,25.2,2-6 6-4 6-2,Dubai,137.0,Coco Gauff,R,175.0,19.9,40.0,1323.0,3.0,7110.0
266,467,Sorana Cirstea,R,176.0,33.8,2-6 7-6(1) 6-2,Dubai,161.0,Marketa Vondrousova,L,173.0,24.6,22.0,1893.0,8.0,3856.0
267,468,Iga Swiatek,R,176.0,22.7,6-1 6-4,Dubai,83.0,Elina Svitolina,R,174.0,29.4,1.0,10300.0,20.0,2212.0
268,470,Coco Gauff,R,175.0,19.9,2-6 6-4 6-3,Dubai,113.0,Karolina Pliskova,R,184.0,31.9,3.0,7110.0,36.0,1462.0
269,471,Anna Kalinskaya,R,175.0,25.2,6-4 7-5,Dubai,93.0,Jelena Ostapenko,R,177.0,26.6,40.0,1323.0,9.0,3533.0
270,472,Jasmine Paolini,R,160.0,28.1,6-4 6-2,Dubai,81.0,Maria Sakkari,R,172.0,28.5,26.0,1735.0,11.0,3455.0
271,473,Elena Rybakina,R,184.0,24.6,7-6(5) 3-6 6-4,Dubai,159.0,Magdalena Frech,R,171.0,26.1,4.0,6738.0,53.0,1190.0
272,474,Marketa Vondrousova,L,173.0,24.6,6-2 6-2,Dubai,75.0,Liudmila Samsonova,R,180.0,25.2,8.0,3856.0,15.0,2590.0
273,475,Sorana Cirstea,R,176.0,33.8,3-6 6-3 7-5,Dubai,135.0,Donna Vekic,R,179.0,27.6,22.0,1893.0,31.0,1580.0
274,476,Iga Swiatek,R,176.0,22.7,6-4 6-4,Dubai,117.0,Sloane Stephens,R,170.0,30.9,1.0,10300.0,41.0,1322.0
275,477,Elina Svitolina,R,174.0,29.4,6-3 6-3,Dubai,72.0,Tatjana Maria,R,172.0,36.5,20.0,2212.0,54.0,1185.0
276,481,Karolina Pliskova,R,184.0,31.9,6-7(2) 6-3 6-4,Dubai,138.0,Ashlyn Krueger,R,185.0,19.7,36.0,1462.0,76.0,936.0
277,485,Jasmine Paolini,R,160.0,28.1,6-3 6-4,Dubai,97.0,Leylah Fernandez,L,168.0,21.4,26.0,1735.0,33.0,1540.0
278,486,Magdalena Frech,R,171.0,26.1,6-4 1-6 6-2,Dubai,120.0,Petra Martic,R,181.0,33.0,53.0,1190.0,61.0,1079.0
279,490,Sorana Cirstea,R,176.0,33.8,6-1 6-4,Dubai,89.0,Veronika Kudermetova,R,175.0,26.8,22.0,1893.0,19.0,2250.0
280,491,Donna Vekic,R,179.0,27.6,6-7(5) 6-3 6-0,Dubai,142.0,Aryna Sabalenka,R,182.0,25.7,31.0,1580.0,2.0,8905.0
281,492,Sloane Stephens,R,170.0,30.9,6-4 1-6 6-2,Dubai,120.0,Clara Burel,R,176.0,22.9,41.0,1322.0,47.0,1224.0
282,494,Elina Svitolina,R,174.0,29.4,6-3 7-6(7),Dubai,100.0,Anhelina Kalinina,R,179.0,27.0,20.0,2212.0,32.0,1545.0
283,496,Anastasia Potapova,R,175.0,22.8,4-6 6-2 6-4,Dubai,128.0,Lin Zhu,R,173.0,30.0,35.0,1467.0,57.0,1152.0
284,497,Nao Hibino,R,163.0,29.2,6-2 3-6 6-4,Dubai,160.0,Magda Linette,R,171.0,32.0,90.0,806.0,48.0,1220.0
285,499,Karolina Pliskova,R,184.0,31.9,6-3 7-5,Dubai,79.0,Shuai Zhang,R,177.0,35.0,36.0,1462.0,776.0,40.0
286,500,Ashlyn Krueger,R,185.0,19.7,3-6 6-3 6-3,Dubai,115.0,Caroline Garcia,R,177.0,30.3,76.0,936.0,21.0,2040.0
287,503,Anna Kalinskaya,R,175.0,25.2,6-1 6-2,Dubai,57.0,Storm Hunter,L,166.0,29.5,40.0,1323.0,128.0,586.0
288,505,Leylah Fernandez,L,168.0,21.4,6-3 6-2,Dubai,79.0,Bernarda Pera,L,175.0,29.2,33.0,1540.0,83.0,877.0
289,506,Jasmine Paolini,R,160.0,28.1,4-6 6-4 6-0,Dubai,118.0,Beatriz Haddad Maia,L,185.0,27.7,26.0,1735.0,14.0,2870.0
290,507,Magdalena Frech,R,171.0,26.1,7-6(2) 6-3,Dubai,94.0,Ekaterina Alexandrova,R,175.0,29.2,53.0,1190.0,17.0,2475.0
291,508,Petra Martic,R,181.0,33.0,6-4 7-6(4),Dubai,114.0,Caroline Dolehide,R,178.0,25.4,61.0,1079.0,45.0,1263.0
292,509,Victoria Azarenka,R,180.0,34.5,6-2 6-4,Dubai,80.0,Arantxa Rus,L,180.0,33.1,27.0,1631.0,43.0,1271.0
293,511,Anastasia Pavlyuchenkova,R,177.0,32.6,6-4 6-3,Dubai,92.0,Marie Bouzkova,R,180.0,25.5,24.0,1810.0,37.0,1429.0
294,512,Liudmila Samsonova,R,180.0,25.2,7-6(2) 6-3,Dubai,97.0,Viktoriya Tomova,R,170.0,28.9,15.0,2590.0,68.0,1009.0
295,513,Veronika Kudermetova,R,175.0,26.8,6-0 1-6 6-0,Dubai,96.0,Dayana Yastremska,R,175.0,23.7,19.0,2250.0,29.0,1607.0
296,514,Sorana Cirstea,R,176.0,33.8,6-3 7-6(2),Dubai,103.0,Sofia Kenin,R,170.0,25.2,22.0,1893.0,55.0,1180.0
297,515,Donna Vekic,R,179.0,27.6,6-2 6-4,Dubai,90.0,Xin Yu Wang,R,182.0,22.3,31.0,1580.0,42.0,1321.0
298,518,Yue Yuan,R,184.0,25.4,6-0 6-3,Austin,70.0,Anna Karolina Schmiedlova,R,176.0,29.4,68.0,1006.0,76.0,925.0
299,519,Anhelina Kalinina,R,179.0,27.0,1-6 6-4 6-2,Austin,138.0,Diane Parry,R,170.0,21.4,35.0,1470.0,62.0,1073.0
300,521,Yue Yuan,R,184.0,25.4,6-3 7-5,Austin,119.0,Yafan Wang,R,170.0,29.8,68.0,1006.0,69.0,993.0
301,523,Anhelina Kalinina,R,179.0,27.0,6-1 6-2,Austin,66.0,Camila Osorio,R,162.0,22.1,35.0,1470.0,98.0,753.0
302,527,Yue Yuan,R,184.0,25.4,6-3 7-6(5),Austin,99.0,Taylor Townsend,L,170.0,27.8,68.0,1006.0,83.0,882.0
303,529,Anna Karolina Schmiedlova,R,176.0,29.4,5-7 7-6(5) 7-5,Austin,170.0,Sachia Vickery,R,162.0,28.7,76.0,925.0,134.0,556.0
304,530,Anastasija Sevastova,R,169.0,33.8,6-3 6-2,Austin,72.0,Sloane Stephens,R,170.0,30.9,485.0,112.0,40.0,1327.0
305,532,Camila Osorio,R,162.0,22.1,6-3 6-2,Austin,90.0,Alize Cornet,R,173.0,34.0,98.0,753.0,104.0,718.0
306,539,Yue Yuan,R,184.0,25.4,3-6 6-3 6-1,Austin,146.0,Arina Rodionova,R,168.0,34.1,68.0,1006.0,99.0,745.0
307,544,Sachia Vickery,R,162.0,28.7,6-2 6-4,Austin,74.0,Rebecca Marino,R,183.0,33.1,134.0,556.0,147.0,520.0
308,546,Sloane Stephens,R,170.0,30.9,6-4 6-0,Austin,89.0,Tereza Martincova,R,178.0,29.3,40.0,1327.0,155.0,485.0
309,547,Katie Boulter,R,180.0,27.5,5-7 6-2 6-2,San Diego,133.0,Marta Kostyuk,R,175.0,21.6,49.0,1218.0,34.0,1521.0
310,548,Marta Kostyuk,R,175.0,21.6,7-6(4) 6-1,San Diego,95.0,Jessica Pegula,R,170.0,30.0,34.0,1521.0,5.0,5050.0
311,550,Jessica Pegula,R,170.0,30.0,6-1 2-6 6-2,San Diego,93.0,Anna Blinkova,R,179.0,25.4,5.0,5050.0,51.0,1192.0
312,551,Marta Kostyuk,R,175.0,21.6,3-6 6-4 6-3,San Diego,132.0,Anastasia Pavlyuchenkova,R,177.0,32.6,34.0,1521.0,25.0,1874.0
313,553,Katie Boulter,R,180.0,27.5,6-4 6-3,San Diego,96.0,Donna Vekic,R,179.0,27.6,49.0,1218.0,28.0,1690.0
314,554,Jessica Pegula,R,170.0,30.0,6-0 6-4,San Diego,64.0,Jule Niemeier,R,178.0,24.5,5.0,5050.0,126.0,590.0
315,555,Anna Blinkova,R,179.0,25.4,7-6(6) 6-2,San Diego,87.0,Dayana Yastremska,R,175.0,23.7,51.0,1192.0,33.0,1532.0
316,556,Anastasia Pavlyuchenkova,R,177.0,32.6,4-6 7-6(5) 6-2,San Diego,136.0,Xin Yu Wang,R,182.0,22.4,25.0,1874.0,41.0,1316.0
317,558,Daria Saville,R,166.0,29.9,5-7 7-6(2) 6-2,San Diego,194.0,Tatjana Maria,R,172.0,36.5,148.0,519.0,47.0,1240.0
318,561,Katie Boulter,R,180.0,27.5,3-6 6-3 6-4,San Diego,141.0,Beatriz Haddad Maia,L,185.0,27.7,49.0,1218.0,13.0,2870.0
319,563,Anna Blinkova,R,179.0,25.4,1-6 6-4 6-1,San Diego,120.0,Caroline Wozniacki,R,177.0,33.6,51.0,1192.0,206.0,372.0
320,564,Dayana Yastremska,R,175.0,23.7,6-4 5-7 6-1,San Diego,128.0,Caroline Dolehide,R,178.0,25.4,33.0,1532.0,45.0,1263.0
321,565,Xin Yu Wang,R,182.0,22.4,6-2 2-6 6-1,San Diego,97.0,Clara Tauson,R,182.0,21.1,41.0,1316.0,92.0,781.0
322,567,Marta Kostyuk,R,175.0,21.6,6-4 4-6 6-2,San Diego,134.0,Ann Li,R,170.0,23.6,34.0,1521.0,167.0,452.0
323,569,Daria Saville,R,166.0,29.9,6-3 6-3,San Diego,81.0,Lin Zhu,R,173.0,30.0,148.0,519.0,58.0,1152.0
324,573,Katie Boulter,R,180.0,27.5,6-3 6-1,San Diego,71.0,Lesia Tsurenko,R,174.0,34.7,49.0,1218.0,36.0,1464.0
325,574,Iga Swiatek,R,176.0,22.7,6-4 6-0,Indian Wells,68.0,Maria Sakkari,R,172.0,28.6,1.0,10105.0,9.0,3565.0
326,575,Iga Swiatek,R,176.0,22.7,6-2 6-1,Indian Wells,69.0,Marta Kostyuk,R,175.0,21.6,1.0,10105.0,32.0,1566.0
327,576,Maria Sakkari,R,172.0,28.6,6-4 6-7(5) 6-2,Indian Wells,161.0,Coco Gauff,R,175.0,19.9,9.0,3565.0,3.0,6975.0
328,578,Marta Kostyuk,R,175.0,21.6,6-0 7-5,Indian Wells,68.0,Anastasia Potapova,R,175.0,22.9,32.0,1566.0,33.0,1557.0
329,579,Coco Gauff,R,175.0,19.9,6-4 6-3,Indian Wells,94.0,Yue Yuan,R,184.0,25.4,3.0,6975.0,49.0,1241.0
330,581,Iga Swiatek,R,176.0,22.7,6-1 6-2,Indian Wells,71.0,Yulia Putintseva,R,163.0,29.1,1.0,10105.0,79.0,898.0
331,582,Caroline Wozniacki,R,177.0,33.6,6-4 6-2,Indian Wells,89.0,Angelique Kerber,L,173.0,36.1,204.0,373.0,607.0,71.0
332,583,Anastasia Potapova,R,175.0,22.9,7-5 0-6 6-3,Indian Wells,107.0,Jasmine Paolini,R,160.0,28.1,33.0,1557.0,14.0,2700.0
333,584,Marta Kostyuk,R,175.0,21.6,6-4 6-1,Indian Wells,78.0,Anastasia Pavlyuchenkova,R,177.0,32.6,32.0,1566.0,24.0,1981.0
334,585,Yue Yuan,R,184.0,25.4,4-6 6-4 6-3,Indian Wells,150.0,Daria Kasatkina,R,170.0,26.8,49.0,1241.0,12.0,3063.0
335,586,Coco Gauff,R,175.0,19.9,6-0 6-2,Indian Wells,66.0,Elise Mertens,R,179.0,28.3,3.0,6975.0,28.0,1646.0
336,587,Maria Sakkari,R,172.0,28.6,6-2 3-6 6-3,Indian Wells,131.0,Diane Parry,R,170.0,21.5,9.0,3565.0,61.0,1098.0
337,590,Yulia Putintseva,R,163.0,29.1,6-4 6-1,Indian Wells,82.0,Madison Keys,R,178.0,29.0,79.0,898.0,20.0,2287.0
338,591,Angelique Kerber,L,173.0,36.1,6-4 7-5,Indian Wells,107.0,Veronika Kudermetova,R,175.0,26.8,607.0,71.0,19.0,2305.0
339,593,Anastasia Potapova,R,175.0,22.9,6-1 6-1,Indian Wells,61.0,Nadia Podoroska,R,170.0,27.0,33.0,1557.0,84.0,852.0
340,594,Jasmine Paolini,R,160.0,28.1,6-3 3-6 6-4,Indian Wells,121.0,Anna Kalinskaya,R,175.0,25.2,14.0,2700.0,25.0,1943.0
341,595,Anastasia Pavlyuchenkova,R,177.0,32.6,2-6 6-4 6-3,Indian Wells,158.0,Beatriz Haddad Maia,L,185.0,27.7,24.0,1981.0,13.0,2870.0
342,597,Yue Yuan,R,184.0,25.4,1-6 6-4 7-6(2),Indian Wells,146.0,Caroline Dolehide,R,178.0,25.5,49.0,1241.0,51.0,1200.0
343,598,Daria Kasatkina,R,170.0,26.8,2-6 6-4 6-4,Indian Wells,133.0,Sloane Stephens,R,170.0,30.9,12.0,3063.0,44.0,1297.0
344,599,Elise Mertens,R,179.0,28.3,7-5 6-4,Indian Wells,116.0,Naomi Osaka,R,180.0,26.3,28.0,1646.0,287.0,258.0
345,601,Diane Parry,R,170.0,21.5,6-4 6-3,Indian Wells,113.0,Anna Blinkova,R,179.0,25.4,61.0,1098.0,45.0,1270.0
346,602,Maria Sakkari,R,172.0,28.6,6-3 6-4,Indian Wells,77.0,Caroline Garcia,R,177.0,30.3,9.0,3565.0,26.0,1920.0
347,604,Aryna Sabalenka,R,182.0,25.8,6-3 7-5,Indian Wells,95.0,Emma Raducanu,R,175.0,21.3,2.0,8725.0,250.0,301.0
348,605,Iga Swiatek,R,176.0,22.7,6-3 6-0,Indian Wells,81.0,Danielle Collins,R,178.0,30.2,1.0,10105.0,56.0,1180.0
349,608,Yulia Putintseva,R,163.0,29.1,7-5 6-1,Indian Wells,89.0,Ekaterina Alexandrova,R,175.0,29.3,79.0,898.0,16.0,2475.0
350,609,Angelique Kerber,L,173.0,36.1,5-7 6-3 6-3,Indian Wells,133.0,Jelena Ostapenko,R,177.0,26.7,607.0,71.0,10.0,3548.0
351,610,Veronika Kudermetova,R,175.0,26.8,6-1 7-5,Indian Wells,94.0,Nao Hibino,R,163.0,29.2,19.0,2305.0,80.0,888.0
352,611,Caroline Wozniacki,R,177.0,33.6,7-6(5) 6-3,Indian Wells,102.0,Donna Vekic,R,179.0,27.6,204.0,373.0,36.0,1518.0
353,613,Nadia Podoroska,R,170.0,27.0,7-6(3) 6-4,Indian Wells,137.0,Kayla Day,L,173.0,24.4,84.0,852.0,88.0,818.0
354,614,Anastasia Potapova,R,175.0,22.9,7-5 6-1,Indian Wells,99.0,Marie Bouzkova,R,180.0,25.6,33.0,1557.0,40.0,1379.0
355,615,Anna Kalinskaya,R,175.0,25.2,7-5 3-6 6-4,Indian Wells,143.0,Taylor Townsend,L,170.0,27.8,25.0,1943.0,77.0,911.0
356,616,Jasmine Paolini,R,160.0,28.1,6-3 6-3,Indian Wells,77.0,Tatjana Maria,R,172.0,36.5,14.0,2700.0,46.0,1270.0
357,618,Anastasia Pavlyuchenkova,R,177.0,32.6,6-3 6-1,Indian Wells,65.0,Nuria Parrizas Diaz,R,167.0,32.6,24.0,1981.0,134.0,559.0
358,620,Marketa Vondrousova,L,173.0,24.6,6-0 6-2,Indian Wells,64.0,Bernarda Pera,L,175.0,29.2,7.0,4070.0,78.0,906.0
359,622,Caroline Dolehide,R,178.0,25.5,7-5 2-6 6-3,Indian Wells,145.0,Victoria Azarenka,R,180.0,34.5,51.0,1200.0,30.0,1591.0
360,623,Sloane Stephens,R,170.0,30.9,6-0 7-5,Indian Wells,80.0,Sorana Cirstea,R,176.0,33.9,44.0,1297.0,22.0,2223.0
361,625,Naomi Osaka,R,180.0,26.3,7-5 6-3,Indian Wells,97.0,Liudmila Samsonova,R,180.0,25.3,287.0,258.0,15.0,2605.0
362,626,Elise Mertens,R,179.0,28.3,6-1 6-4,Indian Wells,80.0,Xin Yu Wang,R,182.0,22.4,28.0,1646.0,42.0,1346.0
363,628,Coco Gauff,R,175.0,19.9,2-6 6-3 7-6(4),Indian Wells,136.0,Clara Burel,R,176.0,22.9,3.0,6975.0,47.0,1253.0
364,629,Anna Blinkova,R,179.0,25.4,6-2 3-6 6-3,Indian Wells,125.0,Jessica Pegula,R,170.0,30.0,45.0,1270.0,5.0,5145.0
365,630,Diane Parry,R,170.0,21.5,7-5 5-7 6-2,Indian Wells,177.0,Leylah Fernandez,L,168.0,21.4,61.0,1098.0,34.0,1545.0
366,631,Caroline Garcia,R,177.0,30.3,6-1 3-6 6-3,Indian Wells,96.0,Viktoriya Tomova,R,170.0,29.0,26.0,1920.0,75.0,949.0
367,633,Elina Svitolina,R,174.0,29.4,6-3 2-6 6-1,Indian Wells,118.0,Katerina Siniakova,R,174.0,27.8,17.0,2332.0,41.0,1352.0
368,638,Camila Giorgi,R,168.0,32.1,6-3 6-2,Indian Wells,78.0,Katie Boulter,R,180.0,27.5,106.0,691.0,27.0,1700.0
369,640,Yulia Putintseva,R,163.0,29.1,6-2 6-3,Indian Wells,93.0,Tamara Korpatsch,R,170.0,28.8,79.0,898.0,76.0,918.0
370,641,Angelique Kerber,L,173.0,36.1,6-3 6-4,Indian Wells,89.0,Petra Martic,R,181.0,33.1,607.0,71.0,58.0,1143.0
371,642,Nao Hibino,R,163.0,29.2,2-6 6-3 6-0,Indian Wells,121.0,Venus Williams,R,185.0,43.7,80.0,888.0,487.0,112.0
372,643,Caroline Wozniacki,R,177.0,33.6,7-6(6) 6-1,Indian Wells,107.0,Lin Zhu,R,173.0,30.1,204.0,373.0,62.0,1072.0
373,645,Nadia Podoroska,R,170.0,27.0,3-6 6-3 6-3,Indian Wells,121.0,Ashlyn Krueger,R,185.0,19.8,84.0,852.0,71.0,983.0
374,646,Marie Bouzkova,R,180.0,25.6,6-1 6-1,Indian Wells,76.0,Sara Sorribes Tormo,R,176.0,27.4,40.0,1379.0,50.0,1209.0
375,647,Taylor Townsend,L,170.0,27.8,3-6 7-6(3) 6-1,Indian Wells,152.0,Magda Linette,R,171.0,32.0,77.0,911.0,54.0,1190.0
376,648,Tatjana Maria,R,172.0,36.5,7-6(5) 6-2,Indian Wells,112.0,Arantxa Rus,L,180.0,33.2,46.0,1270.0,48.0,1244.0
377,652,Bernarda Pera,L,175.0,29.2,7-5 4-6 7-6(5),Indian Wells,188.0,Daria Saville,R,166.0,30.0,78.0,906.0,116.0,652.0
378,655,Sloane Stephens,R,170.0,30.9,7-5 6-3,Indian Wells,92.0,Mayar Sherif,R,180.0,27.8,44.0,1297.0,70.0,983.0
379,657,Naomi Osaka,R,180.0,26.3,6-3 6-1,Indian Wells,69.0,Sara Errani,R,164.0,36.8,287.0,258.0,100.0,727.0
380,658,Xin Yu Wang,R,182.0,22.4,6-0 6-4,Indian Wells,70.0,Anna Karolina Schmiedlova,R,176.0,29.4,42.0,1346.0,69.0,993.0
381,661,Anna Blinkova,R,179.0,25.4,6-1 2-6 6-4,Indian Wells,106.0,Karolina Pliskova,R,184.0,31.9,45.0,1270.0,39.0,1392.0
382,662,Diane Parry,R,170.0,21.5,7-5 6-3,Indian Wells,121.0,Martina Trevisan,L,160.0,30.3,61.0,1098.0,59.0,1125.0
383,663,Viktoriya Tomova,R,170.0,29.0,6-4 7-6(5),Indian Wells,99.0,Sofia Kenin,R,170.0,25.3,75.0,949.0,55.0,1189.0
384,667,Emma Raducanu,R,175.0,21.3,6-2 6-3,Indian Wells,105.0,Rebeka Masarova,R,186.0,24.5,250.0,301.0,96.0,757.0
385,669,Danielle Collins,R,178.0,30.2,6-3 6-2,Miami,75.0,Ekaterina Alexandrova,R,175.0,29.3,53.0,1205.0,16.0,2475.0
386,670,Elena Rybakina,R,184.0,24.7,6-4 0-6 7-6(2),Miami,153.0,Victoria Azarenka,R,180.0,34.6,4.0,5848.0,32.0,1591.0
387,671,Ekaterina Alexandrova,R,175.0,29.3,3-6 6-4 6-4,Miami,118.0,Jessica Pegula,R,170.0,30.0,16.0,2475.0,5.0,5035.0
388,672,Danielle Collins,R,178.0,30.2,6-3 6-2,Miami,80.0,Caroline Garcia,R,177.0,30.4,53.0,1205.0,27.0,1865.0
389,673,Elena Rybakina,R,184.0,24.7,7-5 6-7(4) 6-4,Miami,168.0,Maria Sakkari,R,172.0,28.6,4.0,5848.0,9.0,3825.0
390,674,Victoria Azarenka,R,180.0,34.6,7-6(4) 1-6 6-3,Miami,175.0,Yulia Putintseva,R,163.0,29.1,32.0,1591.0,68.0,1008.0
391,675,Ekaterina Alexandrova,R,175.0,29.3,6-4 6-2,Miami,84.0,Iga Swiatek,R,176.0,22.7,16.0,2475.0,1.0,10715.0
392,677,Caroline Garcia,R,177.0,30.4,6-3 1-6 6-2,Miami,103.0,Coco Gauff,R,175.0,20.0,27.0,1865.0,3.0,7150.0
393,678,Danielle Collins,R,178.0,30.2,6-3 6-2,Miami,89.0,Sorana Cirstea,R,176.0,33.9,53.0,1205.0,24.0,2018.0
394,680,Elena Rybakina,R,184.0,24.7,6-3 7-5,Miami,84.0,Madison Keys,R,178.0,29.0,4.0,5848.0,18.0,2342.0
395,681,Victoria Azarenka,R,180.0,34.6,7-5 6-1,Miami,107.0,Katie Boulter,R,180.0,27.6,32.0,1591.0,30.0,1690.0
396,682,Yulia Putintseva,R,163.0,29.1,6-4 7-6(5),Miami,143.0,Anhelina Kalinina,R,179.0,27.1,68.0,1008.0,36.0,1483.0
397,684,Ekaterina Alexandrova,R,175.0,29.3,6-4 3-6 6-3,Miami,125.0,Anastasia Pavlyuchenkova,R,177.0,32.7,16.0,2475.0,22.0,2091.0
398,686,Jessica Pegula,R,170.0,30.0,7-5 6-4,Miami,101.0,Leylah Fernandez,L,168.0,21.5,5.0,5035.0,35.0,1490.0
399,688,Caroline Garcia,R,177.0,30.4,7-6(4) 7-5,Miami,108.0,Naomi Osaka,R,180.0,26.4,27.0,1865.0,229.0,323.0
400,689,Sorana Cirstea,R,176.0,33.9,7-5 6-2,Miami,88.0,Daria Kasatkina,R,170.0,26.8,24.0,2018.0,11.0,3118.0
401,691,Maria Sakkari,R,172.0,28.6,7-5 6-4,Miami,125.0,Dayana Yastremska,R,175.0,23.8,9.0,3825.0,33.0,1577.0
402,692,Anna Kalinskaya,R,175.0,25.2,6-3 6-1,Miami,69.0,Jelena Ostapenko,R,177.0,26.7,25.0,1973.0,10.0,3493.0
403,693,Madison Keys,R,178.0,29.0,6-4 7-6(5),Miami,103.0,Xin Yu Wang,R,182.0,22.4,18.0,2342.0,43.0,1316.0
404,694,Elena Rybakina,R,184.0,24.7,6-3 6-7(3) 6-4,Miami,144.0,Taylor Townsend,L,170.0,27.9,4.0,5848.0,72.0,974.0
405,696,Katie Boulter,R,180.0,27.6,6-2 6-3,Miami,90.0,Beatriz Haddad Maia,L,185.0,27.8,30.0,1690.0,13.0,2870.0
406,698,Anhelina Kalinina,R,179.0,27.1,6-4 1-6 6-1,Miami,122.0,Aryna Sabalenka,R,182.0,25.8,36.0,1483.0,2.0,8195.0
407,699,Iga Swiatek,R,176.0,22.7,6-1 6-1,Miami,67.0,Camila Giorgi,R,168.0,32.2,1.0,10715.0,107.0,691.0
408,701,Anastasia Pavlyuchenkova,R,177.0,32.7,6-2 6-1,Miami,75.0,Shelby Rogers,R,175.0,31.4,22.0,2091.0,325.0,208.0
409,702,Ekaterina Alexandrova,R,175.0,29.3,6-3 6-4,Miami,83.0,Donna Vekic,R,179.0,27.7,16.0,2475.0,34.0,1518.0
410,707,Coco Gauff,R,175.0,20.0,6-1 6-2,Miami,77.0,Nadia Podoroska,R,170.0,27.0,3.0,7150.0,78.0,919.0
411,710,Naomi Osaka,R,180.0,26.4,6-2 7-6(5),Miami,90.0,Elina Svitolina,R,174.0,29.5,229.0,323.0,17.0,2397.0
412,712,Sorana Cirstea,R,176.0,33.9,6-2 6-1,Miami,52.0,Sloane Stephens,R,170.0,30.9,24.0,2018.0,41.0,1352.0
413,713,Danielle Collins,R,178.0,30.2,6-2 6-2,Miami,62.0,Anastasia Potapova,R,175.0,22.9,53.0,1205.0,29.0,1707.0
414,715,Maria Sakkari,R,172.0,28.6,6-2 6-2,Miami,79.0,Yue Yuan,R,184.0,25.4,9.0,3825.0,37.0,1436.0
415,716,Dayana Yastremska,R,175.0,23.8,7-5 7-5,Miami,125.0,Daria Saville,R,166.0,30.0,33.0,1577.0,115.0,661.0
416,718,Jelena Ostapenko,R,177.0,26.7,7-6(3) 6-4,Miami,123.0,Laura Siegemund,R,168.0,36.0,10.0,3493.0,90.0,795.0
417,719,Xin Yu Wang,R,182.0,22.4,6-3 6-2,Miami,88.0,Veronika Kudermetova,R,175.0,26.8,43.0,1316.0,19.0,2305.0
418,721,Taylor Townsend,L,170.0,27.9,6-2 6-2,Miami,78.0,Elise Mertens,R,179.0,28.3,72.0,974.0,28.0,1756.0
419,722,Elena Rybakina,R,184.0,24.7,3-6 7-5 6-4,Miami,147.0,Clara Tauson,R,182.0,21.2,4.0,5848.0,91.0,793.0
420,726,Beatriz Haddad Maia,L,185.0,27.8,3-6 6-1 6-4,Miami,140.0,Diane Parry,R,170.0,21.5,13.0,2870.0,54.0,1200.0
421,727,Yulia Putintseva,R,163.0,29.1,6-1 4-6 6-3,Miami,141.0,Liudmila Samsonova,R,180.0,25.3,68.0,1008.0,15.0,2605.0
422,729,Anhelina Kalinina,R,179.0,27.1,5-7 7-5 6-4,Miami,198.0,Caroline Wozniacki,R,177.0,33.6,36.0,1483.0,129.0,588.0
423,730,Aryna Sabalenka,R,182.0,25.8,6-4 6-3,Miami,83.0,Paula Badosa,R,180.0,26.3,2.0,8195.0,80.0,906.0
424,731,Camila Giorgi,R,168.0,32.2,6-4 6-2,Miami,95.0,Magdalena Frech,R,171.0,26.2,107.0,691.0,47.0,1270.0
425,734,Donna Vekic,R,179.0,27.7,6-4 2-6 6-2,Miami,121.0,Karolina Pliskova,R,184.0,31.9,34.0,1518.0,46.0,1282.0
426,738,Lin Zhu,R,173.0,30.1,6-2 6-4,Miami,84.0,Marie Bouzkova,R,180.0,25.6,63.0,1072.0,39.0,1404.0
427,739,Nadia Podoroska,R,170.0,27.0,6-4 6-2,Miami,81.0,Ashlyn Krueger,R,185.0,19.8,78.0,919.0,75.0,963.0
428,740,Arantxa Rus,L,180.0,33.2,6-0 6-3,Miami,102.0,Sara Sorribes Tormo,R,176.0,27.4,57.0,1174.0,52.0,1218.0
429,741,Viktoriya Tomova,R,170.0,29.0,6-2 6-4,Miami,99.0,Tamara Korpatsch,R,170.0,28.8,73.0,969.0,77.0,928.0
430,743,Claire Liu,R,170.0,23.8,6-4 6-1,Miami,79.0,Petra Martic,R,181.0,33.1,114.0,662.0,60.0,1143.0
431,744,Sloane Stephens,R,170.0,30.9,6-2 6-3,Miami,70.0,Angelique Kerber,L,173.0,36.1,41.0,1352.0,342.0,191.0
432,745,Danielle Collins,R,178.0,30.2,3-6 6-1 6-1,Miami,106.0,Bernarda Pera,L,175.0,29.2,53.0,1205.0,81.0,906.0
433,747,Yue Yuan,R,184.0,25.4,6-4 6-2,Miami,99.0,Anna Blinkova,R,179.0,25.5,37.0,1436.0,44.0,1300.0
434,748,Daria Saville,R,166.0,30.0,6-4 2-6 6-4,Miami,152.0,Shuai Zhang,R,177.0,35.1,115.0,661.0,711.0,49.0
435,750,Laura Siegemund,R,168.0,36.0,4-6 6-2 6-2,Miami,160.0,Aleksandra Krunic,R,163.0,31.0,90.0,795.0,626.0,66.0
436,754,Clara Tauson,R,182.0,21.2,6-3 3-6 6-2,Miami,120.0,Caroline Dolehide,R,178.0,25.5,91.0,793.0,50.0,1245.0
437,755,Katerina Siniakova,R,174.0,27.8,6-2 6-4,Miami,84.0,Ana Bogdan,R,171.0,31.3,42.0,1352.0,66.0,1054.0
438,758,Diane Parry,R,170.0,21.5,7-6(2) 6-2,Miami,105.0,Jaqueline Cristian,R,180.0,25.7,54.0,1200.0,82.0,884.0
439,760,Lesia Tsurenko,R,174.0,34.8,2-6 6-1 6-4,Miami,144.0,Magda Linette,R,171.0,32.0,40.0,1387.0,55.0,1190.0
440,761,Caroline Wozniacki,R,177.0,33.6,6-1 6-4,Miami,78.0,Clara Burel,R,176.0,22.9,129.0,588.0,45.0,1287.0
441,763,Danielle Collins,R,178.0,30.2,7-5 6-3,Miami,122.0,Elena Rybakina,R,184.0,24.7,53.0,1205.0,4.0,5848.0
442,764,Camila Osorio,R,162.0,22.2,6-3 7-6(5),Bogota,115.0,Marie Bouzkova,R,180.0,25.6,85.0,822.0,42.0,1349.0
443,766,Camila Osorio,R,162.0,22.2,7-6(4) 6-4,Bogota,111.0,Sara Errani,R,164.0,36.9,85.0,822.0,117.0,654.0
444,767,Marie Bouzkova,R,180.0,25.6,2-6 6-2 7-5,Bogota,178.0,Laura Siegemund,R,168.0,36.0,42.0,1349.0,89.0,795.0
445,770,Camila Osorio,R,162.0,22.2,1-6 6-3 6-3,Bogota,109.0,Tatjana Maria,R,172.0,36.6,85.0,822.0,46.0,1270.0
446,776,Sara Errani,R,164.0,36.9,6-2 4-6 6-4,Bogota,180.0,Sara Sorribes Tormo,R,176.0,27.4,117.0,654.0,50.0,1227.0
447,779,Marie Bouzkova,R,180.0,25.6,6-0 6-3,Bogota,74.0,Rebecca Marino,R,183.0,33.2,42.0,1349.0,156.0,466.0
448,787,Laura Pigossi,R,164.0,29.6,6-4 6-1,Bogota,75.0,Nadia Podoroska,R,170.0,27.1,119.0,653.0,67.0,1051.0
449,795,Danielle Collins,R,178.0,30.2,6-2 6-1,Charleston,77.0,Daria Kasatkina,R,170.0,26.9,22.0,2140.0,11.0,3173.0
450,796,Daria Kasatkina,R,170.0,26.9,6-4 4-6 7-6(5),Charleston,167.0,Jessica Pegula,R,170.0,30.0,11.0,3173.0,5.0,4860.0
451,797,Danielle Collins,R,178.0,30.2,6-3 6-3,Charleston,85.0,Maria Sakkari,R,172.0,28.6,22.0,2140.0,7.0,4030.0
452,798,Jessica Pegula,R,170.0,30.0,6-4 3-6 7-6(7),Charleston,156.0,Victoria Azarenka,R,180.0,34.6,5.0,4860.0,26.0,1916.0
453,799,Daria Kasatkina,R,170.0,26.9,6-7(4) 6-2 6-3,Charleston,162.0,Jaqueline Cristian,R,180.0,25.8,11.0,3173.0,83.0,844.0
454,800,Maria Sakkari,R,172.0,28.6,6-2 6-4,Charleston,93.0,Veronika Kudermetova,R,175.0,26.9,7.0,4030.0,19.0,2305.0
455,801,Danielle Collins,R,178.0,30.2,6-3 6-4,Charleston,83.0,Elise Mertens,R,179.0,28.3,22.0,2140.0,30.0,1646.0
456,802,Jessica Pegula,R,170.0,30.0,6-2 6-2,Charleston,59.0,Magda Linette,R,171.0,32.1,5.0,4860.0,63.0,1080.0
457,803,Victoria Azarenka,R,180.0,34.6,6-7(5) 6-3 6-4,Charleston,166.0,Taylor Townsend,L,170.0,27.9,26.0,1916.0,68.0,1034.0
458,804,Daria Kasatkina,R,170.0,26.9,6-1 6-4,Charleston,83.0,Anhelina Kalinina,R,179.0,27.1,11.0,3173.0,33.0,1593.0
459,806,Veronika Kudermetova,R,175.0,26.9,7-5 6-1,Charleston,97.0,Beatriz Haddad Maia,L,185.0,27.8,19.0,2305.0,13.0,2870.0
460,807,Maria Sakkari,R,172.0,28.6,6-4 6-1,Charleston,90.0,Astra Sharma,R,178.0,28.5,7.0,4030.0,135.0,544.0
461,808,Elise Mertens,R,179.0,28.3,6-4 6-1,Charleston,66.0,Elina Svitolina,R,174.0,29.5,30.0,1646.0,17.0,2406.0
462,809,Danielle Collins,R,178.0,30.2,6-2 6-2,Charleston,71.0,Sloane Stephens,R,170.0,31.0,22.0,2140.0,40.0,1377.0
463,810,Jessica Pegula,R,170.0,30.0,3-6 6-4 7-6(3),Charleston,146.0,Amanda Anisimova,R,180.0,22.5,5.0,4860.0,264.0,280.0
464,811,Magda Linette,R,171.0,32.1,0-6 6-4 6-3,Charleston,106.0,Dayana Yastremska,R,175.0,23.8,63.0,1080.0,32.0,1597.0
465,813,Taylor Townsend,L,170.0,27.9,7-5 6-2,Charleston,97.0,Ekaterina Alexandrova,R,175.0,29.3,68.0,1034.0,15.0,2650.0
466,814,Daria Kasatkina,R,170.0,26.9,6-3 0-6 6-1,Charleston,108.0,Ashlyn Krueger,R,185.0,19.9,11.0,3173.0,73.0,963.0
467,815,Anhelina Kalinina,R,179.0,27.1,6-2 6-3,Charleston,80.0,Caroline Wozniacki,R,177.0,33.7,33.0,1593.0,126.0,623.0
468,817,Jaqueline Cristian,R,180.0,25.8,3-6 6-3 6-3,Charleston,122.0,Madison Keys,R,178.0,29.1,83.0,844.0,18.0,2397.0
469,818,Beatriz Haddad Maia,L,185.0,27.8,6-2 7-5,Charleston,100.0,Caroline Dolehide,R,178.0,25.5,13.0,2870.0,47.0,1240.0
470,819,Veronika Kudermetova,R,175.0,26.9,7-6(5) 6-4,Charleston,112.0,Shelby Rogers,R,175.0,31.4,19.0,2305.0,325.0,208.0
471,820,Astra Sharma,R,178.0,28.5,6-4 6-0,Charleston,76.0,Lesia Tsurenko,R,174.0,34.8,135.0,544.0,39.0,1392.0
472,821,Maria Sakkari,R,172.0,28.6,6-3 6-3,Charleston,80.0,Viktoriya Tomova,R,170.0,29.0,7.0,4030.0,74.0,949.0
473,822,Elina Svitolina,R,174.0,29.5,6-2 6-4,Charleston,81.0,Daria Saville,R,166.0,30.0,17.0,2406.0,108.0,695.0
474,824,Sloane Stephens,R,170.0,31.0,6-4 6-4,Charleston,105.0,Leylah Fernandez,L,168.0,21.5,40.0,1377.0,34.0,1520.0
475,825,Danielle Collins,R,178.0,30.2,6-3 1-6 6-3,Charleston,122.0,Ons Jabeur,R,167.0,29.5,22.0,2140.0,6.0,4118.0
476,826,Amanda Anisimova,R,180.0,22.5,6-3 6-0,Charleston,85.0,Alize Cornet,R,173.0,34.1,264.0,280.0,97.0,743.0
477,827,Magda Linette,R,171.0,32.1,6-3 6-4,Charleston,93.0,Petra Martic,R,181.0,33.1,63.0,1080.0,61.0,1088.0
478,829,Taylor Townsend,L,170.0,27.9,6-3 6-3,Charleston,82.0,Sofia Kenin,R,170.0,25.3,68.0,1034.0,57.0,1109.0
479,833,Jaqueline Cristian,R,180.0,25.8,6-1 6-4,Charleston,95.0,Sachia Vickery,R,162.0,28.8,83.0,844.0,132.0,580.0
480,834,Caroline Dolehide,R,178.0,25.5,6-3 0-6 6-4,Charleston,121.0,Kayla Day,L,173.0,24.5,47.0,1240.0,84.0,840.0
481,835,Shelby Rogers,R,175.0,31.4,6-1 6-1,Charleston,73.0,Claire Liu,R,170.0,23.8,325.0,208.0,116.0,662.0
482,836,Astra Sharma,R,178.0,28.5,6-4 6-1,Charleston,72.0,Arina Rodionova,R,168.0,34.2,135.0,544.0,101.0,731.0
483,837,Viktoriya Tomova,R,170.0,29.0,6-4 3-6 6-2,Charleston,156.0,Mayar Sherif,R,180.0,27.9,74.0,949.0,72.0,973.0
484,838,Daria Saville,R,166.0,30.0,6-4 3-6 6-2,Charleston,134.0,Tamara Korpatsch,R,170.0,28.8,108.0,695.0,76.0,938.0
485,840,Sloane Stephens,R,170.0,31.0,6-0 6-2,Charleston,66.0,Magdalena Frech,R,171.0,26.2,40.0,1377.0,53.0,1195.0
486,841,Danielle Collins,R,178.0,30.2,6-1 6-4,Charleston,81.0,Paula Badosa,R,180.0,26.3,22.0,2140.0,82.0,876.0
487,842,Sloane Stephens,R,170.0,31.0,6-1 2-6 6-2,Rouen,130.0,Magda Linette,R,171.0,32.1,39.0,1407.0,60.0,1085.0
488,843,Magda Linette,R,171.0,32.1,6-1 4-6 6-2,Rouen,129.0,Anhelina Kalinina,R,179.0,27.1,60.0,1085.0,32.0,1623.0
489,844,Sloane Stephens,R,170.0,31.0,6-3 6-2,Rouen,75.0,Caroline Garcia,R,177.0,30.4,39.0,1407.0,23.0,2070.0
490,845,Magda Linette,R,171.0,32.1,7-6(9) 6-1,Rouen,128.0,Arantxa Rus,L,180.0,33.3,60.0,1085.0,53.0,1188.0
491,847,Sloane Stephens,R,170.0,31.0,6-2 6-2,Rouen,69.0,Yue Yuan,R,184.0,25.5,39.0,1407.0,38.0,1451.0
492,849,Arantxa Rus,L,180.0,33.3,6-3 1-6 6-3,Rouen,133.0,Anastasia Pavlyuchenkova,R,177.0,32.7,53.0,1188.0,22.0,2141.0
493,851,Anhelina Kalinina,R,179.0,27.1,6-2 6-3,Rouen,93.0,Martina Trevisan,L,160.0,30.4,32.0,1623.0,78.0,898.0
494,853,Sloane Stephens,R,170.0,31.0,6-3 6-2,Rouen,70.0,Karolina Pliskova,R,184.0,32.0,39.0,1407.0,47.0,1227.0
495,856,Caroline Garcia,R,177.0,30.4,6-1 6-0,Rouen,48.0,Anna Karolina Schmiedlova,R,176.0,29.5,23.0,2070.0,68.0,983.0
496,861,Anhelina Kalinina,R,179.0,27.1,6-4 7-5,Rouen,126.0,Alize Cornet,R,173.0,34.2,32.0,1623.0,106.0,728.0
497,862,Martina Trevisan,L,160.0,30.4,6-4 6-2,Rouen,92.0,Naomi Osaka,R,180.0,26.4,78.0,898.0,192.0,388.0
498,868,Yue Yuan,R,184.0,25.5,6-3 7-6(7),Rouen,116.0,Mayar Sherif,R,180.0,27.9,38.0,1451.0,72.0,973.0
499,869,Clara Burel,R,176.0,23.0,3-6 6-3 6-2,Rouen,132.0,Katarina Zavatska,R,173.0,24.1,44.0,1296.0,182.0,401.0
500,873,Elena Rybakina,R,184.0,24.8,6-2 6-2,Stuttgart,69.0,Marta Kostyuk,R,175.0,21.7,4.0,5848.0,27.0,1911.0
501,874,Elena Rybakina,R,184.0,24.8,6-3 4-6 6-3,Stuttgart,169.0,Iga Swiatek,R,176.0,22.8,4.0,5848.0,1.0,10835.0
502,875,Marta Kostyuk,R,175.0,21.7,7-6(2) 6-2,Stuttgart,95.0,Marketa Vondrousova,L,173.0,24.7,27.0,1911.0,8.0,3895.0
503,876,Iga Swiatek,R,176.0,22.8,7-6(2) 6-3,Stuttgart,123.0,Emma Raducanu,R,175.0,21.4,1.0,10835.0,303.0,236.0
504,877,Elena Rybakina,R,184.0,24.8,6-3 5-7 6-3,Stuttgart,128.0,Jasmine Paolini,R,160.0,28.2,4.0,5848.0,14.0,2865.0
505,878,Marta Kostyuk,R,175.0,21.7,3-6 6-4 7-6(6),Stuttgart,168.0,Coco Gauff,R,175.0,20.0,27.0,1911.0,3.0,7205.0
506,879,Marketa Vondrousova,L,173.0,24.7,3-6 6-3 7-5,Stuttgart,121.0,Aryna Sabalenka,R,182.0,25.9,8.0,3895.0,2.0,8045.0
507,880,Iga Swiatek,R,176.0,22.8,6-3 6-4,Stuttgart,93.0,Elise Mertens,R,179.0,28.4,1.0,10835.0,30.0,1744.0
508,882,Elena Rybakina,R,184.0,24.8,7-6(3) 1-6 6-4,Stuttgart,153.0,Veronika Kudermetova,R,175.0,26.9,4.0,5848.0,19.0,2383.0
509,883,Jasmine Paolini,R,160.0,28.2,7-6(8) 6-4,Stuttgart,105.0,Ons Jabeur,R,167.0,29.6,14.0,2865.0,9.0,3658.0
510,885,Coco Gauff,R,175.0,20.0,6-3 4-6 7-5,Stuttgart,146.0,Sachia Vickery,R,162.0,28.9,3.0,7205.0,134.0,550.0
511,886,Marketa Vondrousova,L,173.0,24.7,7-6(5) 6-1,Stuttgart,77.0,Anastasia Potapova,R,175.0,23.0,8.0,3895.0,36.0,1502.0
512,888,Elise Mertens,R,179.0,28.4,6-1 4-6 6-0,Stuttgart,103.0,Tatjana Maria,R,172.0,36.6,30.0,1744.0,66.0,1044.0
513,889,Emma Raducanu,R,175.0,21.4,6-2 6-1,Stuttgart,84.0,Angelique Kerber,L,173.0,36.2,303.0,236.0,332.0,201.0
514,891,Veronika Kudermetova,R,175.0,26.9,5-7 6-4 6-4,Stuttgart,186.0,Barbora Krejcikova,R,178.0,28.3,19.0,2383.0,24.0,1996.0
515,892,Jasmine Paolini,R,160.0,28.2,6-1 6-0,Stuttgart,46.0,Sara Errani,R,164.0,36.9,14.0,2865.0,102.0,737.0
516,893,Ons Jabeur,R,167.0,29.6,2-6 6-3 7-6(1),Stuttgart,120.0,Ekaterina Alexandrova,R,175.0,29.4,9.0,3658.0,16.0,2560.0
517,895,Marta Kostyuk,R,175.0,21.7,6-3 6-7(4) 6-4,Stuttgart,189.0,Laura Siegemund,R,168.0,36.1,27.0,1911.0,84.0,848.0
518,896,Sachia Vickery,R,162.0,28.9,7-6(2) 7-5,Stuttgart,113.0,Aliaksandra Sasnovich,R,174.0,30.0,134.0,550.0,110.0,701.0
519,897,Marketa Vondrousova,L,173.0,24.7,6-4 6-3,Stuttgart,86.0,Donna Vekic,R,179.0,27.7,8.0,3895.0,37.0,1488.0
520,898,Anastasia Potapova,R,175.0,23.0,6-4 4-6 6-3,Stuttgart,147.0,Liudmila Samsonova,R,180.0,25.4,36.0,1502.0,17.0,2550.0
521,900,Iga Swiatek,R,176.0,22.8,7-5 4-6 7-6(7),Madrid,191.0,Aryna Sabalenka,R,182.0,25.9,1.0,10560.0,2.0,7848.0
522,901,Iga Swiatek,R,176.0,22.8,6-1 6-3,Madrid,70.0,Madison Keys,R,178.0,29.1,1.0,10560.0,20.0,2298.0
523,902,Aryna Sabalenka,R,182.0,25.9,1-6 7-5 7-6(5),Madrid,137.0,Elena Rybakina,R,184.0,24.8,2.0,7848.0,4.0,6293.0
524,903,Iga Swiatek,R,176.0,22.8,4-6 6-0 6-2,Madrid,149.0,Beatriz Haddad Maia,L,185.0,27.8,1.0,10560.0,14.0,2830.0
525,904,Madison Keys,R,178.0,29.1,0-6 7-5 6-1,Madrid,93.0,Ons Jabeur,R,167.0,29.6,20.0,2298.0,9.0,3533.0
526,905,Elena Rybakina,R,184.0,24.8,4-6 7-6(4) 7-5,Madrid,168.0,Yulia Putintseva,R,163.0,29.2,4.0,6293.0,50.0,1213.0
527,907,Iga Swiatek,R,176.0,22.8,6-1 6-0,Madrid,67.0,Sara Sorribes Tormo,R,176.0,27.5,1.0,10560.0,55.0,1148.0
528,908,Beatriz Haddad Maia,L,185.0,27.8,6-4 6-4,Madrid,109.0,Maria Sakkari,R,172.0,28.7,14.0,2830.0,6.0,4195.0
529,909,Madison Keys,R,178.0,29.1,7-6(4) 4-6 6-4,Madrid,150.0,Coco Gauff,R,175.0,20.1,20.0,2298.0,3.0,7258.0
530,910,Ons Jabeur,R,167.0,29.6,6-0 6-4,Madrid,67.0,Jelena Ostapenko,R,177.0,26.8,9.0,3533.0,10.0,3438.0
531,911,Yulia Putintseva,R,163.0,29.2,3-6 6-2 6-2,Madrid,113.0,Daria Kasatkina,R,170.0,26.9,50.0,1213.0,11.0,3313.0
532,914,Aryna Sabalenka,R,182.0,25.9,4-6 6-4 6-3,Madrid,144.0,Danielle Collins,R,178.0,30.3,2.0,7848.0,15.0,2639.0
533,915,Iga Swiatek,R,176.0,22.8,6-1 6-1,Madrid,78.0,Sorana Cirstea,R,176.0,34.0,1.0,10560.0,30.0,1748.0
534,916,Sara Sorribes Tormo,R,176.0,27.5,7-6(0) 6-3,Madrid,170.0,Victoria Azarenka,R,180.0,34.7,55.0,1148.0,26.0,1969.0
535,918,Maria Sakkari,R,172.0,28.7,6-1 6-3,Madrid,63.0,Sloane Stephens,R,170.0,31.0,6.0,4195.0,33.0,1625.0
536,919,Coco Gauff,R,175.0,20.1,6-4 6-1,Madrid,77.0,Dayana Yastremska,R,175.0,23.9,3.0,7258.0,34.0,1597.0
537,920,Madison Keys,R,178.0,29.1,6-2 6-3,Madrid,75.0,Liudmila Samsonova,R,180.0,25.4,20.0,2298.0,17.0,2550.0
538,922,Ons Jabeur,R,167.0,29.6,7-5 2-6 6-4,Madrid,144.0,Leylah Fernandez,L,168.0,21.6,9.0,3533.0,35.0,1520.0
539,923,Yulia Putintseva,R,163.0,29.2,6-2 6-2,Madrid,67.0,Caroline Dolehide,R,178.0,25.6,50.0,1213.0,56.0,1142.0
540,924,Daria Kasatkina,R,170.0,26.9,7-6(5) 7-5,Madrid,112.0,Anastasia Pavlyuchenkova,R,177.0,32.8,11.0,3313.0,22.0,2161.0
541,926,Elena Rybakina,R,184.0,24.8,6-1 6-4,Madrid,90.0,Mayar Sherif,R,180.0,27.9,4.0,6293.0,72.0,924.0
542,928,Jasmine Paolini,R,160.0,28.2,6-3 6-2,Madrid,63.0,Caroline Garcia,R,177.0,30.5,13.0,2938.0,24.0,2068.0
543,929,Danielle Collins,R,178.0,30.3,3-6 6-4 6-1,Madrid,121.0,Jaqueline Cristian,R,180.0,25.8,15.0,2639.0,73.0,923.0
544,932,Sorana Cirstea,R,176.0,34.0,6-3 6-7(6) 6-4,Madrid,137.0,Alexandra Eala,L,173.0,18.9,30.0,1748.0,170.0,440.0
545,933,Victoria Azarenka,R,180.0,34.7,6-3 6-1,Madrid,81.0,Tatjana Maria,R,172.0,36.7,26.0,1969.0,67.0,1019.0
546,934,Sara Sorribes Tormo,R,176.0,27.5,6-3 7-5,Madrid,132.0,Elina Svitolina,R,174.0,29.6,55.0,1148.0,18.0,2457.0
547,935,Beatriz Haddad Maia,L,185.0,27.8,6-3 6-2,Madrid,76.0,Sara Errani,R,164.0,36.9,14.0,2830.0,100.0,742.0
548,937,Sloane Stephens,R,170.0,31.0,3-6 6-3 6-1,Madrid,139.0,Elise Mertens,R,179.0,28.4,33.0,1625.0,29.0,1794.0
549,938,Maria Sakkari,R,172.0,28.7,6-3 6-2,Madrid,83.0,Donna Vekic,R,179.0,27.8,6.0,4195.0,38.0,1443.0
550,939,Coco Gauff,R,175.0,20.1,6-0 6-0,Madrid,51.0,Arantxa Rus,L,180.0,33.3,3.0,7258.0,47.0,1222.0
551,941,Madison Keys,R,178.0,29.1,7-6(3) 7-6(6),Madrid,131.0,Irina Camelia Begu,R,181.0,33.6,20.0,2298.0,128.0,612.0
552,942,Liudmila Samsonova,R,180.0,25.4,6-2 4-6 7-5,Madrid,142.0,Naomi Osaka,R,180.0,26.5,17.0,2550.0,197.0,389.0
553,945,Leylah Fernandez,L,168.0,21.6,7-5 6-3,Madrid,91.0,Anastasia Potapova,R,175.0,23.0,35.0,1520.0,39.0,1377.0
554,946,Ons Jabeur,R,167.0,29.6,6-4 5-7 6-3,Madrid,148.0,Anna Karolina Schmiedlova,R,176.0,29.6,9.0,3533.0,68.0,1000.0
555,948,Caroline Dolehide,R,178.0,25.6,6-7(6) 6-2 6-3,Madrid,169.0,Anhelina Kalinina,R,179.0,27.2,56.0,1142.0,32.0,1666.0
556,949,Anastasia Pavlyuchenkova,R,177.0,32.8,6-1 6-4,Madrid,87.0,Daria Saville,R,166.0,30.1,22.0,2161.0,96.0,751.0
557,951,Ashlyn Krueger,R,185.0,19.9,6-3 6-3,Madrid,79.0,Ekaterina Alexandrova,R,175.0,29.4,70.0,980.0,16.0,2560.0
558,953,Mayar Sherif,R,180.0,27.9,6-2 7-5,Madrid,94.0,Marta Kostyuk,R,175.0,21.8,72.0,924.0,21.0,2235.0
559,955,Marketa Vondrousova,L,173.0,24.8,6-1 6-3,Madrid,77.0,Shelby Rogers,R,175.0,31.5,7.0,4090.0,352.0,185.0
560,957,Caroline Garcia,R,177.0,30.5,6-1 6-4,Madrid,76.0,Xin Yu Wang,R,182.0,22.5,24.0,2068.0,42.0,1346.0
561,960,Jaqueline Cristian,R,180.0,25.8,2-6 6-0 6-2,Madrid,126.0,Barbora Krejcikova,R,178.0,28.3,73.0,923.0,27.0,1942.0
562,962,Aryna Sabalenka,R,182.0,25.9,6-4 3-6 6-3,Madrid,129.0,Magda Linette,R,171.0,32.1,2.0,7848.0,48.0,1218.0
563,964,Alexandra Eala,L,173.0,18.9,2-6 6-4 6-4,Madrid,140.0,Lesia Tsurenko,R,174.0,34.8,170.0,440.0,41.0,1363.0
564,966,Sara Sorribes Tormo,R,176.0,27.5,7-5 6-2,Madrid,114.0,Bernarda Pera,L,175.0,29.3,55.0,1148.0,79.0,910.0
565,967,Sara Errani,R,164.0,36.9,3-6 7-5 7-5,Madrid,168.0,Caroline Wozniacki,R,177.0,33.7,100.0,742.0,117.0,655.0
566,968,Nadia Podoroska,R,170.0,27.1,6-2 7-6(2),Madrid,93.0,Katerina Siniakova,R,174.0,27.9,66.0,1051.0,40.0,1377.0
567,969,Sloane Stephens,R,170.0,31.0,6-3 5-7 6-4,Madrid,196.0,Martina Trevisan,L,160.0,30.4,33.0,1625.0,76.0,918.0
568,970,Donna Vekic,R,179.0,27.8,6-1 6-2,Madrid,79.0,Laura Siegemund,R,168.0,36.1,38.0,1443.0,83.0,849.0
569,978,Anna Karolina Schmiedlova,R,176.0,29.6,6-3 6-4,Madrid,78.0,Sofia Kenin,R,170.0,25.4,68.0,1000.0,60.0,1080.0
570,979,Yulia Putintseva,R,163.0,29.2,6-2 6-4,Madrid,87.0,Yue Yuan,R,184.0,25.5,50.0,1213.0,37.0,1480.0
571,983,Ashlyn Krueger,R,185.0,19.9,6-4 6-4,Madrid,87.0,Nao Hibino,R,163.0,29.3,70.0,980.0,85.0,823.0
572,985,Mayar Sherif,R,180.0,27.9,4-6 7-6(4) 6-4,Madrid,195.0,Lauren Davis,R,157.0,30.5,72.0,924.0,166.0,448.0
573,987,Shelby Rogers,R,175.0,31.5,6-3 6-2,Madrid,62.0,Shuai Zhang,R,177.0,35.2,352.0,185.0,671.0,58.0
574,989,Xin Yu Wang,R,182.0,22.5,5-7 7-5 6-4,Madrid,169.0,Viktoriya Tomova,R,170.0,29.1,42.0,1346.0,81.0,866.0
575,992,Jaqueline Cristian,R,180.0,25.8,7-5 6-2,Madrid,100.0,Magdalena Frech,R,171.0,26.3,73.0,923.0,51.0,1195.0
576,995,Iga Swiatek,R,176.0,22.9,6-2 6-3,Rome,89.0,Aryna Sabalenka,R,182.0,26.0,1.0,10910.0,2.0,7498.0
577,996,Iga Swiatek,R,176.0,22.9,6-4 6-3,Rome,107.0,Coco Gauff,R,175.0,20.1,1.0,10910.0,3.0,7313.0
578,997,Aryna Sabalenka,R,182.0,26.0,7-5 6-2,Rome,83.0,Danielle Collins,R,178.0,30.3,2.0,7498.0,15.0,2759.0
579,998,Iga Swiatek,R,176.0,22.9,6-1 6-3,Rome,76.0,Madison Keys,R,178.0,29.2,1.0,10910.0,16.0,2688.0
580,1000,Danielle Collins,R,178.0,30.3,6-4 6-3,Rome,104.0,Victoria Azarenka,R,180.0,34.7,15.0,2759.0,24.0,2024.0
581,1001,Aryna Sabalenka,R,182.0,26.0,6-2 6-4,Rome,72.0,Jelena Ostapenko,R,177.0,26.9,2.0,7498.0,10.0,3493.0
582,1002,Iga Swiatek,R,176.0,22.9,7-5 6-3,Rome,98.0,Angelique Kerber,L,173.0,36.2,1.0,10910.0,331.0,202.0
583,1003,Madison Keys,R,178.0,29.2,6-2 6-1,Rome,60.0,Sorana Cirstea,R,176.0,34.0,16.0,2688.0,32.0,1619.0
584,1004,Coco Gauff,R,175.0,20.1,5-7 6-4 6-1,Rome,147.0,Paula Badosa,R,180.0,26.4,3.0,7313.0,126.0,627.0
585,1006,Victoria Azarenka,R,180.0,34.7,6-4 6-1,Rome,78.0,Maria Sakkari,R,172.0,28.7,24.0,2024.0,8.0,3925.0
586,1007,Danielle Collins,R,178.0,30.3,6-0 6-3,Rome,67.0,Irina Camelia Begu,R,181.0,33.6,15.0,2759.0,161.0,471.0
587,1009,Aryna Sabalenka,R,182.0,26.0,4-6 6-1 7-6(7),Rome,144.0,Elina Svitolina,R,174.0,29.6,2.0,7498.0,19.0,2400.0
588,1010,Iga Swiatek,R,176.0,22.9,6-3 6-4,Rome,106.0,Yulia Putintseva,R,163.0,29.3,1.0,10910.0,41.0,1393.0
589,1011,Angelique Kerber,L,173.0,36.2,6-3 7-6(4),Rome,85.0,Aliaksandra Sasnovich,R,174.0,30.1,331.0,202.0,113.0,691.0
590,1012,Madison Keys,R,178.0,29.2,6-4 4-6 6-3,Rome,150.0,Beatriz Haddad Maia,L,185.0,27.9,16.0,2688.0,13.0,3035.0
591,1013,Sorana Cirstea,R,176.0,34.0,7-6(1) 6-3,Rome,97.0,Marketa Vondrousova,L,173.0,24.8,32.0,1619.0,6.0,4090.0
592,1014,Coco Gauff,R,175.0,20.1,6-1 0-6 6-3,Rome,124.0,Jaqueline Cristian,R,180.0,25.9,3.0,7313.0,68.0,983.0
593,1016,Naomi Osaka,R,180.0,26.5,6-3 6-3,Rome,80.0,Daria Kasatkina,R,170.0,26.9,173.0,424.0,11.0,3313.0
594,1018,Maria Sakkari,R,172.0,28.7,7-6(4) 6-0,Rome,109.0,Anhelina Kalinina,R,179.0,27.2,8.0,3925.0,31.0,1666.0
595,1019,Victoria Azarenka,R,180.0,34.7,6-2 6-7(6) 6-3,Rome,174.0,Mayar Sherif,R,180.0,28.0,24.0,2024.0,80.0,854.0
596,1020,Danielle Collins,R,178.0,30.3,6-3 6-3,Rome,81.0,Caroline Garcia,R,177.0,30.5,15.0,2759.0,23.0,2068.0
597,1021,Irina Camelia Begu,R,181.0,33.6,6-2 6-0,Rome,78.0,Elise Mertens,R,179.0,28.4,161.0,471.0,30.0,1684.0
598,1023,Jelena Ostapenko,R,177.0,26.9,6-4 5-7 6-1,Rome,153.0,Sara Sorribes Tormo,R,176.0,27.5,10.0,3493.0,47.0,1266.0
599,1024,Elina Svitolina,R,174.0,29.6,6-3 6-3,Rome,73.0,Anna Kalinskaya,R,175.0,25.4,19.0,2400.0,26.0,1916.0
600,1025,Aryna Sabalenka,R,182.0,26.0,6-4 6-2,Rome,86.0,Dayana Yastremska,R,175.0,23.9,2.0,7498.0,33.0,1590.0
601,1026,Iga Swiatek,R,176.0,22.9,6-0 6-2,Rome,77.0,Bernarda Pera,L,175.0,29.4,1.0,10910.0,77.0,875.0
602,1027,Yulia Putintseva,R,163.0,29.3,6-3 6-2,Rome,74.0,Sloane Stephens,R,170.0,31.1,41.0,1393.0,35.0,1552.0
603,1028,Angelique Kerber,L,173.0,36.2,6-3 6-0,Rome,69.0,Veronika Kudermetova,R,175.0,27.0,331.0,202.0,25.0,2003.0
604,1029,Aliaksandra Sasnovich,R,174.0,30.1,6-0 6-1,Rome,59.0,Ekaterina Alexandrova,R,175.0,29.4,113.0,691.0,18.0,2450.0
605,1030,Beatriz Haddad Maia,L,185.0,27.9,4-6 6-3 6-4,Rome,136.0,Xin Yu Wang,R,182.0,22.6,13.0,3035.0,42.0,1371.0
606,1031,Madison Keys,R,178.0,29.2,6-0 4-6 6-3,Rome,107.0,Camila Osorio,R,162.0,22.3,16.0,2688.0,64.0,1027.0
607,1033,Marketa Vondrousova,L,173.0,24.8,6-2 3-6 6-4,Rome,146.0,Ana Bogdan,R,171.0,31.4,6.0,4090.0,63.0,1029.0
608,1034,Coco Gauff,R,175.0,20.1,6-3 6-3,Rome,88.0,Magdalena Frech,R,171.0,26.3,3.0,7313.0,55.0,1138.0
609,1038,Daria Kasatkina,R,170.0,26.9,7-5 6-1,Rome,95.0,Tatjana Maria,R,172.0,36.7,11.0,3313.0,65.0,1019.0
610,1039,Naomi Osaka,R,180.0,26.5,6-3 6-2,Rome,71.0,Marta Kostyuk,R,175.0,21.8,173.0,424.0,20.0,2235.0
611,1044,Victoria Azarenka,R,180.0,34.7,6-7(5) 6-4 6-3,Rome,171.0,Magda Linette,R,171.0,32.2,24.0,2024.0,51.0,1188.0
612,1045,Mayar Sherif,R,180.0,28.0,7-6(4) 2-6 6-4,Rome,161.0,Jasmine Paolini,R,160.0,28.3,80.0,854.0,12.0,3048.0
613,1048,Elise Mertens,R,179.0,28.4,6-1 6-4,Rome,96.0,Katerina Siniakova,R,174.0,27.9,30.0,1684.0,36.0,1510.0
614,1050,Sofia Kenin,R,170.0,25.4,7-5 2-6 6-4,Rome,137.0,Ons Jabeur,R,167.0,29.6,58.0,1094.0,9.0,3748.0
615,1052,Sara Sorribes Tormo,R,176.0,27.5,6-3 1-6 7-5,Rome,142.0,Anastasia Pavlyuchenkova,R,177.0,32.8,47.0,1266.0,21.0,2191.0
616,1053,Jelena Ostapenko,R,177.0,26.9,6-4 6-2,Rome,97.0,Anastasia Potapova,R,175.0,23.1,10.0,3493.0,43.0,1347.0
617,1054,Elina Svitolina,R,174.0,29.6,6-0 6-2,Rome,77.0,Sara Errani,R,164.0,37.0,19.0,2400.0,93.0,777.0
618,1055,Anna Kalinskaya,R,175.0,25.4,6-1 6-2,Rome,84.0,Clara Tauson,R,182.0,21.3,26.0,1916.0,78.0,872.0
619,1056,Dayana Yastremska,R,175.0,23.9,4-6 7-5 6-2,Rome,176.0,Laura Siegemund,R,168.0,36.1,33.0,1590.0,86.0,814.0
620,1058,Bernarda Pera,L,175.0,29.4,7-6(6) 6-3,Rome,102.0,Caroline Dolehide,R,178.0,25.6,77.0,875.0,54.0,1138.0
621,1059,Yulia Putintseva,R,163.0,29.3,6-3 6-4,Rome,102.0,Martina Trevisan,L,160.0,30.5,41.0,1393.0,87.0,808.0
622,1060,Angelique Kerber,L,173.0,36.2,6-1 6-0,Rome,62.0,Lauren Davis,R,157.0,30.5,331.0,202.0,194.0,392.0
623,1061,Aliaksandra Sasnovich,R,174.0,30.1,6-2 7-6(6),Rome,119.0,Anna Karolina Schmiedlova,R,176.0,29.6,113.0,691.0,67.0,1003.0
624,1062,Xin Yu Wang,R,182.0,22.6,4-6 6-1 6-2,Rome,142.0,Yue Yuan,R,184.0,25.6,42.0,1371.0,38.0,1461.0
625,1063,Camila Osorio,R,162.0,22.3,4-6 6-3 6-4,Rome,151.0,Arantxa Rus,L,180.0,33.3,64.0,1027.0,49.0,1194.0
626,1065,Ana Bogdan,R,171.0,31.4,6-4 6-1,Rome,102.0,Leylah Fernandez,L,168.0,21.6,63.0,1029.0,34.0,1575.0
627,1066,Magdalena Frech,R,171.0,26.3,7-6(2) 6-3,Rome,134.0,Ashlyn Krueger,R,185.0,19.9,55.0,1138.0,66.0,1004.0
628,1071,Naomi Osaka,R,180.0,26.5,7-6(2) 6-1,Rome,84.0,Clara Burel,R,176.0,23.1,173.0,424.0,45.0,1300.0
629,1075,Lesia Tsurenko,R,174.0,34.9,6-2 3-6 7-6(5),Rome,159.0,Donna Vekic,R,179.0,27.8,44.0,1308.0,37.0,1468.0
630,1076,Magda Linette,R,171.0,32.2,6-3 6-2,Rome,81.0,Lin Zhu,R,173.0,30.2,51.0,1188.0,57.0,1097.0
631,1077,Mayar Sherif,R,180.0,28.0,6-2 6-2,Rome,75.0,Petra Martic,R,181.0,33.2,80.0,854.0,81.0,849.0
632,1078,Anna Blinkova,R,179.0,25.6,6-2 6-3,Rome,75.0,Diane Parry,R,170.0,21.6,46.0,1275.0,50.0,1190.0
633,1081,Irina Camelia Begu,R,181.0,33.6,5-7 6-3 6-4,Rome,170.0,Rebeka Masarova,R,186.0,24.7,161.0,471.0,104.0,725.0
634,1084,Sara Sorribes Tormo,R,176.0,27.5,6-4 6-3,Rome,119.0,Nadia Podoroska,R,170.0,27.2,47.0,1266.0,61.0,1076.0
635,1086,Sara Errani,R,164.0,37.0,4-6 6-2 6-1,Rome,111.0,Amanda Anisimova,R,180.0,22.6,93.0,777.0,237.0,312.0
636,1087,Clara Tauson,R,182.0,21.3,6-2 6-3,Rome,77.0,Daria Saville,R,166.0,30.1,78.0,872.0,84.0,819.0
637,1094,Mayar Sherif,R,180.0,28.0,6-3 6-3,Rabat,97.0,Sara Sorribes Tormo,R,176.0,27.6,66.0,980.0,46.0,1246.0
638,1096,Viktoriya Tomova,R,170.0,29.2,6-4 6-3,Rabat,115.0,Laura Siegemund,R,168.0,36.2,84.0,846.0,78.0,879.0
639,1099,Sara Sorribes Tormo,R,176.0,27.6,7-5 3-6 6-3,Rabat,178.0,Nadia Podoroska,R,170.0,27.2,46.0,1246.0,59.0,1076.0
640,1103,Viktoriya Tomova,R,170.0,29.2,7-6(4) 6-0,Rabat,101.0,Yafan Wang,R,170.0,30.0,84.0,846.0,68.0,962.0
641,1104,Laura Siegemund,R,168.0,36.2,6-4 6-4,Rabat,146.0,Camila Osorio,R,162.0,22.4,78.0,879.0,77.0,895.0
642,1109,Sara Sorribes Tormo,R,176.0,27.6,6-2 6-0,Rabat,75.0,Harriet Dart,R,175.0,27.8,46.0,1246.0,91.0,789.0
643,1110,Nadia Podoroska,R,170.0,27.2,6-2 6-4,Rabat,84.0,Tatjana Maria,R,172.0,36.7,59.0,1076.0,64.0,1024.0
644,1115,Martina Trevisan,L,160.0,30.5,7-5 4-6 6-3,Rabat,156.0,Nao Hibino,R,163.0,29.4,88.0,808.0,96.0,764.0
645,1117,Yafan Wang,R,170.0,30.0,4-6 6-0 6-2,Rabat,128.0,Lin Zhu,R,173.0,30.3,68.0,962.0,58.0,1077.0
646,1120,Laura Siegemund,R,168.0,36.2,6-1 7-6(4),Rabat,108.0,Anna Blinkova,R,179.0,25.6,78.0,879.0,45.0,1275.0
647,1121,Madison Keys,R,178.0,29.2,6-1 6-2,Strasbourg,72.0,Danielle Collins,R,178.0,30.4,16.0,2783.0,12.0,3148.0
648,1122,Danielle Collins,R,178.0,30.4,7-6(3) 6-2,Strasbourg,99.0,Anhelina Kalinina,R,179.0,27.2,12.0,3148.0,56.0,1081.0
649,1123,Madison Keys,R,178.0,29.2,6-1 6-3,Strasbourg,77.0,Liudmila Samsonova,R,180.0,25.5,16.0,2783.0,19.0,2440.0
650,1124,Anhelina Kalinina,R,179.0,27.2,5-7 6-3 6-2,Strasbourg,154.0,Marketa Vondrousova,L,173.0,24.8,56.0,1081.0,6.0,4035.0
651,1125,Danielle Collins,R,178.0,30.4,6-1 6-3,Strasbourg,63.0,Clara Burel,R,176.0,23.1,12.0,3148.0,43.0,1290.0
652,1126,Madison Keys,R,178.0,29.2,6-1 6-3,Strasbourg,69.0,Magda Linette,R,171.0,32.2,16.0,2783.0,50.0,1158.0
653,1127,Liudmila Samsonova,R,180.0,25.5,6-3 6-0,Strasbourg,89.0,Beatriz Haddad Maia,L,185.0,27.9,19.0,2440.0,14.0,2885.0
654,1128,Marketa Vondrousova,L,173.0,24.8,5-7 6-1 6-0,Strasbourg,133.0,Magdalena Frech,R,171.0,26.4,6.0,4035.0,54.0,1108.0
655,1129,Anhelina Kalinina,R,179.0,27.2,6-3 3-6 6-0,Strasbourg,133.0,Fiona Ferro,R,170.0,27.1,56.0,1081.0,142.0,526.0
656,1130,Danielle Collins,R,178.0,30.4,6-1 6-2,Strasbourg,64.0,Katerina Siniakova,R,174.0,28.0,12.0,3148.0,34.0,1535.0
657,1131,Clara Burel,R,176.0,23.1,7-6(1) 4-6 6-1,Strasbourg,135.0,Elina Svitolina,R,174.0,29.6,43.0,1290.0,17.0,2510.0
658,1132,Magda Linette,R,171.0,32.2,6-7(5) 6-3 6-3,Strasbourg,176.0,Ekaterina Alexandrova,R,175.0,29.5,50.0,1158.0,18.0,2450.0
659,1133,Madison Keys,R,178.0,29.2,7-5 6-0,Strasbourg,80.0,Xin Yu Wang,R,182.0,22.6,16.0,2783.0,39.0,1381.0
660,1134,Liudmila Samsonova,R,180.0,25.5,4-6 6-4 6-2,Strasbourg,146.0,Leylah Fernandez,L,168.0,21.7,19.0,2440.0,33.0,1535.0
661,1136,Magdalena Frech,R,171.0,26.4,6-3 6-3,Strasbourg,85.0,Sloane Stephens,R,170.0,31.1,54.0,1108.0,35.0,1527.0
662,1138,Anhelina Kalinina,R,179.0,27.2,6-3 3-6 6-4,Strasbourg,157.0,Anastasia Pavlyuchenkova,R,177.0,32.8,56.0,1081.0,22.0,2166.0
663,1139,Katerina Siniakova,R,174.0,28.0,6-0 7-5,Strasbourg,89.0,Yulia Putintseva,R,163.0,29.3,34.0,1535.0,37.0,1423.0
664,1140,Clara Burel,R,176.0,23.1,7-5 0-6 6-1,Strasbourg,112.0,Karolina Pliskova,R,184.0,32.1,43.0,1290.0,51.0,1147.0
665,1141,Elina Svitolina,R,174.0,29.6,6-3 6-4,Strasbourg,85.0,Diane Parry,R,170.0,21.7,17.0,2510.0,61.0,1036.0
666,1143,Magda Linette,R,171.0,32.2,7-5 7-5,Strasbourg,113.0,Sorana Cirstea,R,176.0,34.1,50.0,1158.0,30.0,1704.0
667,1144,Xin Yu Wang,R,182.0,22.6,6-4 7-6(3),Strasbourg,100.0,Anna Kalinskaya,R,175.0,25.4,39.0,1381.0,25.0,1916.0
668,1145,Liudmila Samsonova,R,180.0,25.5,6-2 6-7(5) 6-4,Strasbourg,180.0,Barbora Krejcikova,R,178.0,28.4,19.0,2440.0,26.0,1767.0
669,1146,Leylah Fernandez,L,168.0,21.7,4-6 7-6(4) 6-3,Strasbourg,161.0,Anastasia Potapova,R,175.0,23.1,33.0,1535.0,41.0,1317.0
670,1275,Liudmila Samsonova,R,180.0,25.5,4-6 6-3 7-5,s Hertogenbosch,154.0,Bianca Andreescu,R,170.0,23.9,15.0,2640.0,228.0,323.0
671,1276,Bianca Andreescu,R,170.0,23.9,6-4 6-2,s Hertogenbosch,91.0,Dalma Galfi,R,178.0,25.8,228.0,323.0,138.0,529.0
672,1277,Liudmila Samsonova,R,180.0,25.5,6-3 6-7(1) 6-1,s Hertogenbosch,146.0,Ekaterina Alexandrova,R,175.0,29.5,15.0,2640.0,16.0,2360.0
673,1278,Dalma Galfi,R,178.0,25.8,7-5 6-3,s Hertogenbosch,84.0,Aleksandra Krunic,R,163.0,31.2,138.0,529.0,400.0,154.0
674,1279,Bianca Andreescu,R,170.0,23.9,6-4 3-6 7-6(3),s Hertogenbosch,135.0,Naomi Osaka,R,180.0,26.6,228.0,323.0,125.0,614.0
675,1282,Aleksandra Krunic,R,163.0,31.2,7-6(3) 6-7(3) 6-4,s Hertogenbosch,164.0,Jessica Pegula,R,170.0,30.2,400.0,154.0,5.0,4625.0
676,1283,Dalma Galfi,R,178.0,25.8,6-3 3-6 7-5,s Hertogenbosch,141.0,Veronika Kudermetova,R,175.0,27.1,138.0,529.0,34.0,1623.0
677,1285,Bianca Andreescu,R,170.0,23.9,6-4 6-4,s Hertogenbosch,81.0,Yue Yuan,R,184.0,25.7,228.0,323.0,38.0,1422.0
678,1290,Jessica Pegula,R,170.0,30.2,6-2 6-2,s Hertogenbosch,58.0,Aliaksandra Sasnovich,R,174.0,30.2,5.0,4625.0,98.0,748.0
679,1292,Dalma Galfi,R,178.0,25.8,6-0 6-3,s Hertogenbosch,61.0,Arantxa Rus,L,180.0,33.4,138.0,529.0,57.0,1054.0
680,1294,Naomi Osaka,R,180.0,26.6,6-2 6-4,s Hertogenbosch,69.0,Elise Mertens,R,179.0,28.5,125.0,614.0,32.0,1629.0
681,1299,Jule Niemeier,R,178.0,24.8,6-4 6-7(3) 6-4,s Hertogenbosch,140.0,Clara Tauson,R,182.0,21.4,91.0,791.0,65.0,994.0
682,1301,Ekaterina Alexandrova,R,175.0,29.5,6-3 6-4,s Hertogenbosch,79.0,Arina Rodionova,R,168.0,34.4,16.0,2360.0,105.0,712.0
683,1302,Donna Vekic,R,179.0,27.9,6-1 6-3,s Hertogenbosch,73.0,Tamara Korpatsch,R,170.0,29.0,39.0,1418.0,74.0,951.0
684,1305,Liudmila Samsonova,R,180.0,25.5,6-1 6-3,s Hertogenbosch,85.0,Alison Van Uytvanck,R,173.0,30.2,15.0,2640.0,266.0,268.0
685,1306,Katie Boulter,R,180.0,27.8,4-6 6-3 6-2,Nottingham,113.0,Karolina Pliskova,R,184.0,32.2,30.0,1671.0,50.0,1147.0
686,1307,Karolina Pliskova,R,184.0,32.2,6-7(9) 6-1 6-4,Nottingham,142.0,Diane Parry,R,170.0,21.7,50.0,1147.0,64.0,999.0
687,1308,Katie Boulter,R,180.0,27.8,6-7(13) 6-3 6-4,Nottingham,193.0,Emma Raducanu,R,175.0,21.5,30.0,1671.0,209.0,353.0
688,1309,Karolina Pliskova,R,184.0,32.2,7-6(8) 6-7(3) 7-5,Nottingham,153.0,Ons Jabeur,R,167.0,29.7,50.0,1147.0,10.0,3748.0
689,1310,Diane Parry,R,170.0,21.7,6-3 7-6(4),Nottingham,125.0,Kimberly Birrell,R,170.0,26.1,64.0,999.0,148.0,500.0
690,1311,Katie Boulter,R,180.0,27.8,6-2 6-4,Nottingham,83.0,Magdalena Frech,R,171.0,26.4,30.0,1671.0,52.0,1106.0
691,1314,Karolina Pliskova,R,184.0,32.2,6-4 6-4,Nottingham,86.0,Heather Watson,R,170.0,32.0,50.0,1147.0,158.0,476.0
692,1315,Diane Parry,R,170.0,21.7,6-4 6-1,Nottingham,85.0,Daria Saville,R,166.0,30.2,64.0,999.0,84.0,815.0
693,1317,Magdalena Frech,R,171.0,26.4,3-6 6-3 6-1,Nottingham,143.0,Tatjana Maria,R,172.0,36.8,52.0,1106.0,56.0,1059.0
694,1318,Katie Boulter,R,180.0,27.8,6-4 6-3,Nottingham,74.0,Rebecca Marino,R,183.0,33.4,30.0,1671.0,157.0,478.0
695,1321,Ons Jabeur,R,167.0,29.7,6-2 6-3,Nottingham,62.0,Camila Osorio,R,162.0,22.4,10.0,3748.0,81.0,875.0
696,1323,Heather Watson,R,170.0,32.0,4-6 6-0 6-4,Nottingham,116.0,Kayla Day,L,173.0,24.7,158.0,476.0,130.0,589.0
697,1324,Karolina Pliskova,R,184.0,32.2,6-4 6-4,Nottingham,75.0,Alycia Parks,R,185.0,23.4,50.0,1147.0,151.0,494.0
698,1325,Daria Saville,R,166.0,30.2,6-3 6-3,Nottingham,94.0,Clara Burel,R,176.0,23.2,84.0,815.0,42.0,1288.0
699,1329,Magdalena Frech,R,171.0,26.4,6-1 6-4,Nottingham,70.0,Nao Hibino,R,163.0,29.5,52.0,1106.0,95.0,770.0
700,1331,Rebecca Marino,R,183.0,33.4,6-1 6-4,Nottingham,70.0,Viktorija Golubic,R,169.0,31.6,157.0,478.0,73.0,952.0
701,1332,Katie Boulter,R,180.0,27.8,6-7(5) 6-4 7-5,Nottingham,193.0,Harriet Dart,R,175.0,27.8,30.0,1671.0,92.0,779.0
702,1334,Ashlyn Krueger,R,185.0,20.0,6-3 6-3,Nottingham,77.0,Yafan Wang,R,170.0,30.1,70.0,974.0,72.0,962.0
703,1335,Emma Raducanu,R,175.0,21.5,6-1 6-4,Nottingham,70.0,Ena Shibahara,R,170.0,26.3,209.0,353.0,274.0,258.0
704,1337,Jessica Pegula,R,170.0,30.3,6-7(0) 6-4 7-6(3),Berlin,158.0,Anna Kalinskaya,R,175.0,25.5,5.0,4625.0,24.0,1986.0
705,1338,Jessica Pegula,R,170.0,30.3,7-5 7-6(2),Berlin,102.0,Coco Gauff,R,175.0,20.2,5.0,4625.0,2.0,7988.0
706,1339,Anna Kalinskaya,R,175.0,25.5,6-1 6-7(3) 6-1,Berlin,130.0,Victoria Azarenka,R,180.0,34.8,24.0,1986.0,19.0,2205.0
707,1341,Jessica Pegula,R,170.0,30.3,7-6(2) 3-6 6-3,Berlin,156.0,Katerina Siniakova,R,174.0,28.1,5.0,4625.0,30.0,1645.0
708,1344,Coco Gauff,R,175.0,20.2,7-6(6) 6-2,Berlin,80.0,Ekaterina Alexandrova,R,175.0,29.5,2.0,7988.0,20.0,2178.0
709,1346,Jessica Pegula,R,170.0,30.3,6-4 7-5,Berlin,89.0,Donna Vekic,R,179.0,27.9,5.0,4625.0,39.0,1418.0
710,1349,Elena Rybakina,R,184.0,25.0,6-4 7-5,Berlin,95.0,Veronika Kudermetova,R,175.0,27.1,4.0,5973.0,35.0,1503.0
711,1351,Aryna Sabalenka,R,182.0,26.1,6-1 6-4,Berlin,60.0,Daria Kasatkina,R,170.0,27.1,3.0,7788.0,14.0,3088.0
712,1352,Ekaterina Alexandrova,R,175.0,29.5,6-4 6-4,Berlin,86.0,Beatriz Haddad Maia,L,185.0,28.0,20.0,2178.0,18.0,2213.0
713,1354,Ons Jabeur,R,167.0,29.8,6-4 7-6(4),Berlin,93.0,Xin Yu Wang,R,182.0,22.7,10.0,3748.0,40.0,1411.0
714,1355,Donna Vekic,R,179.0,27.9,1-6 6-1 6-3,Berlin,107.0,Jule Niemeier,R,178.0,24.8,39.0,1418.0,88.0,809.0
715,1358,Victoria Azarenka,R,180.0,34.8,6-4 6-2,Berlin,93.0,Maria Sakkari,R,172.0,28.8,19.0,2205.0,9.0,3980.0
716,1360,Veronika Kudermetova,R,175.0,27.1,3-6 6-4 6-4,Berlin,136.0,Liudmila Samsonova,R,180.0,25.5,35.0,1503.0,15.0,2830.0
717,1361,Marketa Vondrousova,L,173.0,24.9,6-4 6-3,Berlin,77.0,Rebeka Masarova,R,186.0,24.8,6.0,4503.0,100.0,717.0
718,1362,Anna Kalinskaya,R,175.0,25.5,2-6 6-4 6-2,Berlin,113.0,Nao Hibino,R,163.0,29.5,24.0,1986.0,93.0,770.0
719,1363,Daria Kasatkina,R,170.0,27.1,4-6 7-6(6) 6-3,Berlin,158.0,Marta Kostyuk,R,175.0,21.9,14.0,3088.0,16.0,2240.0
720,1364,Yulia Putintseva,R,163.0,29.4,6-1 7-6(8),Birmingham,87.0,Ajla Tomljanovic,R,180.0,31.1,41.0,1333.0,190.0,393.0
721,1366,Ajla Tomljanovic,R,180.0,31.1,7-6(5) 6-4,Birmingham,90.0,Anastasia Potapova,R,175.0,23.2,190.0,393.0,36.0,1427.0
722,1368,Yulia Putintseva,R,163.0,29.4,6-3 6-7(2) 6-1,Birmingham,130.0,Caroline Dolehide,R,178.0,25.7,41.0,1333.0,61.0,1035.0
723,1369,Ajla Tomljanovic,R,180.0,31.1,1-6 6-3 6-2,Birmingham,105.0,Leylah Fernandez,L,168.0,21.7,190.0,393.0,33.0,1625.0
724,1370,Anastasia Potapova,R,175.0,23.2,6-1 6-4,Birmingham,71.0,Barbora Krejcikova,R,178.0,28.4,36.0,1427.0,25.0,1768.0
725,1373,Yulia Putintseva,R,163.0,29.4,6-3 6-0,Birmingham,56.0,Anhelina Kalinina,R,179.0,27.3,41.0,1333.0,47.0,1221.0
726,1375,Leylah Fernandez,L,168.0,21.7,4-6 7-5 6-3,Birmingham,141.0,Viktorija Golubic,R,169.0,31.6,33.0,1625.0,78.0,893.0
727,1376,Ajla Tomljanovic,R,180.0,31.1,6-7(6) 6-1 6-4,Birmingham,155.0,Lin Zhu,R,173.0,30.3,190.0,393.0,54.0,1077.0
728,1378,Barbora Krejcikova,R,178.0,28.4,6-3 6-4,Birmingham,88.0,Harriet Dart,R,175.0,27.8,25.0,1768.0,101.0,716.0
729,1380,Sloane Stephens,R,170.0,31.2,6-3 6-3,Birmingham,85.0,Yue Yuan,R,184.0,25.7,48.0,1217.0,38.0,1422.0
730,1382,Marie Bouzkova,R,180.0,25.9,3-6 6-4 7-5,Birmingham,172.0,Heather Watson,R,170.0,32.0,37.0,1425.0,198.0,378.0
731,1384,Yulia Putintseva,R,163.0,29.4,6-3 6-4,Birmingham,86.0,Clara Burel,R,176.0,23.2,41.0,1333.0,43.0,1288.0
732,1385,Caroline Dolehide,R,178.0,25.7,2-6 6-3 7-6(5),Birmingham,116.0,Karolina Pliskova,R,184.0,32.2,61.0,1035.0,42.0,1309.0
733,1386,Elise Mertens,R,179.0,28.5,6-4 6-1,Birmingham,91.0,Caroline Wozniacki,R,177.0,33.9,32.0,1629.0,114.0,665.0
734,1387,Leylah Fernandez,L,168.0,21.7,6-1 6-1,Birmingham,63.0,Sara Sorribes Tormo,R,176.0,27.6,33.0,1625.0,57.0,1055.0
735,1388,Viktorija Golubic,R,169.0,31.6,6-4 1-6 6-3,Birmingham,113.0,Camila Osorio,R,162.0,22.4,78.0,893.0,81.0,875.0
736,1389,Ajla Tomljanovic,R,180.0,31.1,6-2 6-1,Birmingham,77.0,Anna Blinkova,R,179.0,25.7,190.0,393.0,60.0,1036.0
737,1390,Lin Zhu,R,173.0,30.3,7-6(2) 6-2,Birmingham,95.0,Sorana Cirstea,R,176.0,34.1,54.0,1077.0,29.0,1704.0
738,1393,Harriet Dart,R,175.0,27.8,6-3 6-3,Birmingham,83.0,Moyuka Uchijima,R,171.0,22.8,101.0,716.0,72.0,935.0
739,1394,Barbora Krejcikova,R,178.0,28.4,6-1 7-6(5),Birmingham,94.0,Daria Saville,R,166.0,30.2,25.0,1768.0,85.0,830.0
740,1397,Donna Vekic,R,179.0,27.9,6-0 7-6(6),Bad Homburg,100.0,Viktoriya Tomova,R,170.0,29.3,49.0,1173.0,58.0,1035.0
741,1400,Viktoriya Tomova,R,170.0,29.3,2-6 6-1 7-6(9),Bad Homburg,132.0,Anna Blinkova,R,179.0,25.7,58.0,1035.0,66.0,982.0
742,1402,Paula Badosa,R,180.0,26.6,4-6 6-2 6-1,Bad Homburg,112.0,Jule Niemeier,R,178.0,24.8,113.0,662.0,96.0,741.0
743,1405,Caroline Wozniacki,R,177.0,33.9,6-2 6-4,Bad Homburg,84.0,Veronika Kudermetova,R,175.0,27.1,112.0,666.0,36.0,1488.0
744,1407,Anna Blinkova,R,179.0,25.7,6-3 7-5,Bad Homburg,101.0,Beatriz Haddad Maia,L,185.0,28.0,66.0,982.0,20.0,2213.0
745,1408,Donna Vekic,R,179.0,27.9,6-4 3-6 6-3,Bad Homburg,123.0,Ekaterina Alexandrova,R,175.0,29.6,49.0,1173.0,22.0,2053.0
746,1409,Katerina Siniakova,R,174.0,28.1,6-3 6-7(3) 6-3,Bad Homburg,150.0,Liudmila Samsonova,R,180.0,25.6,27.0,1718.0,15.0,2830.0
747,1410,Jule Niemeier,R,178.0,24.8,2-6 6-2 7-6(4),Bad Homburg,154.0,Maria Sakkari,R,172.0,28.9,96.0,741.0,9.0,3805.0
748,1411,Paula Badosa,R,180.0,26.6,6-4 6-1,Bad Homburg,68.0,Arantxa Rus,L,180.0,33.5,113.0,662.0,55.0,1054.0
749,1416,Veronika Kudermetova,R,175.0,27.1,3-6 7-5 6-1,Bad Homburg,141.0,Diane Parry,R,170.0,21.8,36.0,1488.0,53.0,1077.0
750,1417,Caroline Wozniacki,R,177.0,33.9,6-3 6-7(4) 7-5,Bad Homburg,160.0,Elina Svitolina,R,174.0,29.7,112.0,666.0,21.0,2099.0
751,1419,Viktoriya Tomova,R,170.0,29.3,6-1 6-3,Bad Homburg,73.0,Tatjana Maria,R,172.0,36.8,58.0,1035.0,61.0,994.0
752,1420,Anna Blinkova,R,179.0,25.7,6-4 6-2,Bad Homburg,75.0,Bianca Andreescu,R,170.0,24.0,66.0,982.0,165.0,455.0
753,1421,Beatriz Haddad Maia,L,185.0,28.0,6-1 7-6(6),Bad Homburg,129.0,Tamara Korpatsch,R,170.0,29.1,20.0,2213.0,75.0,895.0
754,1422,Ekaterina Alexandrova,R,175.0,29.6,6-3 6-0,Bad Homburg,60.0,Nadia Podoroska,R,170.0,27.3,22.0,2053.0,65.0,983.0
755,1424,Katerina Siniakova,R,174.0,28.1,6-3 6-7(7) 6-1,Bad Homburg,139.0,Clara Burel,R,176.0,23.2,27.0,1718.0,43.0,1288.0
756,1425,Liudmila Samsonova,R,180.0,25.6,6-3 6-1,Bad Homburg,87.0,Sara Sorribes Tormo,R,176.0,27.7,15.0,2830.0,54.0,1055.0
757,1426,Daria Kasatkina,R,170.0,27.1,6-3 6-4,Eastbourne,110.0,Leylah Fernandez,L,168.0,21.7,14.0,3088.0,30.0,1649.0
758,1427,Leylah Fernandez,L,168.0,21.7,6-3 3-6 6-3,Eastbourne,123.0,Madison Keys,R,178.0,29.3,30.0,1649.0,12.0,3343.0
759,1428,Daria Kasatkina,R,170.0,27.1,3-6 7-5 6-3,Eastbourne,136.0,Jasmine Paolini,R,160.0,28.4,14.0,3088.0,7.0,4068.0
760,1429,Leylah Fernandez,L,168.0,21.7,6-2 6-1,Eastbourne,67.0,Harriet Dart,R,175.0,27.9,30.0,1649.0,105.0,686.0
761,1431,Jasmine Paolini,R,160.0,28.4,6-1 7-6(0),Eastbourne,95.0,Katie Boulter,R,180.0,27.8,7.0,4068.0,32.0,1641.0
762,1432,Daria Kasatkina,R,170.0,27.1,6-2 6-2,Eastbourne,81.0,Emma Raducanu,R,175.0,21.6,14.0,3088.0,168.0,451.0
763,1433,Harriet Dart,R,175.0,27.9,6-3 6-7(3) 6-0,Eastbourne,150.0,Sofia Kenin,R,170.0,25.6,105.0,686.0,48.0,1208.0
764,1434,Leylah Fernandez,L,168.0,21.7,6-2 6-1,Eastbourne,78.0,Ashlyn Krueger,R,185.0,20.1,30.0,1649.0,87.0,804.0
765,1435,Madison Keys,R,178.0,29.3,7-6(5) 6-1,Eastbourne,90.0,Anhelina Kalinina,R,179.0,27.3,12.0,3343.0,44.0,1221.0
766,1436,Karolina Muchova,R,178.0,27.8,6-4 6-1,Eastbourne,105.0,Magda Linette,R,171.0,32.3,35.0,1510.0,46.0,1216.0
767,1437,Katie Boulter,R,180.0,27.8,6-4 7-5,Eastbourne,124.0,Jelena Ostapenko,R,177.0,27.0,32.0,1641.0,13.0,3098.0
768,1439,Daria Kasatkina,R,170.0,27.1,3-6 6-4 6-0,Eastbourne,111.0,Yue Yuan,R,184.0,25.7,14.0,3088.0,38.0,1422.0
769,1440,Emma Raducanu,R,175.0,21.6,4-6 7-6(6) 7-5,Eastbourne,164.0,Jessica Pegula,R,170.0,30.3,168.0,451.0,5.0,5025.0
770,1441,Harriet Dart,R,175.0,27.9,7-5 6-7(7) 6-4,Eastbourne,209.0,Marie Bouzkova,R,180.0,25.9,105.0,686.0,37.0,1445.0
771,1442,Ashlyn Krueger,R,185.0,20.1,6-1 6-7(7) 7-5,Eastbourne,151.0,Viktorija Golubic,R,169.0,31.6,87.0,804.0,69.0,940.0
772,1443,Leylah Fernandez,L,168.0,21.7,6-2 3-6 6-2,Eastbourne,108.0,Barbora Krejcikova,R,178.0,28.5,30.0,1649.0,31.0,1642.0
773,1444,Anhelina Kalinina,R,179.0,27.3,6-3 6-2,Eastbourne,83.0,Sorana Cirstea,R,176.0,34.2,44.0,1221.0,29.0,1675.0
774,1446,Magda Linette,R,171.0,32.3,1-6 7-6(4) 6-4,Eastbourne,136.0,Anastasia Pavlyuchenkova,R,177.0,32.9,46.0,1216.0,25.0,1756.0
775,1448,Katie Boulter,R,180.0,27.8,6-1 7-6(8),Eastbourne,97.0,Petra Martic,R,181.0,33.4,32.0,1641.0,74.0,911.0
776,1449,Elise Mertens,R,179.0,28.6,6-1 6-2,Eastbourne,74.0,Yuriko Miyazaki,R,165.0,28.6,33.0,1629.0,148.0,512.0
777,1450,Daria Kasatkina,R,170.0,27.1,6-4 6-2,Eastbourne,85.0,Xin Yu Wang,R,182.0,22.7,14.0,3088.0,40.0,1411.0
778,1452,Emma Raducanu,R,175.0,21.6,6-4 6-0,Eastbourne,76.0,Sloane Stephens,R,170.0,31.2,168.0,451.0,45.0,1217.0
779,1453,Iga Swiatek,R,176.0,23.0,6-3 6-4,Wimbledon,79.0,Sofia Kenin,R,170.0,25.6,1.0,11585.0,49.0,1221.0
780,1455,Yulia Putintseva,R,163.0,29.4,7-5 6-3,Wimbledon,79.0,Angelique Kerber,L,173.0,36.4,35.0,1553.0,221.0,334.0
781,1457,Caroline Garcia,R,177.0,30.7,6-4 7-5,Wimbledon,88.0,Anna Blinkova,R,179.0,25.8,24.0,1938.0,60.0,1030.0
782,1458,Bernarda Pera,L,175.0,29.5,6-7(4) 6-4 7-6(6),Wimbledon,170.0,Anastasia Potapova,R,175.0,23.2,97.0,752.0,41.0,1415.0
783,1460,Jelena Ostapenko,R,177.0,27.0,6-1 6-2,Wimbledon,69.0,Ajla Tomljanovic,R,180.0,31.1,14.0,3058.0,136.0,556.0
784,1461,Danielle Collins,R,178.0,30.5,6-3 7-6(4),Wimbledon,101.0,Clara Tauson,R,182.0,21.5,11.0,3532.0,66.0,981.0
785,1462,Dalma Galfi,R,178.0,25.8,6-1 6-2,Wimbledon,56.0,Mayar Sherif,R,180.0,28.1,127.0,595.0,78.0,855.0
786,1463,Camila Osorio,R,162.0,22.5,6-3 6-1,Wimbledon,70.0,Lauren Davis,R,157.0,30.7,84.0,815.0,300.0,225.0
787,1464,Beatriz Haddad Maia,L,185.0,28.0,7-5 6-3,Wimbledon,110.0,Magdalena Frech,R,171.0,26.5,20.0,2218.0,58.0,1049.0
788,1465,Barbora Krejcikova,R,178.0,28.5,7-6(4) 6-7(1) 7-5,Wimbledon,194.0,Veronika Kudermetova,R,175.0,27.1,32.0,1643.0,38.0,1488.0
789,1470,Laura Siegemund,R,168.0,36.3,6-4 6-1,Wimbledon,94.0,Kateryna Baindl,R,175.0,30.3,72.0,917.0,184.0,416.0
790,1471,Caroline Wozniacki,R,177.0,33.9,6-2 6-0,Wimbledon,53.0,Alycia Parks,R,185.0,23.4,91.0,774.0,121.0,624.0
791,1473,Anna Kalinskaya,R,175.0,25.5,6-3 6-2,Wimbledon,65.0,Panna Udvardy,R,170.0,25.7,18.0,2310.0,134.0,562.0
792,1476,Liudmila Samsonova,R,180.0,25.6,6-3 4-6 6-2,Wimbledon,128.0,Rebeka Masarova,R,186.0,24.9,15.0,2830.0,109.0,682.0
793,1477,Ons Jabeur,R,167.0,29.8,6-3 6-1,Wimbledon,55.0,Moyuka Uchijima,R,171.0,22.8,10.0,3801.0,68.0,940.0
794,1479,Jule Niemeier,R,178.0,24.8,6-2 6-1,Wimbledon,63.0,Viktorija Golubic,R,169.0,31.7,90.0,790.0,67.0,964.0
795,1480,Elina Svitolina,R,174.0,29.8,7-5 6-7(9) 6-3,Wimbledon,158.0,Magda Linette,R,171.0,32.3,21.0,2100.0,44.0,1291.0
796,1481,Katie Boulter,R,180.0,27.9,7-6(6) 7-5,Wimbledon,127.0,Tatjana Maria,R,172.0,36.8,29.0,1748.0,63.0,994.0
797,1483,Xin Yu Wang,R,182.0,22.7,7-6(4) 3-6 6-0,Wimbledon,109.0,Viktoriya Tomova,R,170.0,29.3,42.0,1411.0,48.0,1235.0
798,1484,Jessica Pegula,R,170.0,30.3,6-2 6-0,Wimbledon,49.0,Ashlyn Krueger,R,185.0,20.1,5.0,5025.0,75.0,869.0
799,1487,Lin Zhu,R,173.0,30.4,6-0 6-4,Wimbledon,72.0,Irina Camelia Begu,R,181.0,33.8,61.0,997.0,126.0,596.0
800,1488,Anastasia Pavlyuchenkova,R,177.0,32.9,7-6(4) 6-1,Wimbledon,91.0,Taylor Townsend,L,170.0,28.2,28.0,1756.0,76.0,864.0
801,1490,Elise Mertens,R,179.0,28.6,2-6 6-2 6-4,Wimbledon,111.0,Nao Hibino,R,163.0,29.5,33.0,1629.0,94.0,770.0
802,1491,Arantxa Rus,L,180.0,33.5,6-2 6-3,Wimbledon,70.0,Yue Yuan,R,184.0,25.7,56.0,1054.0,39.0,1452.0
803,1493,Daria Kasatkina,R,170.0,27.1,6-3 6-0,Wimbledon,74.0,Shuai Zhang,R,177.0,35.4,12.0,3283.0,680.0,54.0
804,1494,Yuriko Miyazaki,R,165.0,28.6,6-2 6-1,Wimbledon,58.0,Tamara Korpatsch,R,170.0,29.1,148.0,512.0,73.0,895.0
805,1495,Paula Badosa,R,180.0,26.6,6-3 6-2,Wimbledon,81.0,Karolina Muchova,R,178.0,27.8,93.0,770.0,34.0,1618.0
806,1497,Dayana Yastremska,R,175.0,24.1,6-1 7-6(1),Wimbledon,94.0,Nadia Podoroska,R,170.0,27.3,27.0,1760.0,65.0,983.0
807,1501,Jasmine Paolini,R,160.0,28.4,7-5 6-3,Wimbledon,97.0,Sara Sorribes Tormo,R,176.0,27.7,7.0,4228.0,55.0,1055.0
808,1503,Bianca Andreescu,R,170.0,24.0,6-4 6-2,Wimbledon,77.0,Jaqueline Cristian,R,180.0,26.0,176.0,426.0,62.0,996.0
809,1507,Yafan Wang,R,170.0,30.1,6-0 3-6 6-4,Wimbledon,120.0,Anna Karolina Schmiedlova,R,176.0,29.7,71.0,919.0,74.0,880.0
810,1508,Madison Keys,R,178.0,29.3,6-4 7-6(4),Wimbledon,105.0,Martina Trevisan,L,160.0,30.6,13.0,3068.0,89.0,793.0
811,1511,Naomi Osaka,R,180.0,26.7,6-1 1-6 6-4,Wimbledon,92.0,Diane Parry,R,170.0,21.8,113.0,669.0,53.0,1077.0
812,1514,Clara Burel,R,176.0,23.2,6-2 6-4,Wimbledon,62.0,Eva Lys,R,165.0,22.4,45.0,1288.0,129.0,592.0
813,1516,Coco Gauff,R,175.0,20.3,6-1 6-2,Wimbledon,65.0,Caroline Dolehide,R,178.0,25.8,2.0,7943.0,51.0,1100.0
814,1517,Iga Swiatek,R,176.0,23.0,6-4 6-3,Wimbledon,83.0,Petra Martic,R,181.0,33.4,1.0,11585.0,85.0,811.0
815,1518,Yulia Putintseva,R,163.0,29.4,6-0 4-6 6-2,Wimbledon,99.0,Katerina Siniakova,R,174.0,28.1,35.0,1553.0,36.0,1546.0
816,1519,Bernarda Pera,L,175.0,29.5,3-6 6-3 6-4,Wimbledon,96.0,Caroline Garcia,R,177.0,30.7,97.0,752.0,24.0,1938.0
817,1521,Danielle Collins,R,178.0,30.5,6-3 6-4,Wimbledon,89.0,Dalma Galfi,R,178.0,25.8,11.0,3532.0,127.0,595.0
818,1525,Elena Rybakina,R,184.0,25.0,6-3 3-6 6-3,Wimbledon,132.0,Laura Siegemund,R,168.0,36.3,4.0,6026.0,72.0,917.0
819,1526,Caroline Wozniacki,R,177.0,33.9,6-3 2-6 7-5,Wimbledon,139.0,Leylah Fernandez,L,168.0,21.8,91.0,774.0,25.0,1920.0
820,1527,Anna Kalinskaya,R,175.0,25.5,6-4 6-1,Wimbledon,83.0,Marie Bouzkova,R,180.0,25.9,18.0,2310.0,40.0,1445.0
821,1530,Elina Svitolina,R,174.0,29.8,6-3 6-4,Wimbledon,75.0,Jule Niemeier,R,178.0,24.8,21.0,2100.0,90.0,790.0
822,1531,Harriet Dart,R,175.0,27.9,4-6 6-1 7-6(8),Wimbledon,177.0,Katie Boulter,R,180.0,27.9,100.0,739.0,29.0,1748.0
823,1532,Xin Yu Wang,R,182.0,22.7,6-4 6-7(7) 6-1,Wimbledon,130.0,Jessica Pegula,R,170.0,30.3,42.0,1411.0,5.0,5025.0
824,1534,Lin Zhu,R,173.0,30.4,6-4 6-3,Wimbledon,84.0,Anastasia Pavlyuchenkova,R,177.0,32.9,61.0,997.0,28.0,1756.0
825,1535,Emma Raducanu,R,175.0,21.6,6-1 6-2,Wimbledon,75.0,Elise Mertens,R,179.0,28.6,135.0,559.0,33.0,1629.0
826,1536,Maria Sakkari,R,172.0,28.9,7-5 6-3,Wimbledon,89.0,Arantxa Rus,L,180.0,33.5,9.0,3805.0,56.0,1054.0
827,1537,Daria Kasatkina,R,170.0,27.1,6-0 6-0,Wimbledon,50.0,Yuriko Miyazaki,R,165.0,28.6,12.0,3283.0,148.0,512.0
828,1543,Marta Kostyuk,R,175.0,22.0,4-6 7-6(2) 6-4,Wimbledon,190.0,Daria Saville,R,166.0,30.3,19.0,2240.0,82.0,830.0
829,1544,Madison Keys,R,178.0,29.3,6-2 6-2,Wimbledon,77.0,Yafan Wang,R,170.0,30.1,13.0,3068.0,71.0,919.0
830,1549,Yulia Putintseva,R,163.0,29.4,3-6 6-1 6-2,Wimbledon,119.0,Iga Swiatek,R,176.0,23.0,35.0,1553.0,1.0,11585.0
831,1550,Jelena Ostapenko,R,177.0,27.0,6-1 6-3,Wimbledon,59.0,Bernarda Pera,L,175.0,29.5,14.0,3058.0,97.0,752.0
832,1551,Danielle Collins,R,178.0,30.5,6-4 6-4,Wimbledon,98.0,Beatriz Haddad Maia,L,185.0,28.0,11.0,3532.0,20.0,2218.0
833,1553,Elena Rybakina,R,184.0,25.0,6-0 6-1,Wimbledon,57.0,Caroline Wozniacki,R,177.0,33.9,4.0,6026.0,91.0,774.0
834,1554,Anna Kalinskaya,R,175.0,25.5,7-6(4) 6-2,Wimbledon,97.0,Liudmila Samsonova,R,180.0,25.6,18.0,2310.0,15.0,2830.0
835,1555,Elina Svitolina,R,174.0,29.8,6-1 7-6(4),Wimbledon,80.0,Ons Jabeur,R,167.0,29.8,21.0,2100.0,10.0,3801.0
836,1556,Xin Yu Wang,R,182.0,22.7,2-6 7-5 6-3,Wimbledon,138.0,Harriet Dart,R,175.0,27.9,42.0,1411.0,100.0,739.0
837,1558,Emma Raducanu,R,175.0,21.6,6-2 6-3,Wimbledon,92.0,Maria Sakkari,R,172.0,28.9,135.0,559.0,9.0,3805.0
838,1559,Paula Badosa,R,180.0,26.6,7-6(6) 4-6 6-4,Wimbledon,171.0,Daria Kasatkina,R,170.0,27.1,93.0,770.0,12.0,3283.0
839,1560,Donna Vekic,R,179.0,28.0,7-6(4) 6-7(3) 6-1,Wimbledon,174.0,Dayana Yastremska,R,175.0,24.1,37.0,1488.0,27.0,1760.0
840,1561,Jasmine Paolini,R,160.0,28.4,7-6(4) 6-1,Wimbledon,91.0,Bianca Andreescu,R,170.0,24.0,7.0,4228.0,176.0,426.0
841,1562,Madison Keys,R,178.0,29.3,6-4 6-3,Wimbledon,81.0,Marta Kostyuk,R,175.0,22.0,13.0,3068.0,19.0,2240.0
842,1565,Jelena Ostapenko,R,177.0,27.0,6-2 6-3,Wimbledon,68.0,Yulia Putintseva,R,163.0,29.4,14.0,3058.0,35.0,1553.0
843,1566,Barbora Krejcikova,R,178.0,28.5,7-5 6-3,Wimbledon,102.0,Danielle Collins,R,178.0,30.5,32.0,1643.0,11.0,3532.0
844,1568,Elina Svitolina,R,174.0,29.8,6-2 6-1,Wimbledon,55.0,Xin Yu Wang,R,182.0,22.7,21.0,2100.0,42.0,1411.0
845,1570,Donna Vekic,R,179.0,28.0,6-2 1-6 6-4,Wimbledon,98.0,Paula Badosa,R,180.0,26.6,37.0,1488.0,93.0,770.0
846,1573,Barbora Krejcikova,R,178.0,28.5,6-4 7-6(4),Wimbledon,100.0,Jelena Ostapenko,R,177.0,27.0,32.0,1643.0,14.0,3058.0
847,1574,Elena Rybakina,R,184.0,25.0,6-3 6-2,Wimbledon,61.0,Elina Svitolina,R,174.0,29.8,4.0,6026.0,21.0,2100.0
848,1577,Barbora Krejcikova,R,178.0,28.5,3-6 6-3 6-4,Wimbledon,127.0,Elena Rybakina,R,184.0,25.0,32.0,1643.0,4.0,6026.0
849,1578,Jasmine Paolini,R,160.0,28.4,2-6 6-4 7-6(8),Wimbledon,171.0,Donna Vekic,R,179.0,28.0,7.0,4228.0,37.0,1488.0
850,1579,Barbora Krejcikova,R,178.0,28.5,6-2 2-6 6-4,Wimbledon,116.0,Jasmine Paolini,R,160.0,28.4,32.0,1643.0,7.0,4228.0
851,1582,Aliaksandra Sasnovich,R,174.0,30.3,6-3 3-6 7-5,Budapest,166.0,Anna Karolina Schmiedlova,R,176.0,29.8,134.0,564.0,79.0,880.0
852,1592,Anna Karolina Schmiedlova,R,176.0,29.8,2-6 6-2 6-2,Budapest,140.0,Sara Sorribes Tormo,R,176.0,27.7,79.0,880.0,59.0,995.0
853,1601,Bernarda Pera,L,175.0,29.6,7-5 2-6 6-2,Budapest,170.0,Tamara Korpatsch,R,170.0,29.1,82.0,872.0,89.0,831.0
854,1602,Eva Lys,R,165.0,22.5,6-3 6-0,Budapest,70.0,Nadia Podoroska,R,170.0,27.4,129.0,584.0,71.0,923.0
855,1610,Aliaksandra Sasnovich,R,174.0,30.3,2-6 6-2 6-4,Budapest,124.0,Viktoriya Tomova,R,170.0,29.3,134.0,564.0,49.0,1166.0
856,1613,Karolina Muchova,R,178.0,27.8,6-1 6-1,Palermo,74.0,Irina Camelia Begu,R,181.0,33.8,35.0,1618.0,142.0,536.0
857,1615,Diane Parry,R,170.0,21.8,7-5 1-6 6-4,Palermo,170.0,Chloe Paquet,R,179.0,30.0,58.0,1019.0,115.0,647.0
858,1616,Irina Camelia Begu,R,181.0,33.8,6-3 6-4,Palermo,105.0,Ann Li,R,170.0,24.0,142.0,536.0,127.0,592.0
859,1617,Karolina Muchova,R,178.0,27.8,7-6(5) 7-6(6),Palermo,131.0,Astra Sharma,R,178.0,28.8,35.0,1618.0,151.0,497.0
860,1620,Diane Parry,R,170.0,21.8,6-2 6-7(4) 6-2,Palermo,160.0,Jil Teichmann,L,170.0,27.0,58.0,1019.0,211.0,348.0
861,1622,Irina Camelia Begu,R,181.0,33.8,6-2 7-5,Palermo,114.0,Arantxa Rus,L,180.0,33.5,142.0,536.0,62.0,969.0
862,1624,Astra Sharma,R,178.0,28.8,6-4 3-6 6-1,Palermo,121.0,Ajla Tomljanovic,R,180.0,31.1,151.0,497.0,133.0,566.0
863,1625,Karolina Muchova,R,178.0,27.8,6-7(0) 6-2 6-3,Palermo,157.0,Noma Noha Akugue,L,170.0,20.6,35.0,1618.0,197.0,383.0
864,1632,Chloe Paquet,R,179.0,30.0,6-3 6-3,Palermo,93.0,Saisai Zheng,R,170.0,30.4,115.0,647.0,1332.0,4.0
865,1634,Arantxa Rus,L,180.0,33.5,6-7(5) 6-4 6-2,Palermo,191.0,Martina Trevisan,L,160.0,30.6,62.0,969.0,77.0,903.0
866,1635,Irina Camelia Begu,R,181.0,33.8,6-0 6-0,Palermo,58.0,Marina Bassols Ribera,R,165.0,24.5,142.0,536.0,121.0,615.0
867,1638,Astra Sharma,R,178.0,28.8,6-0 7-5,Palermo,90.0,Anna Blinkova,R,179.0,25.8,151.0,497.0,74.0,910.0
868,1639,Ajla Tomljanovic,R,180.0,31.1,3-6 7-5 6-3,Palermo,162.0,Mayar Sherif,R,180.0,28.1,133.0,566.0,67.0,935.0
869,1640,Noma Noha Akugue,L,170.0,20.6,6-4 2-6 6-2,Palermo,119.0,Mona Barthel,R,185.0,34.0,197.0,383.0,202.0,370.0
870,1648,Chloe Paquet,R,179.0,30.0,0-6 6-2 6-1,Iasi,101.0,Selena Janicijevic,R,183.0,21.9,106.0,693.0,188.0,393.0
871,1659,Varvara Lepchenko,L,180.0,38.1,5-7 6-4 6-3,Iasi,188.0,Martina Trevisan,L,160.0,30.7,187.0,393.0,74.0,903.0
872,1665,Petra Martic,R,181.0,33.5,6-4 6-4,Iasi,92.0,Nuria Parrizas Diaz,R,167.0,33.0,97.0,768.0,137.0,535.0
873,1672,Magda Linette,R,171.0,32.4,6-2 6-1,Prague,80.0,Magdalena Frech,R,171.0,26.6,48.0,1171.0,57.0,1049.0
874,1676,Magda Linette,R,171.0,32.4,4-6 6-3 6-2,Prague,171.0,Viktoriya Tomova,R,170.0,29.4,48.0,1171.0,49.0,1166.0
875,1677,Magdalena Frech,R,171.0,26.6,2-6 6-0 6-1,Prague,125.0,Anhelina Kalinina,R,179.0,27.4,57.0,1049.0,47.0,1186.0
876,1681,Magda Linette,R,171.0,32.4,6-3 6-4,Prague,100.0,Rebeka Masarova,R,186.0,24.9,48.0,1171.0,111.0,650.0
877,1682,Viktoriya Tomova,R,170.0,29.4,6-3 6-4,Prague,92.0,Jana Fett,R,168.0,27.7,49.0,1166.0,116.0,630.0
878,1689,Ena Shibahara,R,170.0,26.4,7-6(5) 3-6 7-5,Prague,180.0,Tamara Korpatsch,R,170.0,29.1,257.0,274.0,92.0,802.0
879,1691,Magda Linette,R,171.0,32.4,7-6(4) 6-4,Prague,101.0,Mona Barthel,R,185.0,34.0,48.0,1171.0,193.0,386.0
880,1693,Jana Fett,R,168.0,27.7,6-2 6-2,Prague,86.0,Alison Van Uytvanck,R,173.0,30.3,116.0,630.0,245.0,294.0
881,1695,Magdalena Frech,R,171.0,26.6,6-4 2-6 6-2,Prague,127.0,Astra Sharma,R,178.0,28.8,57.0,1049.0,149.0,503.0
882,1699,Kathinka Von Deichmann,R,176.0,30.1,6-4 6-4,Prague,109.0,Anna Karolina Schmiedlova,R,176.0,29.8,241.0,297.0,70.0,918.0
883,1702,Katerina Siniakova,R,174.0,28.1,7-5 4-6 6-3,Prague,146.0,Louisa Chirico,R,175.0,28.1,38.0,1546.0,228.0,321.0
884,1716,Viktoriya Tomova,R,170.0,29.4,6-4 7-6(4),Paris Olympics,153.0,Magdalena Frech,R,171.0,26.6,46.0,1200.0,48.0,1185.0
885,1745,Anna Karolina Schmiedlova,R,176.0,29.8,6-4 6-4,Paris Olympics,113.0,Beatriz Haddad Maia,L,185.0,28.1,67.0,918.0,22.0,2108.0
886,1762,Donna Vekic,R,179.0,28.0,6-4 2-6 7-6(8),Paris Olympics,179.0,Marta Kostyuk,R,175.0,22.0,21.0,2138.0,19.0,2240.0
887,1767,Paula Badosa,R,180.0,26.7,6-1 4-6 6-4,Washington,144.0,Marie Bouzkova,R,180.0,26.0,62.0,940.0,43.0,1275.0
888,1768,Marie Bouzkova,R,180.0,26.0,6-4 3-6 6-3,Washington,132.0,Aryna Sabalenka,R,182.0,26.2,43.0,1275.0,3.0,7061.0
889,1769,Paula Badosa,R,180.0,26.7,6-3 6-3,Washington,81.0,Caroline Dolehide,R,178.0,25.8,62.0,940.0,49.0,1100.0
890,1770,Aryna Sabalenka,R,182.0,26.2,6-4 6-4,Washington,106.0,Victoria Azarenka,R,180.0,34.9,3.0,7061.0,20.0,2159.0
891,1772,Paula Badosa,R,180.0,26.7,4-6 7-5 6-4,Washington,165.0,Emma Raducanu,R,175.0,21.7,62.0,940.0,89.0,799.0
892,1773,Caroline Dolehide,R,178.0,25.8,7-6(5) 6-1,Washington,96.0,Amanda Anisimova,R,180.0,22.9,49.0,1100.0,176.0,423.0
893,1775,Victoria Azarenka,R,180.0,34.9,6-1 6-7(5) 6-3,Washington,166.0,Yafan Wang,R,170.0,30.2,20.0,2159.0,73.0,872.0
894,1777,Marie Bouzkova,R,180.0,26.0,7-5 7-6(8),Washington,140.0,Taylor Townsend,L,170.0,28.2,43.0,1275.0,78.0,844.0
895,1780,Amanda Anisimova,R,180.0,22.9,6-1 6-7(4) 6-4,Washington,122.0,Anastasia Pavlyuchenkova,R,177.0,33.0,176.0,423.0,33.0,1717.0
896,1781,Caroline Dolehide,R,178.0,25.8,2-6 7-5 6-0,Washington,132.0,Daria Kasatkina,R,170.0,27.2,49.0,1100.0,12.0,3283.0
897,1783,Yafan Wang,R,170.0,30.2,5-7 6-3 6-0,Washington,116.0,Karolina Pliskova,R,184.0,32.3,73.0,872.0,44.0,1255.0
898,1787,Taylor Townsend,L,170.0,28.2,6-2 6-2,Washington,69.0,Anastasia Potapova,R,175.0,23.3,78.0,844.0,42.0,1295.0
899,1788,Emma Raducanu,R,175.0,21.7,6-2 3-6 6-4,Washington,146.0,Elise Mertens,R,179.0,28.6,89.0,799.0,35.0,1629.0
900,1790,Paula Badosa,R,180.0,26.7,6-1 7-6(6),Washington,90.0,Sofia Kenin,R,170.0,25.7,62.0,940.0,54.0,1061.0
901,1791,Anastasia Pavlyuchenkova,R,177.0,33.0,6-3 4-6 6-4,Washington,134.0,Ashlyn Krueger,R,185.0,20.2,33.0,1717.0,81.0,829.0
902,1792,Amanda Anisimova,R,180.0,22.9,6-3 7-5,Washington,81.0,Sloane Stephens,R,170.0,31.3,176.0,423.0,45.0,1217.0
903,1793,Caroline Dolehide,R,178.0,25.8,6-1 3-6 6-4,Washington,139.0,Lesia Tsurenko,R,174.0,35.1,49.0,1100.0,84.0,818.0
904,1794,Jessica Pegula,R,170.0,30.4,6-3 2-6 6-1,Toronto,87.0,Amanda Anisimova,R,180.0,22.9,6.0,4515.0,132.0,556.0
905,1800,Amanda Anisimova,R,180.0,22.9,6-4 6-2,Toronto,86.0,Aryna Sabalenka,R,182.0,26.2,132.0,556.0,3.0,7256.0
906,1802,Liudmila Samsonova,R,180.0,25.7,6-2 6-4,Toronto,103.0,Elise Mertens,R,179.0,28.7,13.0,2820.0,35.0,1629.0
907,1803,Jessica Pegula,R,170.0,30.4,6-2 6-4,Toronto,82.0,Ashlyn Krueger,R,185.0,20.2,6.0,4515.0,82.0,829.0
908,1806,Taylor Townsend,L,170.0,28.3,6-2 6-1,Toronto,60.0,Jelena Ostapenko,R,177.0,27.1,71.0,903.0,11.0,3418.0
909,1808,Aryna Sabalenka,R,182.0,26.2,6-3 6-3,Toronto,83.0,Katie Boulter,R,180.0,28.0,3.0,7256.0,33.0,1676.0
910,1809,Coco Gauff,R,175.0,20.3,6-4 6-4,Toronto,88.0,Yafan Wang,R,170.0,30.2,2.0,7703.0,72.0,903.0
911,1811,Elise Mertens,R,179.0,28.7,6-3 6-4,Toronto,91.0,Naomi Osaka,R,180.0,26.8,35.0,1629.0,95.0,739.0
912,1812,Liudmila Samsonova,R,180.0,25.7,6-4 6-2,Toronto,86.0,Moyuka Uchijima,R,171.0,22.9,13.0,2820.0,63.0,930.0
913,1813,Jessica Pegula,R,170.0,30.4,7-5 6-4,Toronto,90.0,Karolina Pliskova,R,184.0,32.3,6.0,4515.0,45.0,1255.0
914,1814,Ashlyn Krueger,R,185.0,20.2,6-4 6-2,Toronto,88.0,Leylah Fernandez,L,168.0,21.9,82.0,829.0,25.0,1894.0
915,1818,Marta Kostyuk,R,175.0,22.1,6-2 2-6 6-2,Toronto,102.0,Elina Svitolina,R,174.0,29.8,20.0,2141.0,34.0,1650.0
916,1820,Jelena Ostapenko,R,177.0,27.1,3-6 7-6(3) 6-2,Toronto,124.0,Paula Badosa,R,180.0,26.7,11.0,3418.0,40.0,1440.0
917,1821,Amanda Anisimova,R,180.0,22.9,6-4 6-3,Toronto,90.0,Daria Kasatkina,R,170.0,27.2,132.0,556.0,12.0,3283.0
918,1822,Anna Kalinskaya,R,175.0,25.6,6-2 6-2,Toronto,75.0,Lesia Tsurenko,R,174.0,35.1,17.0,2550.0,85.0,818.0
919,1824,Aryna Sabalenka,R,182.0,26.2,6-2 6-2,Toronto,81.0,Yue Yuan,R,184.0,25.8,3.0,7256.0,42.0,1422.0
920,1825,Yafan Wang,R,170.0,30.2,7-5 7-6(3),Toronto,105.0,Sofia Kenin,R,170.0,25.7,72.0,903.0,55.0,1061.0
921,1826,Magdalena Frech,R,171.0,26.6,4-6 6-3 6-0,Toronto,124.0,Anastasia Potapova,R,175.0,23.3,50.0,1185.0,44.0,1295.0
922,1828,Naomi Osaka,R,180.0,26.8,6-3 6-1,Toronto,71.0,Ons Jabeur,R,167.0,29.9,95.0,739.0,16.0,2631.0
923,1830,Moyuka Uchijima,R,171.0,22.9,7-6(4) 6-2,Toronto,109.0,Viktoriya Tomova,R,170.0,29.4,63.0,930.0,48.0,1200.0
924,1831,Karolina Pliskova,R,184.0,32.3,6-4 7-6(10),Toronto,111.0,Nadia Podoroska,R,170.0,27.4,45.0,1255.0,87.0,813.0
925,1833,Leylah Fernandez,L,168.0,21.9,6-3 5-7 6-1,Toronto,127.0,Nao Hibino,R,163.0,29.6,25.0,1894.0,159.0,471.0
926,1834,Victoria Azarenka,R,180.0,35.0,6-2 6-2,Toronto,76.0,Anastasia Pavlyuchenkova,R,177.0,33.0,19.0,2266.0,29.0,1776.0
927,1837,Magda Linette,R,171.0,32.4,6-3 6-4,Toronto,85.0,Rebecca Marino,R,183.0,33.6,43.0,1361.0,145.0,532.0
928,1838,Elina Svitolina,R,174.0,29.8,6-0 6-2,Toronto,70.0,Shelby Rogers,R,175.0,31.8,34.0,1650.0,379.0,160.0
929,1839,Marta Kostyuk,R,175.0,22.1,6-0 6-2,Toronto,52.0,Tatjana Maria,R,172.0,36.9,20.0,2141.0,67.0,914.0
930,1842,Paula Badosa,R,180.0,26.7,6-1 6-4,Toronto,83.0,Clara Tauson,R,182.0,21.6,40.0,1440.0,62.0,932.0
931,1843,Amanda Anisimova,R,180.0,22.9,6-1 6-4,Toronto,68.0,Caroline Dolehide,R,178.0,25.9,132.0,556.0,46.0,1247.0
932,1844,Lesia Tsurenko,R,174.0,35.1,0-6 6-3 6-4,Toronto,119.0,Bianca Andreescu,R,170.0,24.1,85.0,818.0,175.0,425.0
933,1845,Anna Kalinskaya,R,175.0,25.6,6-2 6-3,Toronto,68.0,Louisa Chirico,R,175.0,28.2,17.0,2550.0,218.0,335.0
934,1846,Beatriz Haddad Maia,L,185.0,28.1,5-7 6-2 7-6(1),Toronto,199.0,Marie Bouzkova,R,180.0,26.0,22.0,2108.0,36.0,1587.0
935,1847,Katie Boulter,R,180.0,28.0,6-4 3-6 6-1,Toronto,128.0,Bernarda Pera,L,175.0,29.6,33.0,1676.0,80.0,842.0
936,1849,Aryna Sabalenka,R,182.0,26.2,6-3 6-3,Cincinnati,107.0,Iga Swiatek,R,176.0,23.2,3.0,7366.0,1.0,10655.0
937,1850,Jessica Pegula,R,170.0,30.4,6-2 3-6 6-3,Cincinnati,113.0,Paula Badosa,R,180.0,26.7,6.0,4615.0,37.0,1505.0
938,1852,Aryna Sabalenka,R,182.0,26.2,6-3 6-2,Cincinnati,79.0,Liudmila Samsonova,R,180.0,25.7,3.0,7366.0,17.0,2450.0
939,1853,Jessica Pegula,R,170.0,30.4,7-5 6-7(1) 7-6(3),Cincinnati,184.0,Leylah Fernandez,L,168.0,21.9,6.0,4615.0,27.0,1854.0
940,1854,Paula Badosa,R,180.0,26.7,6-3 6-2,Cincinnati,66.0,Anastasia Pavlyuchenkova,R,177.0,33.1,37.0,1505.0,28.0,1776.0
941,1855,Iga Swiatek,R,176.0,23.2,6-2 6-2,Cincinnati,70.0,Marta Kostyuk,R,175.0,22.1,1.0,10655.0,21.0,2260.0
942,1857,Aryna Sabalenka,R,182.0,26.2,7-5 6-2,Cincinnati,79.0,Elina Svitolina,R,174.0,29.9,3.0,7366.0,30.0,1714.0
943,1859,Jessica Pegula,R,170.0,30.4,6-2 6-3,Cincinnati,63.0,Taylor Townsend,L,170.0,28.3,6.0,4615.0,53.0,1137.0
944,1862,Paula Badosa,R,180.0,26.7,6-4 6-4,Cincinnati,92.0,Yulia Putintseva,R,163.0,29.5,37.0,1505.0,33.0,1681.0
945,1866,Jasmine Paolini,R,160.0,28.6,7-6(2) 6-3,Cincinnati,98.0,Anastasia Potapova,R,175.0,23.3,5.0,5298.0,44.0,1304.0
946,1869,Liudmila Samsonova,R,180.0,25.7,7-6(10) 6-1,Cincinnati,110.0,Magda Linette,R,171.0,32.4,17.0,2450.0,43.0,1366.0
947,1871,Jessica Pegula,R,170.0,30.4,5-7 6-4 6-2,Cincinnati,137.0,Karolina Muchova,R,178.0,27.9,6.0,4615.0,35.0,1646.0
948,1872,Taylor Townsend,L,170.0,28.3,6-1 2-6 6-1,Cincinnati,114.0,Daria Kasatkina,R,170.0,27.2,53.0,1137.0,12.0,3158.0
949,1874,Leylah Fernandez,L,168.0,21.9,3-6 7-6(3) 6-4,Cincinnati,155.0,Elena Rybakina,R,184.0,25.1,27.0,1854.0,4.0,6026.0
950,1876,Anastasia Pavlyuchenkova,R,177.0,33.1,7-5 6-4,Cincinnati,96.0,Caroline Wozniacki,R,177.0,34.0,28.0,1776.0,84.0,844.0
951,1877,Paula Badosa,R,180.0,26.7,6-3 6-2,Cincinnati,64.0,Anna Kalinskaya,R,175.0,25.6,37.0,1505.0,16.0,2660.0
952,1878,Yulia Putintseva,R,163.0,29.5,6-4 2-6 6-4,Cincinnati,114.0,Coco Gauff,R,175.0,20.4,33.0,1681.0,2.0,7633.0
953,1881,Marta Kostyuk,R,175.0,22.1,6-4 2-6 6-4,Cincinnati,138.0,Elise Mertens,R,179.0,28.7,21.0,2260.0,32.0,1689.0
954,1883,Karolina Pliskova,R,184.0,32.3,7-6(3) 7-6(3),Cincinnati,100.0,Viktoriya Tomova,R,170.0,29.4,45.0,1260.0,50.0,1200.0
955,1884,Anastasia Potapova,R,175.0,23.3,6-4 2-6 6-1,Cincinnati,103.0,Clara Burel,R,176.0,23.3,44.0,1304.0,57.0,1057.0
956,1886,Elina Svitolina,R,174.0,29.9,5-7 6-3 6-2,Cincinnati,131.0,Yafan Wang,R,170.0,30.2,30.0,1714.0,62.0,997.0
957,1888,Liudmila Samsonova,R,180.0,25.7,6-4 6-4,Cincinnati,91.0,Xin Yu Wang,R,182.0,22.8,17.0,2450.0,39.0,1471.0
958,1889,Magda Linette,R,171.0,32.4,2-6 6-0 7-5,Cincinnati,113.0,Katie Boulter,R,180.0,28.0,43.0,1366.0,31.0,1706.0
959,1891,Karolina Muchova,R,178.0,27.9,7-6(6) 6-2,Cincinnati,116.0,Dayana Yastremska,R,175.0,24.2,35.0,1646.0,34.0,1673.0
960,1892,Taylor Townsend,L,170.0,28.3,3-6 6-4 7-6(7),Cincinnati,144.0,Caroline Dolehide,R,178.0,25.9,53.0,1137.0,47.0,1232.0
961,1893,Daria Kasatkina,R,170.0,27.2,6-4 6-2,Cincinnati,71.0,Ekaterina Alexandrova,R,175.0,29.7,12.0,3158.0,26.0,1873.0
962,1894,Ashlyn Krueger,R,185.0,20.2,5-7 7-6(4) 6-2,Cincinnati,181.0,Donna Vekic,R,179.0,28.1,65.0,952.0,22.0,2138.0
963,1896,Leylah Fernandez,L,168.0,21.9,3-6 6-4 6-3,Cincinnati,119.0,Yue Yuan,R,184.0,25.8,27.0,1854.0,40.0,1457.0
964,1897,Magdalena Frech,R,171.0,26.6,3-6 6-4 6-3,Cincinnati,134.0,Marie Bouzkova,R,180.0,26.0,48.0,1220.0,38.0,1495.0
965,1898,Caroline Wozniacki,R,177.0,34.0,6-2 6-4,Cincinnati,85.0,Anhelina Kalinina,R,179.0,27.5,84.0,844.0,51.0,1186.0
966,1899,Anastasia Pavlyuchenkova,R,177.0,33.1,4-6 7-6(4) 6-3,Cincinnati,174.0,Beatriz Haddad Maia,L,185.0,28.2,28.0,1776.0,23.0,2113.0
967,1900,Anna Kalinskaya,R,175.0,25.6,1-6 6-2 6-3,Cincinnati,106.0,Katerina Siniakova,R,174.0,28.2,16.0,2660.0,36.0,1546.0
968,1902,Yulia Putintseva,R,163.0,29.5,4-6 6-0 6-1,Cincinnati,107.0,Harriet Dart,R,175.0,28.0,33.0,1681.0,77.0,864.0
969,1903,Aryna Sabalenka,R,182.0,26.2,6-3 7-5,Cincinnati,76.0,Jessica Pegula,R,170.0,30.4,3.0,7366.0,6.0,4615.0
970,1905,Beatriz Haddad Maia,L,185.0,28.2,6-3 2-6 6-2,Cleveland,131.0,Katerina Siniakova,R,174.0,28.2,23.0,2093.0,36.0,1436.0
971,1907,Beatriz Haddad Maia,L,185.0,28.2,6-2 6-2,Cleveland,75.0,Clara Burel,R,176.0,23.4,23.0,2093.0,58.0,1048.0
972,1910,Anastasia Potapova,R,175.0,23.3,6-2 6-1,Cleveland,77.0,Ana Bogdan,R,171.0,31.7,43.0,1309.0,103.0,715.0
973,1912,Clara Burel,R,176.0,23.4,6-4 6-3,Cleveland,86.0,Sofia Kenin,R,170.0,25.7,58.0,1048.0,55.0,1070.0
974,1915,Arantxa Rus,L,180.0,33.6,6-3 6-3,Cleveland,93.0,Viktoriya Tomova,R,170.0,29.4,95.0,750.0,50.0,1159.0
975,1917,Anastasia Potapova,R,175.0,23.3,6-2 6-2,Cleveland,68.0,Clara Tauson,R,182.0,21.6,43.0,1309.0,65.0,941.0
976,1919,Beatriz Haddad Maia,L,185.0,28.2,6-3 7-5,Cleveland,116.0,Viktorija Golubic,R,169.0,31.8,23.0,2093.0,74.0,884.0
977,1925,Sara Sorribes Tormo,R,176.0,27.8,6-4 6-1,Cleveland,92.0,Yafan Wang,R,170.0,30.3,73.0,886.0,78.0,861.0
978,1927,Viktoriya Tomova,R,170.0,29.4,6-1 6-4,Cleveland,87.0,Lauren Davis,R,157.0,30.8,50.0,1159.0,404.0,145.0
979,1930,Xin Yu Wang,R,182.0,22.8,6-1 6-1,Cleveland,60.0,Anna Blinkova,R,179.0,25.9,37.0,1421.0,79.0,861.0
980,1931,Anastasia Potapova,R,175.0,23.3,6-3 6-2,Cleveland,66.0,Diane Parry,R,170.0,21.9,43.0,1309.0,62.0,1002.0
981,1932,Clara Tauson,R,182.0,21.6,3-6 6-3 6-2,Cleveland,133.0,Anna Karolina Schmiedlova,R,176.0,29.9,65.0,941.0,84.0,831.0
982,1934,Ana Bogdan,R,171.0,31.7,1-6 7-6(2) 6-2,Cleveland,152.0,Leylah Fernandez,L,168.0,21.9,103.0,715.0,24.0,2015.0
983,1939,Ekaterina Alexandrova,R,175.0,29.7,7-5 7-6(3),Monterrey,117.0,Yue Yuan,R,184.0,25.9,30.0,1763.0,38.0,1410.0
984,1945,Yue Yuan,R,184.0,25.9,6-4 6-1,Monterrey,75.0,Petra Martic,R,181.0,33.5,38.0,1410.0,105.0,691.0
985,1954,Petra Martic,R,181.0,33.5,7-6(2) 3-6 6-2,Monterrey,147.0,Carol Zhao,R,165.0,29.1,105.0,691.0,268.0,255.0
986,1955,Yue Yuan,R,184.0,25.9,4-6 6-2 6-3,Monterrey,141.0,Aleksandra Krunic,R,163.0,31.4,38.0,1410.0,318.0,197.0
987,1959,Magdalena Frech,R,171.0,26.6,6-4 4-6 6-4,Monterrey,157.0,Nadia Podoroska,R,170.0,27.5,45.0,1285.0,67.0,926.0
988,1961,Camila Osorio,R,162.0,22.6,6-2 7-6(3),Monterrey,88.0,Ajla Tomljanovic,R,180.0,31.2,88.0,814.0,119.0,606.0
989,1963,Ena Shibahara,R,170.0,26.5,6-3 4-6 7-6(6),Us Open,197.0,Daria Saville,R,166.0,30.4,217.0,323.0,95.0,766.0
990,1967,Ashlyn Krueger,R,185.0,20.3,0-6 6-1 7-5,Us Open,101.0,Shuai Zhang,R,177.0,35.5,59.0,1017.0,643.0,60.0
991,1968,Marie Bouzkova,R,180.0,26.0,6-2 1-6 7-5,Us Open,113.0,Eva Lys,R,165.0,22.6,45.0,1312.0,112.0,642.0
992,1969,Liudmila Samsonova,R,180.0,25.7,6-2 7-5,Us Open,92.0,Qiang Wang,R,172.0,32.6,16.0,2610.0,438.0,128.0
993,1970,Caroline Dolehide,R,178.0,25.9,1-6 7-5 6-4,Us Open,160.0,Danielle Collins,R,178.0,30.7,49.0,1227.0,11.0,3422.0
994,1972,Clara Tauson,R,182.0,21.6,1-6 7-6(5) 6-2,Us Open,138.0,Anna Karolina Schmiedlova,R,176.0,29.9,67.0,929.0,87.0,831.0
995,1974,Katie Boulter,R,180.0,28.0,5-7 6-2 6-1,Us Open,145.0,Aliaksandra Sasnovich,R,174.0,30.4,33.0,1715.0,107.0,669.0
996,1976,Sofia Kenin,R,170.0,25.7,6-1 3-6 6-4,Us Open,131.0,Emma Raducanu,R,175.0,21.7,54.0,1099.0,72.0,907.0
997,1977,Jessica Pegula,R,170.0,30.5,6-4 6-3,Us Open,83.0,Shelby Rogers,R,175.0,31.8,6.0,5160.0,356.0,173.0
998,1978,Elena Rybakina,R,184.0,25.1,6-1 7-6(1),Us Open,82.0,Destanee Aiava,R,175.0,24.2,4.0,5931.0,194.0,363.0
999,1980,Caroline Wozniacki,R,177.0,34.1,6-0 6-1,Us Open,53.0,Nao Hibino,R,163.0,29.7,71.0,908.0,155.0,476.0
1000,1983,Sara Sorribes Tormo,R,176.0,27.8,6-1 6-3,Us Open,92.0,Alexa Noel,R,168.0,21.9,115.0,624.0,784.0,36.0
1001,1985,Anna Kalinskaya,R,175.0,25.7,6-2 6-2,Us Open,65.0,Lauren Davis,R,157.0,30.8,15.0,2712.0,408.0,145.0
1002,1986,Naomi Osaka,R,180.0,26.8,6-3 6-2,Us Open,64.0,Jelena Ostapenko,R,177.0,27.2,88.0,824.0,10.0,3428.0
1003,1989,Anastasia Potapova,R,175.0,23.4,2-6 6-4 7-5,Us Open,146.0,Leylah Fernandez,L,168.0,21.9,38.0,1397.0,26.0,2009.0
1004,1991,Xin Yu Wang,R,182.0,22.9,3-6 6-4 6-1,Us Open,130.0,Arina Rodionova,R,168.0,34.6,40.0,1373.0,119.0,607.0
1005,1992,Karolina Pliskova,R,184.0,32.4,6-3 0-6 7-5,Us Open,143.0,Mayar Sherif,R,180.0,28.3,44.0,1324.0,89.0,793.0
1006,1993,Jasmine Paolini,R,160.0,28.6,6-7(5) 6-2 6-4,Us Open,168.0,Bianca Andreescu,R,170.0,24.1,5.0,5168.0,167.0,444.0
1007,1994,Barbora Krejcikova,R,178.0,28.6,7-6(3) 6-2,Us Open,94.0,Marina Bassols Ribera,R,165.0,24.7,8.0,3571.0,114.0,625.0
1008,1996,Taylor Townsend,L,170.0,28.3,6-2 7-5,Us Open,114.0,Martina Trevisan,L,160.0,30.8,48.0,1267.0,90.0,788.0
1009,1997,Paula Badosa,R,180.0,26.7,6-0 6-3,Us Open,69.0,Viktorija Golubic,R,169.0,31.8,29.0,1895.0,73.0,901.0
1010,1999,Clara Burel,R,176.0,23.4,0-6 7-5 7-5,Us Open,126.0,Sloane Stephens,R,170.0,31.4,56.0,1075.0,62.0,987.0
1011,2003,Arantxa Rus,L,180.0,33.7,6-4 7-6(5),Us Open,133.0,Ana Bogdan,R,171.0,31.7,93.0,779.0,91.0,786.0
1012,2004,Harriet Dart,R,175.0,28.0,6-1 6-2,Us Open,74.0,Chloe Paquet,R,179.0,30.1,78.0,874.0,97.0,746.0
1013,2012,Moyuka Uchijima,R,171.0,23.0,3-6 6-3 6-4,Us Open,135.0,Tamara Korpatsch,R,170.0,29.2,64.0,968.0,111.0,648.0
1014,2013,Jule Niemeier,R,178.0,25.0,6-4 6-7(3) 6-4,Us Open,190.0,Dayana Yastremska,R,175.0,24.2,101.0,724.0,34.0,1682.0
1015,2014,Donna Vekic,R,179.0,28.1,6-4 6-4,Us Open,93.0,Kimberly Birrell,R,170.0,26.3,24.0,2013.0,147.0,508.0
1016,2017,Daria Kasatkina,R,170.0,27.3,6-2 6-4,Us Open,75.0,Jaqueline Cristian,R,180.0,26.2,13.0,2973.0,69.0,919.0
1017,2018,Madison Keys,R,178.0,29.5,6-4 6-1,Us Open,64.0,Katerina Siniakova,R,174.0,28.2,14.0,2727.0,36.0,1474.0
1018,2020,Ajla Tomljanovic,R,180.0,31.3,6-4 6-4,Us Open,101.0,Ann Li,R,170.0,24.1,118.0,607.0,128.0,559.0
1019,2021,Elise Mertens,R,179.0,28.7,3-6 6-4 6-3,Us Open,147.0,Veronika Kudermetova,R,175.0,27.3,35.0,1639.0,46.0,1308.0
1020,2022,Ekaterina Alexandrova,R,175.0,29.7,6-7(4) 6-0 7-5,Us Open,153.0,Viktoriya Tomova,R,170.0,29.5,31.0,1778.0,58.0,1031.0
1021,2025,Aryna Sabalenka,R,182.0,26.3,6-3 6-3,Us Open,79.0,Priscilla Hon,R,171.0,26.2,2.0,8016.0,203.0,345.0
1022,2026,Iga Swiatek,R,176.0,23.2,6-0 6-1,Us Open,65.0,Ena Shibahara,R,170.0,26.5,1.0,10695.0,217.0,323.0
1023,2029,Liudmila Samsonova,R,180.0,25.7,3-6 7-6(1) 6-3,Us Open,169.0,Marie Bouzkova,R,180.0,26.0,16.0,2610.0,45.0,1312.0
1024,2030,Sara Errani,R,164.0,37.3,7-5 7-5,Us Open,110.0,Caroline Dolehide,R,178.0,25.9,96.0,760.0,49.0,1227.0
1025,2033,Jessica Pegula,R,170.0,30.5,7-6(4) 6-3,Us Open,87.0,Sofia Kenin,R,170.0,25.7,6.0,5160.0,54.0,1099.0
1026,2036,Beatriz Haddad Maia,L,185.0,28.2,6-2 6-1,Us Open,73.0,Sara Sorribes Tormo,R,176.0,27.8,21.0,2221.0,115.0,624.0
1027,2038,Karolina Muchova,R,178.0,28.0,6-3 7-6(5),Us Open,94.0,Naomi Osaka,R,180.0,26.8,52.0,1126.0,88.0,824.0
1028,2039,Anastasia Potapova,R,175.0,23.4,6-3 6-4,Us Open,89.0,Varvara Lepchenko,L,180.0,38.2,38.0,1397.0,199.0,357.0
1029,2040,Yulia Putintseva,R,163.0,29.6,6-1 7-6(4),Us Open,127.0,Xin Yu Wang,R,182.0,22.9,32.0,1761.0,40.0,1373.0
1030,2043,Paula Badosa,R,180.0,26.7,6-3 7-5,Us Open,100.0,Taylor Townsend,L,170.0,28.3,29.0,1895.0,48.0,1267.0
1031,2044,Victoria Azarenka,R,180.0,35.0,6-1 6-4,Us Open,86.0,Clara Burel,R,176.0,23.4,20.0,2266.0,56.0,1075.0
1032,2045,Yafan Wang,R,170.0,30.3,6-0 6-4,Us Open,94.0,Diane Parry,R,170.0,21.9,80.0,861.0,60.0,1002.0
1033,2047,Marta Kostyuk,R,175.0,22.1,7-6(10) 6-1,Us Open,94.0,Harriet Dart,R,175.0,28.0,19.0,2348.0,78.0,874.0
1034,2048,Elina Svitolina,R,174.0,29.9,6-1 6-2,Us Open,77.0,Anhelina Kalinina,R,179.0,27.5,28.0,1942.0,55.0,1076.0
1035,2049,Coco Gauff,R,175.0,20.4,6-4 6-0,Us Open,80.0,Tatjana Maria,R,172.0,37.0,3.0,6743.0,99.0,735.0
1036,2051,Jule Niemeier,R,178.0,25.0,6-4 6-0,Us Open,96.0,Moyuka Uchijima,R,171.0,23.0,101.0,724.0,64.0,968.0
1037,2055,Elise Mertens,R,179.0,28.7,6-3 6-2,Us Open,96.0,Ajla Tomljanovic,R,180.0,31.3,35.0,1639.0,118.0,607.0
1038,2058,Iga Swiatek,R,176.0,23.2,6-4 6-2,Us Open,92.0,Anastasia Pavlyuchenkova,R,177.0,33.1,1.0,10695.0,27.0,1961.0
1039,2059,Liudmila Samsonova,R,180.0,25.7,6-1 6-1,Us Open,62.0,Ashlyn Krueger,R,185.0,20.3,16.0,2610.0,59.0,1017.0
1040,2063,Beatriz Haddad Maia,L,185.0,28.2,6-3 6-1,Us Open,80.0,Anna Kalinskaya,R,175.0,25.7,21.0,2221.0,15.0,2712.0
1041,2064,Karolina Muchova,R,178.0,28.0,6-4 6-2,Us Open,73.0,Anastasia Potapova,R,175.0,23.4,52.0,1126.0,38.0,1397.0
1042,2065,Jasmine Paolini,R,160.0,28.6,6-3 6-4,Us Open,93.0,Yulia Putintseva,R,163.0,29.6,5.0,5168.0,32.0,1761.0
1043,2067,Yafan Wang,R,170.0,30.3,6-4 3-6 6-1,Us Open,142.0,Victoria Azarenka,R,180.0,35.0,80.0,861.0,20.0,2266.0
1044,2069,Coco Gauff,R,175.0,20.4,3-6 6-3 6-3,Us Open,123.0,Elina Svitolina,R,174.0,29.9,3.0,6743.0,28.0,1942.0
1045,2072,Elise Mertens,R,179.0,28.7,6-7(5) 7-5 6-4,Us Open,174.0,Madison Keys,R,178.0,29.5,35.0,1639.0,14.0,2727.0
1046,2073,Aryna Sabalenka,R,182.0,26.3,2-6 6-1 6-2,Us Open,100.0,Ekaterina Alexandrova,R,175.0,29.7,2.0,8016.0,31.0,1778.0
1047,2074,Iga Swiatek,R,176.0,23.2,6-4 6-1,Us Open,90.0,Liudmila Samsonova,R,180.0,25.7,1.0,10695.0,16.0,2610.0
1048,2076,Beatriz Haddad Maia,L,185.0,28.2,6-2 3-6 6-3,Us Open,161.0,Caroline Wozniacki,R,177.0,34.1,21.0,2221.0,71.0,908.0
1049,2077,Karolina Muchova,R,178.0,28.0,6-3 6-3,Us Open,69.0,Jasmine Paolini,R,160.0,28.6,52.0,1126.0,5.0,5168.0
1050,2078,Paula Badosa,R,180.0,26.7,6-1 6-2,Us Open,82.0,Yafan Wang,R,170.0,30.3,29.0,1895.0,80.0,861.0
1051,2081,Aryna Sabalenka,R,182.0,26.3,6-2 6-4,Us Open,97.0,Elise Mertens,R,179.0,28.7,2.0,8016.0,35.0,1639.0
1052,2082,Jessica Pegula,R,170.0,30.5,6-2 6-4,Us Open,88.0,Iga Swiatek,R,176.0,23.2,6.0,5160.0,1.0,10695.0
1053,2083,Karolina Muchova,R,178.0,28.0,6-1 6-4,Us Open,85.0,Beatriz Haddad Maia,L,185.0,28.2,52.0,1126.0,21.0,2221.0
1054,2086,Jessica Pegula,R,170.0,30.5,1-6 6-4 6-2,Us Open,132.0,Karolina Muchova,R,178.0,28.0,6.0,5160.0,52.0,1126.0
1055,2088,Aryna Sabalenka,R,182.0,26.3,7-5 7-5,Us Open,113.0,Jessica Pegula,R,170.0,30.5,2.0,8016.0,6.0,5160.0
1056,2090,Magdalena Frech,R,171.0,26.7,7-6(4) 7-5,Guadalajara,126.0,Caroline Garcia,R,177.0,30.8,43.0,1303.0,30.0,1808.0
1057,2097,Magdalena Frech,R,171.0,26.7,3-6 6-3 6-1,Guadalajara,115.0,Ashlyn Krueger,R,185.0,20.3,43.0,1303.0,51.0,1137.0
1058,2098,Caroline Garcia,R,177.0,30.8,7-6(3) 7-6(5),Guadalajara,110.0,Ena Shibahara,R,170.0,26.5,30.0,1808.0,169.0,432.0
1059,2100,Camila Osorio,R,162.0,22.7,7-6 6-7(2) 7-5,Guadalajara,201.0,Veronika Kudermetova,R,175.0,27.3,80.0,861.0,42.0,1308.0
1060,2105,Ashlyn Krueger,R,185.0,20.3,7-5 6-2,Guadalajara,100.0,Tatjana Maria,R,172.0,37.0,51.0,1137.0,82.0,846.0
1061,2107,Ena Shibahara,R,170.0,26.5,6-4 7-6(4),Guadalajara,101.0,Kimberly Birrell,R,170.0,26.3,169.0,432.0,150.0,489.0
1062,2109,Marie Bouzkova,R,180.0,26.1,6-2 6-2,Guadalajara,96.0,Alexandra Eala,L,173.0,19.2,45.0,1252.0,147.0,502.0
1063,2110,Veronika Kudermetova,R,175.0,27.3,6-4 6-4,Guadalajara,98.0,Sachia Vickery,R,162.0,29.3,42.0,1308.0,160.0,461.0
1064,2113,Martina Trevisan,L,160.0,30.8,6-3 6-2,Guadalajara,78.0,Caroline Dolehide,R,178.0,26.0,99.0,740.0,44.0,1287.0
1065,2150,Laura Siegemund,R,168.0,36.5,6-3 6-4,Hua Hin 2,127.0,Rebeka Masarova,R,186.0,25.1,99.0,748.0,119.0,620.0
1066,2152,Tamara Zidansek,R,168.0,26.7,4-6 7-6(3) 7-6(3),Hua Hin 2,221.0,Nadia Podoroska,R,170.0,27.5,261.0,261.0,74.0,900.0
1067,2155,Rebeka Masarova,R,186.0,25.1,7-6(6) 3-6 7-5,Hua Hin 2,187.0,Xin Yu Wang,R,182.0,22.9,119.0,620.0,52.0,1123.0
1068,2160,Nadia Podoroska,R,170.0,27.5,6-3 6-3,Hua Hin 2,91.0,Katerina Siniakova,R,174.0,28.3,74.0,900.0,37.0,1474.0
1069,2165,Xin Yu Wang,R,182.0,22.9,6-2 6-4,Hua Hin 2,80.0,Mayar Sherif,R,180.0,28.3,52.0,1123.0,93.0,793.0
1070,2167,Laura Siegemund,R,168.0,36.5,6-4 6-3,Hua Hin 2,137.0,Alycia Parks,R,185.0,23.7,99.0,748.0,116.0,627.0
1071,2170,Jana Fett,R,168.0,27.8,2-6 6-3 6-3,Hua Hin 2,144.0,Saisai Zheng,R,170.0,30.6,129.0,581.0,1024.0,16.0
1072,2172,Magda Linette,R,171.0,32.5,6-2 7-5,Hua Hin 2,113.0,Lesia Tsurenko,R,174.0,35.2,43.0,1311.0,92.0,794.0
1073,2176,Katerina Siniakova,R,174.0,28.3,7-5 6-1,Hua Hin 2,95.0,Arina Rodionova,R,168.0,34.7,37.0,1474.0,115.0,635.0
1074,2178,Beatriz Haddad Maia,L,185.0,28.2,1-6 6-4 6-1,Seoul,110.0,Daria Kasatkina,R,170.0,27.3,17.0,2516.0,13.0,2803.0
1075,2180,Beatriz Haddad Maia,L,185.0,28.2,6-4 6-4,Seoul,107.0,Veronika Kudermetova,R,175.0,27.3,17.0,2516.0,44.0,1308.0
1076,2184,Veronika Kudermetova,R,175.0,27.3,7-5 6-3,Seoul,111.0,Viktoriya Tomova,R,170.0,29.5,44.0,1308.0,54.0,1031.0
1077,2186,Emma Raducanu,R,175.0,21.8,6-4 6-3,Seoul,124.0,Yue Yuan,R,184.0,25.9,70.0,917.0,40.0,1349.0
1078,2188,Marta Kostyuk,R,175.0,22.2,6-2 6-2,Seoul,75.0,Heather Watson,R,170.0,32.3,18.0,2445.0,183.0,390.0
1079,2190,Beatriz Haddad Maia,L,185.0,28.2,6-3 6-4,Seoul,106.0,Ajla Tomljanovic,R,180.0,31.3,17.0,2516.0,122.0,607.0
1080,2192,Veronika Kudermetova,R,175.0,27.3,6-4 6-2,Seoul,100.0,Liudmila Samsonova,R,180.0,25.8,44.0,1308.0,15.0,2720.0
1081,2197,Heather Watson,R,170.0,32.3,6-4 6-4,Seoul,96.0,Jia Jing Lu,R,173.0,34.8,183.0,390.0,274.0,247.0
1082,2198,Marta Kostyuk,R,175.0,22.2,6-3 6-1,Seoul,78.0,Arantxa Rus,L,180.0,33.7,18.0,2445.0,84.0,839.0
1083,2199,Ekaterina Alexandrova,R,175.0,29.8,7-5 3-6 6-0,Seoul,122.0,Varvara Lepchenko,L,180.0,38.3,31.0,1778.0,168.0,454.0
1084,2202,Amanda Anisimova,R,180.0,23.0,6-3 7-6(5),Seoul,99.0,Yulia Putintseva,R,163.0,29.6,46.0,1216.0,30.0,1841.0
1085,2203,Viktoriya Tomova,R,170.0,29.5,6-2 1-6 6-0,Seoul,96.0,Tatjana Maria,R,172.0,37.1,54.0,1031.0,82.0,846.0
1086,2204,Veronika Kudermetova,R,175.0,27.3,6-4 6-3,Seoul,86.0,Shuai Zhang,R,177.0,35.6,44.0,1308.0,601.0,70.0
1087,2206,Coco Gauff,R,175.0,20.5,4-6 6-4 6-2,Beijing,140.0,Paula Badosa,R,180.0,26.8,6.0,4983.0,19.0,2325.0
1088,2207,Karolina Muchova,R,178.0,28.0,7-6(5) 2-6 6-4,Beijing,166.0,Aryna Sabalenka,R,182.0,26.3,49.0,1126.0,2.0,8716.0
1089,2210,Paula Badosa,R,180.0,26.8,6-1 7-6(4),Beijing,83.0,Shuai Zhang,R,177.0,35.6,19.0,2325.0,595.0,71.0
1090,2211,Aryna Sabalenka,R,182.0,26.3,6-4 6-3,Beijing,65.0,Madison Keys,R,178.0,29.6,2.0,8716.0,24.0,2076.0
1091,2217,Shuai Zhang,R,177.0,35.6,6-4 6-2,Beijing,90.0,Magdalena Frech,R,171.0,26.7,595.0,71.0,31.0,1743.0
1092,2218,Paula Badosa,R,180.0,26.8,6-4 6-0,Beijing,64.0,Jessica Pegula,R,170.0,30.5,19.0,2325.0,3.0,6220.0
1093,2219,Aryna Sabalenka,R,182.0,26.3,6-2 6-2,Beijing,74.0,Ashlyn Krueger,R,185.0,20.3,2.0,8716.0,68.0,917.0
1094,2220,Madison Keys,R,178.0,29.6,6-3 6-3,Beijing,86.0,Beatriz Haddad Maia,L,185.0,28.3,24.0,2076.0,12.0,2981.0
1095,2222,Karolina Muchova,R,178.0,28.0,6-1 6-3,Beijing,76.0,Jaqueline Cristian,R,180.0,26.3,49.0,1126.0,80.0,844.0
1096,2223,Magda Linette,R,171.0,32.6,6-4 6-0,Beijing,86.0,Jasmine Paolini,R,160.0,28.7,45.0,1191.0,5.0,5348.0
1097,2225,Amanda Anisimova,R,180.0,23.0,7-6(1) 6-4,Beijing,105.0,Daria Kasatkina,R,170.0,27.3,43.0,1276.0,11.0,3020.0
1098,2230,Coco Gauff,R,175.0,20.5,7-5 6-2,Beijing,84.0,Katie Boulter,R,180.0,28.1,6.0,4983.0,34.0,1655.0
1099,2234,Jessica Pegula,R,170.0,30.5,6-7(9) 6-1 6-2,Beijing,159.0,Veronika Kudermetova,R,175.0,27.4,3.0,6220.0,39.0,1398.0
1100,2237,Madison Keys,R,178.0,29.6,6-2 6-1,Beijing,82.0,Sara Sorribes Tormo,R,176.0,27.9,24.0,2076.0,104.0,677.0
1101,2241,Karolina Muchova,R,178.0,28.0,6-3 6-1,Beijing,80.0,Yue Yuan,R,184.0,26.0,49.0,1126.0,41.0,1349.0
1102,2242,Jaqueline Cristian,R,180.0,26.3,1-6 6-4 7-5,Beijing,171.0,Barbora Krejcikova,R,178.0,28.7,80.0,844.0,10.0,3161.0
1103,2243,Jasmine Paolini,R,160.0,28.7,1-6 7-5 6-4,Beijing,128.0,Clara Tauson,R,182.0,21.7,5.0,5348.0,72.0,901.0
1104,2244,Magda Linette,R,171.0,32.6,6-4 4-6 6-3,Beijing,160.0,Moyuka Uchijima,R,171.0,23.1,45.0,1191.0,63.0,954.0
1105,2246,Donna Vekic,R,179.0,28.2,4-6 7-6(3) 6-4,Beijing,162.0,Viktorija Golubic,R,169.0,31.9,20.0,2243.0,96.0,705.0
1106,2247,Daria Kasatkina,R,170.0,27.3,6-1 6-2,Beijing,74.0,Jana Fett,R,168.0,27.8,11.0,3020.0,118.0,615.0
1107,2248,Amanda Anisimova,R,180.0,23.0,1-6 6-3 6-4,Beijing,117.0,Camila Osorio,R,162.0,22.7,43.0,1276.0,59.0,988.0
1108,2249,Nadia Podoroska,R,170.0,27.6,7-5 6-7(4) 6-2,Beijing,153.0,Dayana Yastremska,R,175.0,24.3,66.0,942.0,35.0,1603.0
1109,2256,Naomi Osaka,R,180.0,26.9,3-6 6-4 6-2,Beijing,106.0,Yulia Putintseva,R,163.0,29.7,73.0,894.0,32.0,1733.0
1110,2257,Katie Boulter,R,180.0,28.1,6-4 6-4,Beijing,94.0,Taylor Townsend,L,170.0,28.4,34.0,1655.0,52.0,1103.0
1111,2258,Coco Gauff,R,175.0,20.5,7-5 6-3,Beijing,100.0,Clara Burel,R,176.0,23.5,6.0,4983.0,56.0,1015.0
1112,2261,Magdalena Frech,R,171.0,26.7,6-4 5-7 6-4,Beijing,170.0,Alycia Parks,R,185.0,23.7,31.0,1743.0,128.0,568.0
1113,2263,Paula Badosa,R,180.0,26.8,6-3 6-2,Beijing,84.0,Viktoriya Tomova,R,170.0,29.5,19.0,2325.0,51.0,1107.0
1114,2265,Veronika Kudermetova,R,175.0,27.4,3-6 6-4 7-5,Beijing,162.0,Xin Yu Wang,R,182.0,22.9,39.0,1398.0,50.0,1123.0
1115,2266,Jessica Pegula,R,170.0,30.5,6-1 7-6(4),Beijing,93.0,Diane Parry,R,170.0,22.0,3.0,6220.0,53.0,1067.0
1116,2268,Ashlyn Krueger,R,185.0,20.3,3-6 6-4 6-2,Beijing,124.0,Yafan Wang,R,170.0,30.4,68.0,917.0,58.0,991.0
1117,2273,Karolina Muchova,R,178.0,28.0,6-1 6-1,Beijing,62.0,Anna Blinkova,R,179.0,26.0,49.0,1126.0,78.0,861.0
1118,2275,Clara Tauson,R,182.0,21.7,5-7 6-4 6-1,Beijing,173.0,Harriet Dart,R,175.0,28.1,72.0,901.0,76.0,881.0
1119,2280,Camila Osorio,R,162.0,22.7,1-6 6-3 6-3,Beijing,116.0,Ajla Tomljanovic,R,180.0,31.3,59.0,988.0,107.0,666.0
1120,2289,Taylor Townsend,L,170.0,28.4,6-2 4-6 6-3,Beijing,127.0,Martina Trevisan,L,160.0,30.8,52.0,1103.0,112.0,658.0
1121,2290,Clara Burel,R,176.0,23.5,6-3 5-7 6-3,Beijing,131.0,Tamara Korpatsch,R,170.0,29.3,56.0,1015.0,125.0,588.0
1122,2293,Alycia Parks,R,185.0,23.7,1-6 6-4 6-2,Beijing,116.0,Qiang Wang,R,172.0,32.6,128.0,568.0,403.0,149.0
1123,2294,Sofia Kenin,R,170.0,25.8,7-5 6-2,Beijing,85.0,Ana Bogdan,R,171.0,31.8,168.0,446.0,120.0,613.0
1124,2295,Viktoriya Tomova,R,170.0,29.5,6-3 6-3,Beijing,86.0,Lesia Tsurenko,R,174.0,35.3,51.0,1107.0,88.0,794.0
1125,2299,Coco Gauff,R,175.0,20.5,6-1 6-3,Beijing,77.0,Karolina Muchova,R,178.0,28.0,6.0,4983.0,49.0,1126.0
1126,2301,Aryna Sabalenka,R,182.0,26.4,1-6 6-4 6-4,Wuhan,146.0,Coco Gauff,R,175.0,20.5,2.0,8716.0,4.0,5593.0
1127,2303,Aryna Sabalenka,R,182.0,26.4,6-2 6-2,Wuhan,83.0,Magdalena Frech,R,171.0,26.8,2.0,8716.0,27.0,1853.0
1128,2304,Coco Gauff,R,175.0,20.5,6-0 6-4,Wuhan,84.0,Magda Linette,R,171.0,32.6,4.0,5593.0,45.0,1241.0
1129,2306,Xin Yu Wang,R,182.0,23.0,4-6 7-5 7-6(6),Wuhan,170.0,Ekaterina Alexandrova,R,175.0,29.8,51.0,1058.0,33.0,1693.0
1130,2307,Aryna Sabalenka,R,182.0,26.4,1-6 6-4 6-0,Wuhan,121.0,Yulia Putintseva,R,163.0,29.7,2.0,8716.0,35.0,1619.0
1131,2308,Magdalena Frech,R,171.0,26.8,6-3 6-2,Wuhan,100.0,Beatriz Haddad Maia,L,185.0,28.3,27.0,1853.0,12.0,3036.0
1132,2309,Coco Gauff,R,175.0,20.5,6-4 6-1,Wuhan,61.0,Marta Kostyuk,R,175.0,22.2,4.0,5593.0,17.0,2383.0
1133,2310,Magda Linette,R,171.0,32.6,6-2 6-3,Wuhan,72.0,Daria Kasatkina,R,170.0,27.4,45.0,1241.0,11.0,3075.0
1134,2314,Xin Yu Wang,R,182.0,23.0,6-3 7-5,Wuhan,93.0,Jessica Pegula,R,170.0,30.6,51.0,1058.0,3.0,5945.0
1135,2315,Aryna Sabalenka,R,182.0,26.4,6-4 6-4,Wuhan,94.0,Katerina Siniakova,R,174.0,28.4,2.0,8716.0,37.0,1474.0
1136,2316,Yulia Putintseva,R,163.0,29.7,6-4 3-6 6-4,Wuhan,149.0,Donna Vekic,R,179.0,28.2,35.0,1619.0,18.0,2298.0
1137,2317,Beatriz Haddad Maia,L,185.0,28.3,6-1 6-4,Wuhan,91.0,Veronika Kudermetova,R,175.0,27.4,12.0,3036.0,63.0,983.0
1138,2319,Coco Gauff,R,175.0,20.5,6-1 6-2,Wuhan,75.0,Viktoriya Tomova,R,170.0,29.6,4.0,5593.0,48.0,1092.0
1139,2322,Daria Kasatkina,R,170.0,27.4,6-4 1-6 6-1,Wuhan,101.0,Bernarda Pera,L,175.0,29.8,11.0,3075.0,95.0,750.0
1140,2326,Jasmine Paolini,R,160.0,28.7,6-4 6-3,Wuhan,94.0,Yue Yuan,R,184.0,26.0,6.0,5293.0,41.0,1349.0
1141,2328,Ekaterina Alexandrova,R,175.0,29.8,6-4 6-7(2) 6-1,Wuhan,158.0,Anna Kalinskaya,R,175.0,25.8,33.0,1693.0,13.0,2825.0
1142,2331,Katerina Siniakova,R,174.0,28.4,6-3 6-1,Wuhan,76.0,Alexandra Eala,L,173.0,19.3,37.0,1474.0,148.0,502.0
1143,2332,Yulia Putintseva,R,163.0,29.7,6-4 6-4,Wuhan,72.0,Shuai Zhang,R,177.0,35.7,35.0,1619.0,250.0,286.0
1144,2333,Donna Vekic,R,179.0,28.2,3-6 6-1 6-3,Wuhan,122.0,Elise Mertens,R,179.0,28.8,18.0,2298.0,30.0,1804.0
1145,2334,Beatriz Haddad Maia,L,185.0,28.3,7-6(7) 6-2,Wuhan,128.0,Madison Keys,R,178.0,29.6,12.0,3036.0,20.0,2196.0
1146,2335,Veronika Kudermetova,R,175.0,27.4,6-4 7-6(4),Wuhan,143.0,Marie Bouzkova,R,180.0,26.2,63.0,983.0,42.0,1320.0
1147,2337,Viktoriya Tomova,R,170.0,29.6,1-6 7-6(8) 7-5,Wuhan,154.0,Ashlyn Krueger,R,185.0,20.4,48.0,1092.0,65.0,972.0
1148,2340,Magda Linette,R,171.0,32.6,6-2 6-2,Wuhan,85.0,Liudmila Samsonova,R,180.0,25.9,45.0,1241.0,23.0,2080.0
1149,2341,Lesia Tsurenko,R,174.0,35.3,6-2 7-5,Wuhan,111.0,Katie Boulter,R,180.0,28.1,96.0,739.0,34.0,1625.0
1150,2342,Bernarda Pera,L,175.0,29.8,6-2 4-6 6-2,Wuhan,136.0,Irina Camelia Begu,R,181.0,34.1,95.0,750.0,100.0,718.0
1151,2343,Jaqueline Cristian,R,180.0,26.3,4-6 6-2 6-3,Wuhan,127.0,Camila Osorio,R,162.0,22.7,75.0,894.0,59.0,1010.0
1152,2348,Yue Yuan,R,184.0,26.0,1-6 6-4 6-2,Wuhan,122.0,Clara Burel,R,176.0,23.5,41.0,1349.0,55.0,1040.0
1153,2350,Ekaterina Alexandrova,R,175.0,29.8,6-1 4-6 6-4,Wuhan,123.0,Sofia Kenin,R,170.0,25.8,33.0,1693.0,162.0,471.0
1154,2353,Xin Yu Wang,R,182.0,23.0,6-4 6-0,Wuhan,79.0,Caroline Dolehide,R,178.0,26.0,51.0,1058.0,101.0,712.0
1155,2358,Paula Badosa,R,180.0,26.9,6-3 6-2,Ningbo,89.0,Beatriz Haddad Maia,L,185.0,28.3,14.0,2713.0,10.0,3146.0
1156,2359,Daria Kasatkina,R,170.0,27.4,6-4 1-6 7-6(6),Ningbo,161.0,Yulia Putintseva,R,163.0,29.7,11.0,3108.0,32.0,1738.0
1157,2361,Karolina Muchova,R,178.0,28.1,2-6 6-2 6-3,Ningbo,151.0,Anna Kalinskaya,R,175.0,25.8,29.0,1776.0,12.0,2880.0
1158,2362,Beatriz Haddad Maia,L,185.0,28.3,7-6(2) 7-5,Ningbo,146.0,Katie Boulter,R,180.0,28.2,10.0,3146.0,35.0,1625.0
1159,2364,Daria Kasatkina,R,170.0,27.4,1-6 6-3 6-2,Ningbo,125.0,Katerina Siniakova,R,174.0,28.4,11.0,3108.0,42.0,1304.0
1160,2368,Anna Kalinskaya,R,175.0,25.8,6-3 6-3,Ningbo,105.0,Yue Yuan,R,184.0,26.0,12.0,2880.0,46.0,1234.0
1161,2369,Karolina Muchova,R,178.0,28.1,6-2 6-1,Ningbo,77.0,Jaqueline Cristian,R,180.0,26.3,29.0,1776.0,73.0,902.0
1162,2370,Katie Boulter,R,180.0,28.2,6-3 6-2,Ningbo,73.0,Sara Errani,R,164.0,37.4,35.0,1625.0,90.0,795.0
1163,2373,Katerina Siniakova,R,174.0,28.4,6-2 6-4,Ningbo,79.0,Magda Linette,R,171.0,32.6,42.0,1304.0,40.0,1396.0
1164,2374,Yulia Putintseva,R,163.0,29.7,6-2 6-0,Ningbo,67.0,Caroline Dolehide,R,178.0,26.1,32.0,1738.0,100.0,712.0
1165,2379,Anna Kalinskaya,R,175.0,25.8,3-6 6-3 6-4,Ningbo,138.0,Priscilla Hon,R,171.0,26.4,12.0,2880.0,225.0,314.0
1166,2380,Yue Yuan,R,184.0,26.0,6-4 6-2,Ningbo,101.0,Ajla Tomljanovic,R,180.0,31.4,46.0,1234.0,85.0,811.0
1167,2388,Diane Parry,R,170.0,22.1,6-3 1-6 6-3,Osaka,137.0,Clara Tauson,R,182.0,21.8,52.0,1056.0,63.0,985.0
1168,2394,Ana Bogdan,R,171.0,31.8,6-0 7-6(5),Osaka,117.0,Marie Bouzkova,R,180.0,26.2,111.0,641.0,43.0,1270.0
1169,2396,Clara Tauson,R,182.0,21.8,6-3 6-2,Osaka,91.0,Harriet Dart,R,175.0,28.2,63.0,985.0,81.0,837.0
1170,2397,Eva Lys,R,165.0,22.7,6-2 6-3,Osaka,92.0,Camila Osorio,R,162.0,22.8,118.0,610.0,55.0,1022.0
1171,2402,Kimberly Birrell,R,170.0,26.4,6-2 6-3,Osaka,72.0,Saisai Zheng,R,170.0,30.6,150.0,495.0,1007.0,17.0
1172,2407,Ana Bogdan,R,171.0,31.8,6-2 6-2,Osaka,77.0,Veronika Kudermetova,R,175.0,27.4,111.0,641.0,67.0,938.0
1173,2408,Marie Bouzkova,R,180.0,26.2,7-6(6) 2-6 6-3,Osaka,165.0,Moyuka Uchijima,R,171.0,23.1,43.0,1270.0,59.0,995.0
1174,2411,Harriet Dart,R,175.0,28.2,3-6 7-5 7-5,Osaka,180.0,Laura Siegemund,R,168.0,36.6,81.0,837.0,89.0,796.0
1175,2416,Katerina Siniakova,R,174.0,28.4,6-4 7-5,Guangzhou,84.0,Bernarda Pera,L,175.0,29.8,48.0,1139.0,79.0,843.0
1176,2420,Katerina Siniakova,R,174.0,28.4,6-1 6-4,Guangzhou,78.0,Alycia Parks,R,185.0,23.8,48.0,1139.0,115.0,624.0
1177,2421,Bernarda Pera,L,175.0,29.8,6-2 6-2,Guangzhou,65.0,Shuai Zhang,R,177.0,35.7,79.0,843.0,237.0,297.0
1178,2427,Caroline Dolehide,R,178.0,26.1,6-7(3) 6-4 7-6(6),Guangzhou,198.0,Marie Bouzkova,R,180.0,26.2,101.0,712.0,47.0,1140.0
1179,2428,Katerina Siniakova,R,174.0,28.4,6-2 6-1,Guangzhou,63.0,Petra Martic,R,181.0,33.7,48.0,1139.0,121.0,592.0
1180,2430,Bernarda Pera,L,175.0,29.8,6-0 6-3,Guangzhou,60.0,Alexandra Eala,L,173.0,19.4,79.0,843.0,147.0,494.0
1181,2438,Jaqueline Cristian,R,180.0,26.3,6-4 2-6 6-1,Guangzhou,122.0,Viktorija Golubic,R,169.0,32.0,74.0,887.0,165.0,441.0
1182,2446,Sofia Kenin,R,170.0,25.9,6-4 6-4,Tokyo,89.0,Katie Boulter,R,180.0,28.2,155.0,480.0,33.0,1660.0
1183,2449,Sofia Kenin,R,170.0,25.9,6-3 6-4,Tokyo,78.0,Daria Kasatkina,R,170.0,27.4,155.0,480.0,9.0,3500.0
1184,2450,Katie Boulter,R,180.0,28.2,6-2 6-1,Tokyo,62.0,Bianca Andreescu,R,170.0,24.3,33.0,1660.0,159.0,455.0
1185,2455,Sofia Kenin,R,170.0,25.9,6-7(8) 6-4 7-6(6),Tokyo,171.0,Clara Tauson,R,182.0,21.8,155.0,480.0,53.0,1037.0
1186,2462,Viktoriya Tomova,R,170.0,29.6,7-6(3) 6-3,Tokyo,114.0,Veronika Kudermetova,R,175.0,27.4,49.0,1127.0,62.0,988.0
1187,2465,Sofia Kenin,R,170.0,25.9,6-1 6-4,Tokyo,78.0,Xin Yu Wang,R,182.0,23.0,155.0,480.0,39.0,1418.0
1188,2466,Clara Tauson,R,182.0,21.8,6-2 6-3,Tokyo,83.0,Nao Hibino,R,163.0,29.8,53.0,1037.0,156.0,468.0
1189,2468,Katie Boulter,R,180.0,28.2,6-1 6-4,Tokyo,76.0,Priscilla Hon,R,171.0,26.4,33.0,1660.0,217.0,325.0
1191,2472,Katie Boulter,R,180.0,28.2,6-2 5-7 6-2,Hong Kong,154.0,Yue Yuan,R,184.0,26.0,29.0,1828.0,45.0,1149.0
1192,2474,Leylah Fernandez,L,168.0,22.1,6-1 7-6(7),Hong Kong,91.0,Bernarda Pera,L,175.0,29.9,32.0,1672.0,81.0,872.0
1193,2475,Yue Yuan,R,184.0,26.0,6-3 6-3,Hong Kong,80.0,Sofia Kenin,R,170.0,25.9,45.0,1149.0,88.0,804.0
1194,2479,Leylah Fernandez,L,168.0,22.1,6-1 6-2,Hong Kong,80.0,Kimberly Birrell,R,170.0,26.4,32.0,1672.0,115.0,646.0
1195,2481,Yue Yuan,R,184.0,26.0,4-6 7-5 6-2,Hong Kong,159.0,Nao Hibino,R,163.0,29.9,45.0,1149.0,159.0,468.0
1196,2489,Leylah Fernandez,L,168.0,22.1,6-2 6-2,Hong Kong,84.0,Heather Watson,R,170.0,32.4,32.0,1672.0,139.0,545.0
1197,2490,Kimberly Birrell,R,170.0,26.4,6-3 6-4,Hong Kong,113.0,Ana Bogdan,R,171.0,31.9,115.0,646.0,112.0,653.0
1198,2493,Yue Yuan,R,184.0,26.0,6-3 6-3,Hong Kong,82.0,Simona Halep,R,168.0,33.0,45.0,1149.0,883.0,26.0
1199,2494,Nao Hibino,R,163.0,29.9,6-7(4) 6-3 7-5,Hong Kong,157.0,Jia Jing Lu,R,173.0,34.9,159.0,468.0,259.0,270.0
1201,2503,Viktorija Golubic,R,169.0,32.0,6-1 6-2,Jiujiang,77.0,Marie Bouzkova,R,180.0,26.2,168.0,441.0,49.0,1110.0
1202,2506,Viktorija Golubic,R,169.0,32.0,7-5 4-6 7-6(5),Jiujiang,204.0,Arantxa Rus,L,180.0,33.8,168.0,441.0,83.0,847.0
1203,2514,Laura Siegemund,R,168.0,36.6,6-4 6-4,Jiujiang,115.0,Tamara Korpatsch,R,170.0,29.4,101.0,754.0,200.0,359.0
1204,2517,Marie Bouzkova,R,180.0,26.2,7-5 7-6(4),Jiujiang,140.0,Alexandra Eala,L,173.0,19.4,49.0,1110.0,150.0,501.0
1205,2526,Saisai Zheng,R,170.0,30.7,6-4 2-6 6-4,Jiujiang,145.0,Jana Fett,R,168.0,27.9,988.0,19.0,105.0,685.0
1206,2528,Laura Siegemund,R,168.0,36.6,7-5 6-3,Jiujiang,104.0,Moyuka Uchijima,R,171.0,23.2,101.0,754.0,55.0,1040.0
1207,2538,Ann Li,R,170.0,24.3,6-1 6-1,Merida,62.0,Jil Teichmann,L,170.0,27.2,111.0,655.0,153.0,496.0
1208,2556,Ann Li,R,170.0,24.3,6-0 6-4,Merida,64.0,Nuria Parrizas Diaz,R,167.0,33.2,111.0,655.0,94.0,790.0
1209,2560,Nina Stojanovic,R,176.0,28.2,6-4 6-4,Merida,120.0,Tatjana Maria,R,172.0,37.2,560.0,83.0,98.0,781.0
1210,2562,Varvara Lepchenko,L,180.0,38.4,6-2 6-2,Merida,74.0,Tamara Zidansek,R,168.0,26.8,144.0,516.0,192.0,373.0
1211,2564,Aryna Sabalenka,R,182.0,26.5,6-3 7-5,Riyadh Finals,90.0,Jasmine Paolini,R,160.0,28.8,1.0,9016.0,4.0,5144.0
1212,2565,Elena Rybakina,R,184.0,25.3,6-4 3-6 6-1,Riyadh Finals,101.0,Aryna Sabalenka,R,182.0,26.5,5.0,4971.0,1.0,9016.0
1213,2567,Jasmine Paolini,R,160.0,28.8,7-6(5) 6-4,Riyadh Finals,104.0,Elena Rybakina,R,184.0,25.3,4.0,5144.0,5.0,4971.0
1214,2570,Coco Gauff,R,175.0,20.6,6-3 6-4,Riyadh Finals,108.0,Iga Swiatek,R,176.0,23.4,3.0,5230.0,2.0,7970.0
1215,2571,Iga Swiatek,R,176.0,23.4,6-1 6-0,Riyadh Finals,51.0,Daria Kasatkina,R,170.0,27.4,2.0,7970.0,9.0,3368.0
1216,2572,Iga Swiatek,R,176.0,23.4,4-6 7-5 6-2,Riyadh Finals,153.0,Barbora Krejcikova,R,178.0,28.8,2.0,7970.0,13.0,2814.0
1217,2573,Coco Gauff,R,175.0,20.6,6-3 6-2,Riyadh Finals,75.0,Jessica Pegula,R,170.0,30.6,3.0,5230.0,6.0,4705.0
1218,2574,Barbora Krejcikova,R,178.0,28.8,7-5 6-4,Riyadh Finals,102.0,Coco Gauff,R,175.0,20.6,13.0,2814.0,3.0,5230.0
1219,2575,Barbora Krejcikova,R,178.0,28.8,6-3 6-3,Riyadh Finals,69.0,Jessica Pegula,R,170.0,30.6,13.0,2814.0,6.0,4705.0
1220,2577,Coco Gauff,R,175.0,20.6,7-6(4) 6-3,Riyadh Finals,109.0,Aryna Sabalenka,R,182.0,26.5,3.0,5230.0,1.0,9016.0
1221,2579,Mayar Sherif,R,180.0,28.5,6-3 4-6 6-4,Buenos Aires 125,147.0,Katarzyna Kawa,R,178.0,32.0,100.0,757.0,296.0,221.0
1222,2586,Katarzyna Kawa,R,178.0,32.0,3-6 6-2 6-3,Buenos Aires 125,130.0,Panna Udvardy,R,170.0,26.1,296.0,221.0,159.0,460.0
1223,2591,Mayar Sherif,R,180.0,28.5,6-2 6-2,Buenos Aires 125,69.0,Kristina Mladenovic,R,184.0,31.5,100.0,757.0,206.0,352.0
1224,2594,Katarzyna Kawa,R,178.0,32.0,2-6 6-2 6-4,Buenos Aires 125,131.0,Varvara Lepchenko,L,180.0,38.5,296.0,221.0,143.0,542.0
1225,2642,Iga Swiatek,R,176.0,23.4,6-3 6-7(5) 6-1,BJK Cup Finals,158.0,Paula Badosa,R,180.0,26.9,2.0,8370.0,12.0,2908.0
1226,2646,Jasmine Paolini,R,160.0,28.8,6-3 6-4,BJK Cup Finals,76.0,Moyuka Uchijima,R,171.0,23.2,4.0,5344.0,56.0,1040.0
1227,2654,Iga Swiatek,R,176.0,23.4,3-6 6-4 6-4,BJK Cup Finals,158.0,Jasmine Paolini,R,160.0,28.8,2.0,8370.0,4.0,5344.0
